<?xml version="1.0" encoding="UTF-8"?>
<gpx version="1.1" creator="gpx-processor" xmlns="http://www.topografix.com/GPX/1/1">
  <metadata><name>Ultra Trail de Mont Blanc</name></metadata>
  <trk>
    <name>Ultra Trail de Mont Blanc</name>
    <trkseg>
      <trkpt lat="45.923670" lon="6.869095"><ele>1043.8</ele></trkpt>
      <trkpt lat="45.923624" lon="6.869336"><ele>1043.2</ele></trkpt>
      <trkpt lat="45.923381" lon="6.869759"><ele>1042.8</ele></trkpt>
      <trkpt lat="45.922928" lon="6.869589"><ele>1042.2</ele></trkpt>
      <trkpt lat="45.922907" lon="6.869182"><ele>1043.2</ele></trkpt>
      <trkpt lat="45.922718" lon="6.868894"><ele>1043.6</ele></trkpt>
      <trkpt lat="45.922524" lon="6.868862"><ele>1043.4</ele></trkpt>
      <trkpt lat="45.922034" lon="6.868036"><ele>1044.4</ele></trkpt>
      <trkpt lat="45.920780" lon="6.867184"><ele>1046.8</ele></trkpt>
      <trkpt lat="45.919887" lon="6.866247"><ele>1046.4</ele></trkpt>
      <trkpt lat="45.919251" lon="6.865557"><ele>1045.8</ele></trkpt>
      <trkpt lat="45.919170" lon="6.865287"><ele>1046.2</ele></trkpt>
      <trkpt lat="45.918108" lon="6.863811"><ele>1043.8</ele></trkpt>
      <trkpt lat="45.916978" lon="6.860083"><ele>1042.2</ele></trkpt>
      <trkpt lat="45.916349" lon="6.857367"><ele>1041.0</ele></trkpt>
      <trkpt lat="45.916155" lon="6.856146"><ele>1040.0</ele></trkpt>
      <trkpt lat="45.916115" lon="6.855847"><ele>1039.6</ele></trkpt>
      <trkpt lat="45.916217" lon="6.853844"><ele>1037.0</ele></trkpt>
      <trkpt lat="45.916053" lon="6.852657"><ele>1035.4</ele></trkpt>
      <trkpt lat="45.916127" lon="6.851049"><ele>1033.4</ele></trkpt>
      <trkpt lat="45.916058" lon="6.850474"><ele>1032.4</ele></trkpt>
      <trkpt lat="45.915914" lon="6.849866"><ele>1031.6</ele></trkpt>
      <trkpt lat="45.915438" lon="6.848800"><ele>1030.2</ele></trkpt>
      <trkpt lat="45.915230" lon="6.848525"><ele>1031.2</ele></trkpt>
      <trkpt lat="45.915220" lon="6.848244"><ele>1031.8</ele></trkpt>
      <trkpt lat="45.914964" lon="6.847679"><ele>1031.6</ele></trkpt>
      <trkpt lat="45.914826" lon="6.846795"><ele>1028.6</ele></trkpt>
      <trkpt lat="45.914708" lon="6.846592"><ele>1028.6</ele></trkpt>
      <trkpt lat="45.913378" lon="6.845796"><ele>1031.2</ele></trkpt>
      <trkpt lat="45.912779" lon="6.845713"><ele>1028.2</ele></trkpt>
      <trkpt lat="45.912734" lon="6.845627"><ele>1027.8</ele></trkpt>
      <trkpt lat="45.911917" lon="6.845427"><ele>1025.2</ele></trkpt>
      <trkpt lat="45.910700" lon="6.844030"><ele>1030.8</ele></trkpt>
      <trkpt lat="45.910036" lon="6.842790"><ele>1030.6</ele></trkpt>
      <trkpt lat="45.909711" lon="6.842413"><ele>1029.8</ele></trkpt>
      <trkpt lat="45.909179" lon="6.841365"><ele>1029.4</ele></trkpt>
      <trkpt lat="45.909082" lon="6.840588"><ele>1031.0</ele></trkpt>
      <trkpt lat="45.908816" lon="6.840107"><ele>1029.2</ele></trkpt>
      <trkpt lat="45.908819" lon="6.839580"><ele>1027.2</ele></trkpt>
      <trkpt lat="45.908680" lon="6.838936"><ele>1025.0</ele></trkpt>
      <trkpt lat="45.908440" lon="6.838496"><ele>1024.0</ele></trkpt>
      <trkpt lat="45.908004" lon="6.838075"><ele>1018.0</ele></trkpt>
      <trkpt lat="45.907703" lon="6.837448"><ele>1012.4</ele></trkpt>
      <trkpt lat="45.907686" lon="6.837181"><ele>1011.2</ele></trkpt>
      <trkpt lat="45.907865" lon="6.836142"><ele>1012.2</ele></trkpt>
      <trkpt lat="45.907690" lon="6.835718"><ele>1011.6</ele></trkpt>
      <trkpt lat="45.907285" lon="6.835440"><ele>1010.2</ele></trkpt>
      <trkpt lat="45.907059" lon="6.835090"><ele>1009.4</ele></trkpt>
      <trkpt lat="45.906665" lon="6.834780"><ele>1010.4</ele></trkpt>
      <trkpt lat="45.906577" lon="6.834439"><ele>1011.0</ele></trkpt>
      <trkpt lat="45.906603" lon="6.833618"><ele>1018.2</ele></trkpt>
      <trkpt lat="45.906525" lon="6.833458"><ele>1020.2</ele></trkpt>
      <trkpt lat="45.906089" lon="6.833011"><ele>1021.4</ele></trkpt>
      <trkpt lat="45.905774" lon="6.833003"><ele>1016.0</ele></trkpt>
      <trkpt lat="45.905774" lon="6.832876"><ele>1013.8</ele></trkpt>
      <trkpt lat="45.905586" lon="6.832912"><ele>1009.6</ele></trkpt>
      <trkpt lat="45.905504" lon="6.832811"><ele>1007.4</ele></trkpt>
      <trkpt lat="45.905362" lon="6.832871"><ele>1002.4</ele></trkpt>
      <trkpt lat="45.904077" lon="6.834259"><ele>1005.0</ele></trkpt>
      <trkpt lat="45.904002" lon="6.834699"><ele>1006.6</ele></trkpt>
      <trkpt lat="45.903347" lon="6.835480"><ele>1012.6</ele></trkpt>
      <trkpt lat="45.903071" lon="6.835989"><ele>1014.4</ele></trkpt>
      <trkpt lat="45.902491" lon="6.836317"><ele>1019.2</ele></trkpt>
      <trkpt lat="45.902424" lon="6.836158"><ele>1020.0</ele></trkpt>
      <trkpt lat="45.902469" lon="6.835705"><ele>1018.8</ele></trkpt>
      <trkpt lat="45.902396" lon="6.834700"><ele>1017.6</ele></trkpt>
      <trkpt lat="45.900542" lon="6.831272"><ele>1025.6</ele></trkpt>
      <trkpt lat="45.898375" lon="6.829441"><ele>1031.4</ele></trkpt>
      <trkpt lat="45.898088" lon="6.829556"><ele>1034.6</ele></trkpt>
      <trkpt lat="45.897451" lon="6.829012"><ele>1036.0</ele></trkpt>
      <trkpt lat="45.897279" lon="6.829006"><ele>1038.2</ele></trkpt>
      <trkpt lat="45.897116" lon="6.828250"><ele>1035.6</ele></trkpt>
      <trkpt lat="45.896092" lon="6.826610"><ele>1031.8</ele></trkpt>
      <trkpt lat="45.895821" lon="6.825260"><ele>1027.2</ele></trkpt>
      <trkpt lat="45.895778" lon="6.822709"><ele>1022.2</ele></trkpt>
      <trkpt lat="45.895523" lon="6.821650"><ele>1023.2</ele></trkpt>
      <trkpt lat="45.895233" lon="6.821624"><ele>1025.8</ele></trkpt>
      <trkpt lat="45.894796" lon="6.821752"><ele>1032.2</ele></trkpt>
      <trkpt lat="45.893931" lon="6.822242"><ele>1044.4</ele></trkpt>
      <trkpt lat="45.893462" lon="6.822323"><ele>1051.4</ele></trkpt>
      <trkpt lat="45.892890" lon="6.821922"><ele>1061.2</ele></trkpt>
      <trkpt lat="45.892795" lon="6.821516"><ele>1064.6</ele></trkpt>
      <trkpt lat="45.892298" lon="6.820732"><ele>1073.4</ele></trkpt>
      <trkpt lat="45.892135" lon="6.820588"><ele>1076.6</ele></trkpt>
      <trkpt lat="45.891806" lon="6.820515"><ele>1081.2</ele></trkpt>
      <trkpt lat="45.891518" lon="6.820145"><ele>1087.4</ele></trkpt>
      <trkpt lat="45.890985" lon="6.820317"><ele>1097.4</ele></trkpt>
      <trkpt lat="45.890591" lon="6.820188"><ele>1105.4</ele></trkpt>
      <trkpt lat="45.890467" lon="6.820259"><ele>1106.0</ele></trkpt>
      <trkpt lat="45.890411" lon="6.820002"><ele>1107.2</ele></trkpt>
      <trkpt lat="45.890151" lon="6.819856"><ele>1111.6</ele></trkpt>
      <trkpt lat="45.889979" lon="6.819078"><ele>1115.2</ele></trkpt>
      <trkpt lat="45.889625" lon="6.819014"><ele>1121.6</ele></trkpt>
      <trkpt lat="45.889408" lon="6.818708"><ele>1124.2</ele></trkpt>
      <trkpt lat="45.889329" lon="6.818389"><ele>1124.2</ele></trkpt>
      <trkpt lat="45.889116" lon="6.818010"><ele>1124.8</ele></trkpt>
      <trkpt lat="45.888996" lon="6.817475"><ele>1123.8</ele></trkpt>
      <trkpt lat="45.888747" lon="6.817038"><ele>1123.6</ele></trkpt>
      <trkpt lat="45.887499" lon="6.815985"><ele>1126.4</ele></trkpt>
      <trkpt lat="45.887469" lon="6.815793"><ele>1127.0</ele></trkpt>
      <trkpt lat="45.887689" lon="6.815196"><ele>1130.2</ele></trkpt>
      <trkpt lat="45.887599" lon="6.813968"><ele>1129.4</ele></trkpt>
      <trkpt lat="45.887046" lon="6.813210"><ele>1144.4</ele></trkpt>
      <trkpt lat="45.885884" lon="6.812369"><ele>1172.0</ele></trkpt>
      <trkpt lat="45.885676" lon="6.811940"><ele>1178.6</ele></trkpt>
      <trkpt lat="45.885359" lon="6.811612"><ele>1186.8</ele></trkpt>
      <trkpt lat="45.884933" lon="6.810546"><ele>1201.2</ele></trkpt>
      <trkpt lat="45.884981" lon="6.809856"><ele>1196.4</ele></trkpt>
      <trkpt lat="45.884898" lon="6.809373"><ele>1195.4</ele></trkpt>
      <trkpt lat="45.884952" lon="6.809119"><ele>1194.2</ele></trkpt>
      <trkpt lat="45.885692" lon="6.809170"><ele>1178.2</ele></trkpt>
      <trkpt lat="45.886230" lon="6.808930"><ele>1168.2</ele></trkpt>
      <trkpt lat="45.886859" lon="6.808410"><ele>1153.8</ele></trkpt>
      <trkpt lat="45.887431" lon="6.807660"><ele>1137.4</ele></trkpt>
      <trkpt lat="45.888061" lon="6.806354"><ele>1118.2</ele></trkpt>
      <trkpt lat="45.889460" lon="6.804114"><ele>1076.4</ele></trkpt>
      <trkpt lat="45.889711" lon="6.803338"><ele>1064.8</ele></trkpt>
      <trkpt lat="45.890490" lon="6.802680"><ele>1050.2</ele></trkpt>
      <trkpt lat="45.890959" lon="6.801958"><ele>1038.8</ele></trkpt>
      <trkpt lat="45.891464" lon="6.800379"><ele>1020.2</ele></trkpt>
      <trkpt lat="45.891782" lon="6.799851"><ele>1011.6</ele></trkpt>
      <trkpt lat="45.892128" lon="6.799533"><ele>1006.6</ele></trkpt>
      <trkpt lat="45.891715" lon="6.799067"><ele>1006.2</ele></trkpt>
      <trkpt lat="45.890707" lon="6.798738"><ele>1009.2</ele></trkpt>
      <trkpt lat="45.890275" lon="6.798437"><ele>1009.8</ele></trkpt>
      <trkpt lat="45.889603" lon="6.797720"><ele>1009.8</ele></trkpt>
      <trkpt lat="45.889364" lon="6.797194"><ele>1009.6</ele></trkpt>
      <trkpt lat="45.889198" lon="6.795329"><ele>1013.0</ele></trkpt>
      <trkpt lat="45.889357" lon="6.793814"><ele>1009.8</ele></trkpt>
      <trkpt lat="45.889216" lon="6.792310"><ele>1004.8</ele></trkpt>
      <trkpt lat="45.889312" lon="6.790968"><ele>1003.2</ele></trkpt>
      <trkpt lat="45.889699" lon="6.789532"><ele>997.4</ele></trkpt>
      <trkpt lat="45.889651" lon="6.789347"><ele>996.8</ele></trkpt>
      <trkpt lat="45.889304" lon="6.789145"><ele>999.0</ele></trkpt>
      <trkpt lat="45.889123" lon="6.789310"><ele>999.8</ele></trkpt>
      <trkpt lat="45.889090" lon="6.789001"><ele>1001.6</ele></trkpt>
      <trkpt lat="45.889199" lon="6.788296"><ele>1006.0</ele></trkpt>
      <trkpt lat="45.889638" lon="6.787547"><ele>1010.8</ele></trkpt>
      <trkpt lat="45.889445" lon="6.787224"><ele>1015.2</ele></trkpt>
      <trkpt lat="45.888822" lon="6.786858"><ele>1027.8</ele></trkpt>
      <trkpt lat="45.888142" lon="6.786015"><ele>1050.8</ele></trkpt>
      <trkpt lat="45.888273" lon="6.785760"><ele>1056.2</ele></trkpt>
      <trkpt lat="45.888763" lon="6.785717"><ele>1066.8</ele></trkpt>
      <trkpt lat="45.888936" lon="6.785532"><ele>1071.2</ele></trkpt>
      <trkpt lat="45.888874" lon="6.785379"><ele>1073.4</ele></trkpt>
      <trkpt lat="45.888622" lon="6.785391"><ele>1078.0</ele></trkpt>
      <trkpt lat="45.888542" lon="6.785242"><ele>1080.8</ele></trkpt>
      <trkpt lat="45.888776" lon="6.784788"><ele>1089.0</ele></trkpt>
      <trkpt lat="45.889104" lon="6.784609"><ele>1096.2</ele></trkpt>
      <trkpt lat="45.889175" lon="6.784327"><ele>1101.2</ele></trkpt>
      <trkpt lat="45.889142" lon="6.784242"><ele>1103.4</ele></trkpt>
      <trkpt lat="45.888939" lon="6.784394"><ele>1109.2</ele></trkpt>
      <trkpt lat="45.888643" lon="6.784417"><ele>1113.8</ele></trkpt>
      <trkpt lat="45.888882" lon="6.784104"><ele>1120.6</ele></trkpt>
      <trkpt lat="45.888913" lon="6.783603"><ele>1127.0</ele></trkpt>
      <trkpt lat="45.889092" lon="6.783293"><ele>1131.4</ele></trkpt>
      <trkpt lat="45.888948" lon="6.783137"><ele>1134.8</ele></trkpt>
      <trkpt lat="45.888791" lon="6.783260"><ele>1138.2</ele></trkpt>
      <trkpt lat="45.888668" lon="6.783127"><ele>1140.6</ele></trkpt>
      <trkpt lat="45.888851" lon="6.782519"><ele>1148.2</ele></trkpt>
      <trkpt lat="45.889154" lon="6.781909"><ele>1156.0</ele></trkpt>
      <trkpt lat="45.888756" lon="6.781176"><ele>1159.8</ele></trkpt>
      <trkpt lat="45.888785" lon="6.780921"><ele>1160.2</ele></trkpt>
      <trkpt lat="45.888997" lon="6.780485"><ele>1162.4</ele></trkpt>
      <trkpt lat="45.888992" lon="6.780300"><ele>1162.2</ele></trkpt>
      <trkpt lat="45.888871" lon="6.780077"><ele>1163.8</ele></trkpt>
      <trkpt lat="45.888905" lon="6.779966"><ele>1164.6</ele></trkpt>
      <trkpt lat="45.889444" lon="6.779898"><ele>1169.6</ele></trkpt>
      <trkpt lat="45.889699" lon="6.779682"><ele>1172.2</ele></trkpt>
      <trkpt lat="45.889954" lon="6.778527"><ele>1177.6</ele></trkpt>
      <trkpt lat="45.889873" lon="6.778357"><ele>1178.8</ele></trkpt>
      <trkpt lat="45.889783" lon="6.778352"><ele>1179.8</ele></trkpt>
      <trkpt lat="45.889220" lon="6.778912"><ele>1185.4</ele></trkpt>
      <trkpt lat="45.888957" lon="6.778434"><ele>1192.2</ele></trkpt>
      <trkpt lat="45.889247" lon="6.777947"><ele>1199.0</ele></trkpt>
      <trkpt lat="45.889150" lon="6.778052"><ele>1200.4</ele></trkpt>
      <trkpt lat="45.889015" lon="6.777915"><ele>1203.4</ele></trkpt>
      <trkpt lat="45.888859" lon="6.778008"><ele>1204.8</ele></trkpt>
      <trkpt lat="45.888438" lon="6.777830"><ele>1213.4</ele></trkpt>
      <trkpt lat="45.888416" lon="6.777675"><ele>1215.2</ele></trkpt>
      <trkpt lat="45.888542" lon="6.777282"><ele>1218.8</ele></trkpt>
      <trkpt lat="45.888451" lon="6.777108"><ele>1221.4</ele></trkpt>
      <trkpt lat="45.888285" lon="6.777034"><ele>1223.6</ele></trkpt>
      <trkpt lat="45.887835" lon="6.777228"><ele>1226.8</ele></trkpt>
      <trkpt lat="45.887715" lon="6.777108"><ele>1228.0</ele></trkpt>
      <trkpt lat="45.887750" lon="6.776893"><ele>1230.4</ele></trkpt>
      <trkpt lat="45.888048" lon="6.776671"><ele>1231.6</ele></trkpt>
      <trkpt lat="45.888177" lon="6.776461"><ele>1231.4</ele></trkpt>
      <trkpt lat="45.888170" lon="6.776164"><ele>1231.6</ele></trkpt>
      <trkpt lat="45.887898" lon="6.775703"><ele>1238.2</ele></trkpt>
      <trkpt lat="45.887852" lon="6.775406"><ele>1241.8</ele></trkpt>
      <trkpt lat="45.887877" lon="6.775035"><ele>1246.8</ele></trkpt>
      <trkpt lat="45.888092" lon="6.774557"><ele>1255.2</ele></trkpt>
      <trkpt lat="45.887986" lon="6.774260"><ele>1260.6</ele></trkpt>
      <trkpt lat="45.887602" lon="6.774200"><ele>1269.8</ele></trkpt>
      <trkpt lat="45.886684" lon="6.774376"><ele>1294.0</ele></trkpt>
      <trkpt lat="45.886571" lon="6.774232"><ele>1298.6</ele></trkpt>
      <trkpt lat="45.886550" lon="6.774027"><ele>1304.2</ele></trkpt>
      <trkpt lat="45.886962" lon="6.773609"><ele>1322.0</ele></trkpt>
      <trkpt lat="45.886336" lon="6.773044"><ele>1338.0</ele></trkpt>
      <trkpt lat="45.886247" lon="6.772741"><ele>1339.6</ele></trkpt>
      <trkpt lat="45.885984" lon="6.772436"><ele>1344.4</ele></trkpt>
      <trkpt lat="45.885994" lon="6.771737"><ele>1351.6</ele></trkpt>
      <trkpt lat="45.885742" lon="6.771288"><ele>1356.8</ele></trkpt>
      <trkpt lat="45.885796" lon="6.771141"><ele>1359.0</ele></trkpt>
      <trkpt lat="45.886494" lon="6.771010"><ele>1370.2</ele></trkpt>
      <trkpt lat="45.886726" lon="6.771096"><ele>1375.6</ele></trkpt>
      <trkpt lat="45.886863" lon="6.770989"><ele>1377.8</ele></trkpt>
      <trkpt lat="45.886735" lon="6.770432"><ele>1388.8</ele></trkpt>
      <trkpt lat="45.886854" lon="6.770166"><ele>1395.8</ele></trkpt>
      <trkpt lat="45.886670" lon="6.769955"><ele>1403.2</ele></trkpt>
      <trkpt lat="45.886902" lon="6.769314"><ele>1419.2</ele></trkpt>
      <trkpt lat="45.886602" lon="6.769023"><ele>1427.4</ele></trkpt>
      <trkpt lat="45.886589" lon="6.767800"><ele>1452.0</ele></trkpt>
      <trkpt lat="45.886482" lon="6.767448"><ele>1459.0</ele></trkpt>
      <trkpt lat="45.886515" lon="6.767092"><ele>1467.8</ele></trkpt>
      <trkpt lat="45.886700" lon="6.767058"><ele>1473.8</ele></trkpt>
      <trkpt lat="45.886654" lon="6.766328"><ele>1484.2</ele></trkpt>
      <trkpt lat="45.886343" lon="6.765646"><ele>1496.8</ele></trkpt>
      <trkpt lat="45.885733" lon="6.764874"><ele>1514.4</ele></trkpt>
      <trkpt lat="45.885514" lon="6.764751"><ele>1521.4</ele></trkpt>
      <trkpt lat="45.885084" lon="6.764026"><ele>1540.8</ele></trkpt>
      <trkpt lat="45.884184" lon="6.763726"><ele>1562.4</ele></trkpt>
      <trkpt lat="45.884153" lon="6.763434"><ele>1567.0</ele></trkpt>
      <trkpt lat="45.884049" lon="6.763251"><ele>1571.4</ele></trkpt>
      <trkpt lat="45.884136" lon="6.762746"><ele>1578.4</ele></trkpt>
      <trkpt lat="45.883981" lon="6.762234"><ele>1580.4</ele></trkpt>
      <trkpt lat="45.883938" lon="6.761778"><ele>1581.0</ele></trkpt>
      <trkpt lat="45.883730" lon="6.761340"><ele>1582.8</ele></trkpt>
      <trkpt lat="45.883309" lon="6.761038"><ele>1592.8</ele></trkpt>
      <trkpt lat="45.882507" lon="6.760864"><ele>1604.8</ele></trkpt>
      <trkpt lat="45.881593" lon="6.760020"><ele>1614.8</ele></trkpt>
      <trkpt lat="45.881276" lon="6.760161"><ele>1618.2</ele></trkpt>
      <trkpt lat="45.881065" lon="6.760643"><ele>1629.2</ele></trkpt>
      <trkpt lat="45.880903" lon="6.760823"><ele>1633.0</ele></trkpt>
      <trkpt lat="45.880153" lon="6.761146"><ele>1642.4</ele></trkpt>
      <trkpt lat="45.879418" lon="6.760881"><ele>1658.2</ele></trkpt>
      <trkpt lat="45.879376" lon="6.760677"><ele>1660.8</ele></trkpt>
      <trkpt lat="45.879615" lon="6.760426"><ele>1667.6</ele></trkpt>
      <trkpt lat="45.879326" lon="6.760170"><ele>1673.8</ele></trkpt>
      <trkpt lat="45.878228" lon="6.760005"><ele>1676.6</ele></trkpt>
      <trkpt lat="45.877415" lon="6.760255"><ele>1669.2</ele></trkpt>
      <trkpt lat="45.877256" lon="6.760147"><ele>1669.0</ele></trkpt>
      <trkpt lat="45.877416" lon="6.759862"><ele>1673.0</ele></trkpt>
      <trkpt lat="45.877677" lon="6.759632"><ele>1677.6</ele></trkpt>
      <trkpt lat="45.878359" lon="6.759413"><ele>1691.4</ele></trkpt>
      <trkpt lat="45.878890" lon="6.759368"><ele>1699.4</ele></trkpt>
      <trkpt lat="45.879214" lon="6.759094"><ele>1704.0</ele></trkpt>
      <trkpt lat="45.879576" lon="6.758458"><ele>1713.4</ele></trkpt>
      <trkpt lat="45.879385" lon="6.758235"><ele>1718.6</ele></trkpt>
      <trkpt lat="45.879358" lon="6.757961"><ele>1722.0</ele></trkpt>
      <trkpt lat="45.879850" lon="6.757158"><ele>1735.6</ele></trkpt>
      <trkpt lat="45.879264" lon="6.756978"><ele>1745.2</ele></trkpt>
      <trkpt lat="45.879133" lon="6.756647"><ele>1749.6</ele></trkpt>
      <trkpt lat="45.879281" lon="6.756047"><ele>1757.4</ele></trkpt>
      <trkpt lat="45.878720" lon="6.755099"><ele>1768.4</ele></trkpt>
      <trkpt lat="45.878346" lon="6.754707"><ele>1772.8</ele></trkpt>
      <trkpt lat="45.878263" lon="6.754507"><ele>1774.4</ele></trkpt>
      <trkpt lat="45.878099" lon="6.753852"><ele>1778.0</ele></trkpt>
      <trkpt lat="45.878086" lon="6.753321"><ele>1781.0</ele></trkpt>
      <trkpt lat="45.877958" lon="6.752910"><ele>1783.8</ele></trkpt>
      <trkpt lat="45.878004" lon="6.752360"><ele>1786.8</ele></trkpt>
      <trkpt lat="45.877944" lon="6.751212"><ele>1795.0</ele></trkpt>
      <trkpt lat="45.877801" lon="6.750819"><ele>1796.8</ele></trkpt>
      <trkpt lat="45.877611" lon="6.749401"><ele>1802.0</ele></trkpt>
      <trkpt lat="45.877130" lon="6.747546"><ele>1801.6</ele></trkpt>
      <trkpt lat="45.876964" lon="6.747269"><ele>1804.2</ele></trkpt>
      <trkpt lat="45.876896" lon="6.746899"><ele>1807.4</ele></trkpt>
      <trkpt lat="45.876605" lon="6.746350"><ele>1810.2</ele></trkpt>
      <trkpt lat="45.876234" lon="6.745949"><ele>1811.2</ele></trkpt>
      <trkpt lat="45.876106" lon="6.745673"><ele>1811.8</ele></trkpt>
      <trkpt lat="45.876056" lon="6.744953"><ele>1810.6</ele></trkpt>
      <trkpt lat="45.875717" lon="6.744194"><ele>1810.6</ele></trkpt>
      <trkpt lat="45.875721" lon="6.743346"><ele>1810.2</ele></trkpt>
      <trkpt lat="45.876024" lon="6.742712"><ele>1811.6</ele></trkpt>
      <trkpt lat="45.876544" lon="6.742342"><ele>1810.2</ele></trkpt>
      <trkpt lat="45.877011" lon="6.742205"><ele>1812.6</ele></trkpt>
      <trkpt lat="45.877224" lon="6.741835"><ele>1811.6</ele></trkpt>
      <trkpt lat="45.877375" lon="6.741726"><ele>1813.4</ele></trkpt>
      <trkpt lat="45.878404" lon="6.741720"><ele>1809.8</ele></trkpt>
      <trkpt lat="45.879597" lon="6.741525"><ele>1803.6</ele></trkpt>
      <trkpt lat="45.880157" lon="6.741191"><ele>1794.8</ele></trkpt>
      <trkpt lat="45.880512" lon="6.741140"><ele>1788.2</ele></trkpt>
      <trkpt lat="45.881336" lon="6.740442"><ele>1761.6</ele></trkpt>
      <trkpt lat="45.881278" lon="6.740132"><ele>1754.8</ele></trkpt>
      <trkpt lat="45.880707" lon="6.739611"><ele>1735.2</ele></trkpt>
      <trkpt lat="45.880551" lon="6.739291"><ele>1725.4</ele></trkpt>
      <trkpt lat="45.880112" lon="6.738743"><ele>1704.0</ele></trkpt>
      <trkpt lat="45.879726" lon="6.738770"><ele>1688.4</ele></trkpt>
      <trkpt lat="45.879342" lon="6.738397"><ele>1672.8</ele></trkpt>
      <trkpt lat="45.879095" lon="6.738301"><ele>1667.0</ele></trkpt>
      <trkpt lat="45.878506" lon="6.738456"><ele>1654.0</ele></trkpt>
      <trkpt lat="45.878145" lon="6.738429"><ele>1645.2</ele></trkpt>
      <trkpt lat="45.877958" lon="6.738347"><ele>1640.4</ele></trkpt>
      <trkpt lat="45.877885" lon="6.738101"><ele>1634.8</ele></trkpt>
      <trkpt lat="45.878328" lon="6.737023"><ele>1611.0</ele></trkpt>
      <trkpt lat="45.879168" lon="6.735486"><ele>1580.4</ele></trkpt>
      <trkpt lat="45.880102" lon="6.734773"><ele>1554.4</ele></trkpt>
      <trkpt lat="45.880520" lon="6.734722"><ele>1546.0</ele></trkpt>
      <trkpt lat="45.880761" lon="6.734483"><ele>1535.4</ele></trkpt>
      <trkpt lat="45.880957" lon="6.734430"><ele>1526.0</ele></trkpt>
      <trkpt lat="45.881054" lon="6.734257"><ele>1521.4</ele></trkpt>
      <trkpt lat="45.881099" lon="6.733525"><ele>1504.8</ele></trkpt>
      <trkpt lat="45.881243" lon="6.733213"><ele>1500.2</ele></trkpt>
      <trkpt lat="45.881733" lon="6.732898"><ele>1502.0</ele></trkpt>
      <trkpt lat="45.882083" lon="6.732539"><ele>1502.6</ele></trkpt>
      <trkpt lat="45.882412" lon="6.732422"><ele>1502.0</ele></trkpt>
      <trkpt lat="45.882741" lon="6.732103"><ele>1500.0</ele></trkpt>
      <trkpt lat="45.883352" lon="6.731773"><ele>1493.0</ele></trkpt>
      <trkpt lat="45.883617" lon="6.731383"><ele>1487.8</ele></trkpt>
      <trkpt lat="45.883368" lon="6.731323"><ele>1481.6</ele></trkpt>
      <trkpt lat="45.883292" lon="6.731055"><ele>1474.8</ele></trkpt>
      <trkpt lat="45.882869" lon="6.730918"><ele>1464.8</ele></trkpt>
      <trkpt lat="45.882894" lon="6.730440"><ele>1458.8</ele></trkpt>
      <trkpt lat="45.882681" lon="6.730419"><ele>1454.0</ele></trkpt>
      <trkpt lat="45.882392" lon="6.730178"><ele>1442.6</ele></trkpt>
      <trkpt lat="45.881828" lon="6.730133"><ele>1424.0</ele></trkpt>
      <trkpt lat="45.881331" lon="6.729650"><ele>1407.6</ele></trkpt>
      <trkpt lat="45.880709" lon="6.729347"><ele>1388.8</ele></trkpt>
      <trkpt lat="45.880511" lon="6.729349"><ele>1386.4</ele></trkpt>
      <trkpt lat="45.880142" lon="6.729765"><ele>1376.6</ele></trkpt>
      <trkpt lat="45.879883" lon="6.729702"><ele>1373.2</ele></trkpt>
      <trkpt lat="45.879512" lon="6.729415"><ele>1368.8</ele></trkpt>
      <trkpt lat="45.879062" lon="6.729316"><ele>1355.2</ele></trkpt>
      <trkpt lat="45.877921" lon="6.729240"><ele>1316.8</ele></trkpt>
      <trkpt lat="45.877699" lon="6.729302"><ele>1311.6</ele></trkpt>
      <trkpt lat="45.877537" lon="6.729198"><ele>1307.4</ele></trkpt>
      <trkpt lat="45.877123" lon="6.729294"><ele>1303.8</ele></trkpt>
      <trkpt lat="45.877510" lon="6.728936"><ele>1301.4</ele></trkpt>
      <trkpt lat="45.878237" lon="6.728613"><ele>1299.2</ele></trkpt>
      <trkpt lat="45.878589" lon="6.728273"><ele>1298.0</ele></trkpt>
      <trkpt lat="45.879118" lon="6.728138"><ele>1297.0</ele></trkpt>
      <trkpt lat="45.879586" lon="6.727790"><ele>1298.8</ele></trkpt>
      <trkpt lat="45.880005" lon="6.727322"><ele>1296.8</ele></trkpt>
      <trkpt lat="45.880202" lon="6.726690"><ele>1287.8</ele></trkpt>
      <trkpt lat="45.881101" lon="6.725955"><ele>1267.8</ele></trkpt>
      <trkpt lat="45.881141" lon="6.725820"><ele>1266.0</ele></trkpt>
      <trkpt lat="45.880427" lon="6.725974"><ele>1252.8</ele></trkpt>
      <trkpt lat="45.880340" lon="6.725932"><ele>1250.8</ele></trkpt>
      <trkpt lat="45.880360" lon="6.725823"><ele>1247.8</ele></trkpt>
      <trkpt lat="45.880751" lon="6.725595"><ele>1239.4</ele></trkpt>
      <trkpt lat="45.880925" lon="6.725228"><ele>1233.2</ele></trkpt>
      <trkpt lat="45.881244" lon="6.725018"><ele>1228.4</ele></trkpt>
      <trkpt lat="45.882018" lon="6.724191"><ele>1212.8</ele></trkpt>
      <trkpt lat="45.883416" lon="6.723189"><ele>1178.2</ele></trkpt>
      <trkpt lat="45.884439" lon="6.722173"><ele>1147.6</ele></trkpt>
      <trkpt lat="45.884619" lon="6.722071"><ele>1145.2</ele></trkpt>
      <trkpt lat="45.885059" lon="6.722109"><ele>1136.2</ele></trkpt>
      <trkpt lat="45.886477" lon="6.721638"><ele>1105.8</ele></trkpt>
      <trkpt lat="45.885897" lon="6.721277"><ele>1095.0</ele></trkpt>
      <trkpt lat="45.885967" lon="6.721108"><ele>1090.8</ele></trkpt>
      <trkpt lat="45.886813" lon="6.721141"><ele>1072.6</ele></trkpt>
      <trkpt lat="45.887864" lon="6.720893"><ele>1055.4</ele></trkpt>
      <trkpt lat="45.887913" lon="6.720706"><ele>1051.4</ele></trkpt>
      <trkpt lat="45.887802" lon="6.720568"><ele>1047.8</ele></trkpt>
      <trkpt lat="45.887387" lon="6.720432"><ele>1037.8</ele></trkpt>
      <trkpt lat="45.887872" lon="6.720154"><ele>1026.2</ele></trkpt>
      <trkpt lat="45.888187" lon="6.720322"><ele>1018.6</ele></trkpt>
      <trkpt lat="45.888509" lon="6.719904"><ele>1010.0</ele></trkpt>
      <trkpt lat="45.888331" lon="6.719826"><ele>1001.0</ele></trkpt>
      <trkpt lat="45.888434" lon="6.719595"><ele>993.2</ele></trkpt>
      <trkpt lat="45.888347" lon="6.719561"><ele>988.8</ele></trkpt>
      <trkpt lat="45.888484" lon="6.719279"><ele>982.0</ele></trkpt>
      <trkpt lat="45.888391" lon="6.719405"><ele>976.0</ele></trkpt>
      <trkpt lat="45.888306" lon="6.719297"><ele>971.8</ele></trkpt>
      <trkpt lat="45.888265" lon="6.719083"><ele>967.2</ele></trkpt>
      <trkpt lat="45.888334" lon="6.718595"><ele>956.8</ele></trkpt>
      <trkpt lat="45.888226" lon="6.718558"><ele>948.4</ele></trkpt>
      <trkpt lat="45.888191" lon="6.718411"><ele>945.0</ele></trkpt>
      <trkpt lat="45.888377" lon="6.718143"><ele>943.2</ele></trkpt>
      <trkpt lat="45.888774" lon="6.718047"><ele>938.8</ele></trkpt>
      <trkpt lat="45.889232" lon="6.718243"><ele>931.0</ele></trkpt>
      <trkpt lat="45.889487" lon="6.718009"><ele>928.8</ele></trkpt>
      <trkpt lat="45.889858" lon="6.718009"><ele>925.4</ele></trkpt>
      <trkpt lat="45.890067" lon="6.717806"><ele>923.0</ele></trkpt>
      <trkpt lat="45.890145" lon="6.717546"><ele>922.0</ele></trkpt>
      <trkpt lat="45.890313" lon="6.717364"><ele>921.0</ele></trkpt>
      <trkpt lat="45.891668" lon="6.717100"><ele>906.6</ele></trkpt>
      <trkpt lat="45.891685" lon="6.716848"><ele>904.0</ele></trkpt>
      <trkpt lat="45.890991" lon="6.716544"><ele>895.8</ele></trkpt>
      <trkpt lat="45.890825" lon="6.716108"><ele>891.4</ele></trkpt>
      <trkpt lat="45.890624" lon="6.715860"><ele>886.2</ele></trkpt>
      <trkpt lat="45.890230" lon="6.715728"><ele>881.6</ele></trkpt>
      <trkpt lat="45.889706" lon="6.715909"><ele>876.4</ele></trkpt>
      <trkpt lat="45.889687" lon="6.715778"><ele>873.4</ele></trkpt>
      <trkpt lat="45.890555" lon="6.715426"><ele>863.0</ele></trkpt>
      <trkpt lat="45.891328" lon="6.715452"><ele>857.6</ele></trkpt>
      <trkpt lat="45.891347" lon="6.715207"><ele>854.2</ele></trkpt>
      <trkpt lat="45.891066" lon="6.715149"><ele>850.6</ele></trkpt>
      <trkpt lat="45.891283" lon="6.714933"><ele>847.2</ele></trkpt>
      <trkpt lat="45.891184" lon="6.713994"><ele>835.6</ele></trkpt>
      <trkpt lat="45.891225" lon="6.713849"><ele>833.4</ele></trkpt>
      <trkpt lat="45.891107" lon="6.713408"><ele>825.8</ele></trkpt>
      <trkpt lat="45.891291" lon="6.713307"><ele>824.4</ele></trkpt>
      <trkpt lat="45.891560" lon="6.713657"><ele>822.2</ele></trkpt>
      <trkpt lat="45.891838" lon="6.713658"><ele>820.8</ele></trkpt>
      <trkpt lat="45.891978" lon="6.713470"><ele>820.2</ele></trkpt>
      <trkpt lat="45.892222" lon="6.712172"><ele>816.8</ele></trkpt>
      <trkpt lat="45.892938" lon="6.711761"><ele>816.4</ele></trkpt>
      <trkpt lat="45.893522" lon="6.711697"><ele>813.2</ele></trkpt>
      <trkpt lat="45.893623" lon="6.711575"><ele>812.0</ele></trkpt>
      <trkpt lat="45.893624" lon="6.711415"><ele>811.0</ele></trkpt>
      <trkpt lat="45.893528" lon="6.711309"><ele>809.8</ele></trkpt>
      <trkpt lat="45.893114" lon="6.711310"><ele>809.8</ele></trkpt>
      <trkpt lat="45.893009" lon="6.711457"><ele>809.6</ele></trkpt>
      <trkpt lat="45.892965" lon="6.711431"><ele>809.4</ele></trkpt>
      <trkpt lat="45.893031" lon="6.711332"><ele>808.4</ele></trkpt>
      <trkpt lat="45.892964" lon="6.711301"><ele>808.2</ele></trkpt>
      <trkpt lat="45.892984" lon="6.711511"><ele>807.8</ele></trkpt>
      <trkpt lat="45.892802" lon="6.711408"><ele>808.0</ele></trkpt>
      <trkpt lat="45.892584" lon="6.711431"><ele>807.8</ele></trkpt>
      <trkpt lat="45.892495" lon="6.711308"><ele>807.0</ele></trkpt>
      <trkpt lat="45.892045" lon="6.711431"><ele>808.8</ele></trkpt>
      <trkpt lat="45.892156" lon="6.712210"><ele>812.0</ele></trkpt>
      <trkpt lat="45.891959" lon="6.713396"><ele>816.8</ele></trkpt>
      <trkpt lat="45.891797" lon="6.713610"><ele>818.8</ele></trkpt>
      <trkpt lat="45.891558" lon="6.713534"><ele>821.0</ele></trkpt>
      <trkpt lat="45.891007" lon="6.713022"><ele>824.2</ele></trkpt>
      <trkpt lat="45.889861" lon="6.713246"><ele>820.2</ele></trkpt>
      <trkpt lat="45.888140" lon="6.712979"><ele>816.0</ele></trkpt>
      <trkpt lat="45.887031" lon="6.713362"><ele>824.6</ele></trkpt>
      <trkpt lat="45.886479" lon="6.713889"><ele>833.6</ele></trkpt>
      <trkpt lat="45.886319" lon="6.713858"><ele>837.2</ele></trkpt>
      <trkpt lat="45.885769" lon="6.714168"><ele>839.2</ele></trkpt>
      <trkpt lat="45.885202" lon="6.713646"><ele>836.2</ele></trkpt>
      <trkpt lat="45.884899" lon="6.713013"><ele>837.4</ele></trkpt>
      <trkpt lat="45.884473" lon="6.712910"><ele>839.4</ele></trkpt>
      <trkpt lat="45.883788" lon="6.712410"><ele>841.0</ele></trkpt>
      <trkpt lat="45.883231" lon="6.712499"><ele>842.6</ele></trkpt>
      <trkpt lat="45.882953" lon="6.712026"><ele>842.8</ele></trkpt>
      <trkpt lat="45.882503" lon="6.711630"><ele>845.0</ele></trkpt>
      <trkpt lat="45.882332" lon="6.711585"><ele>845.4</ele></trkpt>
      <trkpt lat="45.881955" lon="6.711707"><ele>843.4</ele></trkpt>
      <trkpt lat="45.881612" lon="6.712098"><ele>836.2</ele></trkpt>
      <trkpt lat="45.880768" lon="6.712777"><ele>823.6</ele></trkpt>
      <trkpt lat="45.880571" lon="6.712707"><ele>822.6</ele></trkpt>
      <trkpt lat="45.880301" lon="6.712018"><ele>826.6</ele></trkpt>
      <trkpt lat="45.880100" lon="6.711803"><ele>831.0</ele></trkpt>
      <trkpt lat="45.879947" lon="6.711755"><ele>833.2</ele></trkpt>
      <trkpt lat="45.879646" lon="6.711859"><ele>837.4</ele></trkpt>
      <trkpt lat="45.879325" lon="6.712493"><ele>838.8</ele></trkpt>
      <trkpt lat="45.878215" lon="6.713465"><ele>844.6</ele></trkpt>
      <trkpt lat="45.877649" lon="6.714321"><ele>846.0</ele></trkpt>
      <trkpt lat="45.877586" lon="6.714744"><ele>839.0</ele></trkpt>
      <trkpt lat="45.877351" lon="6.714982"><ele>839.2</ele></trkpt>
      <trkpt lat="45.876370" lon="6.715184"><ele>844.4</ele></trkpt>
      <trkpt lat="45.875609" lon="6.714880"><ele>854.6</ele></trkpt>
      <trkpt lat="45.875001" lon="6.715403"><ele>861.2</ele></trkpt>
      <trkpt lat="45.874552" lon="6.716125"><ele>865.6</ele></trkpt>
      <trkpt lat="45.873575" lon="6.716839"><ele>873.2</ele></trkpt>
      <trkpt lat="45.873239" lon="6.717238"><ele>878.8</ele></trkpt>
      <trkpt lat="45.872710" lon="6.718231"><ele>896.2</ele></trkpt>
      <trkpt lat="45.872270" lon="6.718656"><ele>908.8</ele></trkpt>
      <trkpt lat="45.872172" lon="6.718723"><ele>910.2</ele></trkpt>
      <trkpt lat="45.872119" lon="6.718653"><ele>911.8</ele></trkpt>
      <trkpt lat="45.872187" lon="6.718468"><ele>916.0</ele></trkpt>
      <trkpt lat="45.872061" lon="6.718478"><ele>919.6</ele></trkpt>
      <trkpt lat="45.871656" lon="6.718712"><ele>930.8</ele></trkpt>
      <trkpt lat="45.871841" lon="6.717936"><ele>942.6</ele></trkpt>
      <trkpt lat="45.871793" lon="6.717754"><ele>944.8</ele></trkpt>
      <trkpt lat="45.871492" lon="6.718485"><ele>951.8</ele></trkpt>
      <trkpt lat="45.871083" lon="6.718824"><ele>962.0</ele></trkpt>
      <trkpt lat="45.871003" lon="6.719032"><ele>963.8</ele></trkpt>
      <trkpt lat="45.870343" lon="6.719415"><ele>965.4</ele></trkpt>
      <trkpt lat="45.869938" lon="6.720022"><ele>965.0</ele></trkpt>
      <trkpt lat="45.868937" lon="6.720981"><ele>947.8</ele></trkpt>
      <trkpt lat="45.868576" lon="6.721097"><ele>955.2</ele></trkpt>
      <trkpt lat="45.867236" lon="6.721079"><ele>976.2</ele></trkpt>
      <trkpt lat="45.866889" lon="6.721201"><ele>982.2</ele></trkpt>
      <trkpt lat="45.866103" lon="6.722055"><ele>978.4</ele></trkpt>
      <trkpt lat="45.865818" lon="6.722121"><ele>971.2</ele></trkpt>
      <trkpt lat="45.865510" lon="6.722637"><ele>961.0</ele></trkpt>
      <trkpt lat="45.865237" lon="6.722779"><ele>956.8</ele></trkpt>
      <trkpt lat="45.865007" lon="6.723441"><ele>949.4</ele></trkpt>
      <trkpt lat="45.864666" lon="6.723951"><ele>947.4</ele></trkpt>
      <trkpt lat="45.864238" lon="6.724062"><ele>940.4</ele></trkpt>
      <trkpt lat="45.863227" lon="6.725131"><ele>945.6</ele></trkpt>
      <trkpt lat="45.862830" lon="6.726381"><ele>945.4</ele></trkpt>
      <trkpt lat="45.862556" lon="6.726807"><ele>945.8</ele></trkpt>
      <trkpt lat="45.861827" lon="6.727131"><ele>948.6</ele></trkpt>
      <trkpt lat="45.861489" lon="6.727423"><ele>948.2</ele></trkpt>
      <trkpt lat="45.860855" lon="6.727742"><ele>949.2</ele></trkpt>
      <trkpt lat="45.860278" lon="6.729025"><ele>950.8</ele></trkpt>
      <trkpt lat="45.859504" lon="6.729748"><ele>950.8</ele></trkpt>
      <trkpt lat="45.859167" lon="6.729971"><ele>952.8</ele></trkpt>
      <trkpt lat="45.858826" lon="6.729721"><ele>955.4</ele></trkpt>
      <trkpt lat="45.858162" lon="6.730238"><ele>958.2</ele></trkpt>
      <trkpt lat="45.857189" lon="6.730376"><ele>968.4</ele></trkpt>
      <trkpt lat="45.856281" lon="6.730290"><ele>984.0</ele></trkpt>
      <trkpt lat="45.855819" lon="6.730128"><ele>994.0</ele></trkpt>
      <trkpt lat="45.855285" lon="6.729772"><ele>1004.0</ele></trkpt>
      <trkpt lat="45.854426" lon="6.728892"><ele>1024.6</ele></trkpt>
      <trkpt lat="45.853818" lon="6.728599"><ele>1032.4</ele></trkpt>
      <trkpt lat="45.853312" lon="6.728558"><ele>1024.2</ele></trkpt>
      <trkpt lat="45.853088" lon="6.728686"><ele>1018.8</ele></trkpt>
      <trkpt lat="45.852584" lon="6.728757"><ele>1010.4</ele></trkpt>
      <trkpt lat="45.851590" lon="6.728700"><ele>1012.2</ele></trkpt>
      <trkpt lat="45.851201" lon="6.728830"><ele>1013.2</ele></trkpt>
      <trkpt lat="45.850946" lon="6.728479"><ele>1019.8</ele></trkpt>
      <trkpt lat="45.850721" lon="6.728372"><ele>1025.8</ele></trkpt>
      <trkpt lat="45.849700" lon="6.728345"><ele>1032.2</ele></trkpt>
      <trkpt lat="45.849687" lon="6.728065"><ele>1035.2</ele></trkpt>
      <trkpt lat="45.849603" lon="6.728019"><ele>1036.2</ele></trkpt>
      <trkpt lat="45.848627" lon="6.728005"><ele>1039.4</ele></trkpt>
      <trkpt lat="45.848002" lon="6.727849"><ele>1034.4</ele></trkpt>
      <trkpt lat="45.846967" lon="6.727536"><ele>1031.4</ele></trkpt>
      <trkpt lat="45.846712" lon="6.727259"><ele>1032.8</ele></trkpt>
      <trkpt lat="45.846573" lon="6.727561"><ele>1030.4</ele></trkpt>
      <trkpt lat="45.846368" lon="6.727550"><ele>1029.8</ele></trkpt>
      <trkpt lat="45.845876" lon="6.727270"><ele>1033.0</ele></trkpt>
      <trkpt lat="45.845622" lon="6.726978"><ele>1041.6</ele></trkpt>
      <trkpt lat="45.845103" lon="6.726993"><ele>1040.8</ele></trkpt>
      <trkpt lat="45.844670" lon="6.727313"><ele>1035.4</ele></trkpt>
      <trkpt lat="45.844171" lon="6.727351"><ele>1037.0</ele></trkpt>
      <trkpt lat="45.844180" lon="6.726963"><ele>1043.6</ele></trkpt>
      <trkpt lat="45.844014" lon="6.726668"><ele>1048.2</ele></trkpt>
      <trkpt lat="45.843844" lon="6.726546"><ele>1051.6</ele></trkpt>
      <trkpt lat="45.843450" lon="6.726483"><ele>1054.0</ele></trkpt>
      <trkpt lat="45.842744" lon="6.726004"><ele>1054.8</ele></trkpt>
      <trkpt lat="45.841608" lon="6.725565"><ele>1071.2</ele></trkpt>
      <trkpt lat="45.840854" lon="6.725570"><ele>1074.6</ele></trkpt>
      <trkpt lat="45.840118" lon="6.725011"><ele>1081.0</ele></trkpt>
      <trkpt lat="45.839715" lon="6.724961"><ele>1080.2</ele></trkpt>
      <trkpt lat="45.839319" lon="6.725278"><ele>1083.2</ele></trkpt>
      <trkpt lat="45.839137" lon="6.725246"><ele>1084.2</ele></trkpt>
      <trkpt lat="45.839018" lon="6.725095"><ele>1084.4</ele></trkpt>
      <trkpt lat="45.839029" lon="6.724393"><ele>1081.2</ele></trkpt>
      <trkpt lat="45.838888" lon="6.724239"><ele>1079.2</ele></trkpt>
      <trkpt lat="45.838476" lon="6.725188"><ele>1076.4</ele></trkpt>
      <trkpt lat="45.838225" lon="6.725155"><ele>1074.6</ele></trkpt>
      <trkpt lat="45.838067" lon="6.725289"><ele>1072.2</ele></trkpt>
      <trkpt lat="45.837894" lon="6.724925"><ele>1070.4</ele></trkpt>
      <trkpt lat="45.837635" lon="6.724781"><ele>1069.2</ele></trkpt>
      <trkpt lat="45.835185" lon="6.725515"><ele>1074.2</ele></trkpt>
      <trkpt lat="45.834310" lon="6.725413"><ele>1072.4</ele></trkpt>
      <trkpt lat="45.833991" lon="6.725550"><ele>1070.2</ele></trkpt>
      <trkpt lat="45.833782" lon="6.725766"><ele>1069.6</ele></trkpt>
      <trkpt lat="45.833300" lon="6.725888"><ele>1068.4</ele></trkpt>
      <trkpt lat="45.833136" lon="6.726133"><ele>1068.0</ele></trkpt>
      <trkpt lat="45.832943" lon="6.726691"><ele>1066.4</ele></trkpt>
      <trkpt lat="45.832537" lon="6.726380"><ele>1066.2</ele></trkpt>
      <trkpt lat="45.831899" lon="6.726430"><ele>1071.4</ele></trkpt>
      <trkpt lat="45.831351" lon="6.726164"><ele>1073.4</ele></trkpt>
      <trkpt lat="45.830450" lon="6.726248"><ele>1079.0</ele></trkpt>
      <trkpt lat="45.829769" lon="6.726431"><ele>1085.8</ele></trkpt>
      <trkpt lat="45.829564" lon="6.726241"><ele>1083.4</ele></trkpt>
      <trkpt lat="45.829204" lon="6.726169"><ele>1084.8</ele></trkpt>
      <trkpt lat="45.829110" lon="6.726437"><ele>1088.0</ele></trkpt>
      <trkpt lat="45.829004" lon="6.726511"><ele>1092.8</ele></trkpt>
      <trkpt lat="45.829059" lon="6.726610"><ele>1096.2</ele></trkpt>
      <trkpt lat="45.828690" lon="6.726644"><ele>1103.4</ele></trkpt>
      <trkpt lat="45.828229" lon="6.725936"><ele>1098.2</ele></trkpt>
      <trkpt lat="45.827777" lon="6.725671"><ele>1098.6</ele></trkpt>
      <trkpt lat="45.827649" lon="6.725792"><ele>1103.2</ele></trkpt>
      <trkpt lat="45.827219" lon="6.725668"><ele>1114.0</ele></trkpt>
      <trkpt lat="45.826983" lon="6.725791"><ele>1116.2</ele></trkpt>
      <trkpt lat="45.826145" lon="6.725658"><ele>1109.4</ele></trkpt>
      <trkpt lat="45.825896" lon="6.726105"><ele>1115.4</ele></trkpt>
      <trkpt lat="45.825080" lon="6.726223"><ele>1120.4</ele></trkpt>
      <trkpt lat="45.824806" lon="6.726164"><ele>1121.2</ele></trkpt>
      <trkpt lat="45.823852" lon="6.725651"><ele>1126.0</ele></trkpt>
      <trkpt lat="45.823088" lon="6.725692"><ele>1132.8</ele></trkpt>
      <trkpt lat="45.822740" lon="6.725886"><ele>1141.8</ele></trkpt>
      <trkpt lat="45.822066" lon="6.725925"><ele>1156.8</ele></trkpt>
      <trkpt lat="45.821956" lon="6.726064"><ele>1162.6</ele></trkpt>
      <trkpt lat="45.821910" lon="6.726228"><ele>1164.8</ele></trkpt>
      <trkpt lat="45.821961" lon="6.726340"><ele>1166.2</ele></trkpt>
      <trkpt lat="45.822182" lon="6.726265"><ele>1163.4</ele></trkpt>
      <trkpt lat="45.822165" lon="6.726335"><ele>1162.6</ele></trkpt>
      <trkpt lat="45.822230" lon="6.726237"><ele>1159.6</ele></trkpt>
      <trkpt lat="45.822342" lon="6.726337"><ele>1158.4</ele></trkpt>
      <trkpt lat="45.821826" lon="6.726661"><ele>1159.8</ele></trkpt>
      <trkpt lat="45.822096" lon="6.726693"><ele>1163.0</ele></trkpt>
      <trkpt lat="45.822128" lon="6.726913"><ele>1163.2</ele></trkpt>
      <trkpt lat="45.820940" lon="6.727513"><ele>1165.8</ele></trkpt>
      <trkpt lat="45.820101" lon="6.727520"><ele>1162.8</ele></trkpt>
      <trkpt lat="45.819892" lon="6.727608"><ele>1161.8</ele></trkpt>
      <trkpt lat="45.818990" lon="6.728341"><ele>1158.6</ele></trkpt>
      <trkpt lat="45.818524" lon="6.728528"><ele>1158.0</ele></trkpt>
      <trkpt lat="45.817414" lon="6.728203"><ele>1159.2</ele></trkpt>
      <trkpt lat="45.816134" lon="6.727235"><ele>1163.2</ele></trkpt>
      <trkpt lat="45.815166" lon="6.727137"><ele>1170.6</ele></trkpt>
      <trkpt lat="45.814868" lon="6.727248"><ele>1171.4</ele></trkpt>
      <trkpt lat="45.814477" lon="6.727761"><ele>1175.4</ele></trkpt>
      <trkpt lat="45.814227" lon="6.727937"><ele>1177.6</ele></trkpt>
      <trkpt lat="45.813335" lon="6.727906"><ele>1180.2</ele></trkpt>
      <trkpt lat="45.813039" lon="6.728030"><ele>1181.2</ele></trkpt>
      <trkpt lat="45.812905" lon="6.728244"><ele>1182.2</ele></trkpt>
      <trkpt lat="45.812861" lon="6.728577"><ele>1184.4</ele></trkpt>
      <trkpt lat="45.812914" lon="6.729380"><ele>1191.0</ele></trkpt>
      <trkpt lat="45.812442" lon="6.729602"><ele>1191.4</ele></trkpt>
      <trkpt lat="45.812351" lon="6.729919"><ele>1192.4</ele></trkpt>
      <trkpt lat="45.812394" lon="6.730391"><ele>1196.6</ele></trkpt>
      <trkpt lat="45.812222" lon="6.730488"><ele>1198.6</ele></trkpt>
      <trkpt lat="45.811931" lon="6.730387"><ele>1197.6</ele></trkpt>
      <trkpt lat="45.811529" lon="6.730003"><ele>1190.8</ele></trkpt>
      <trkpt lat="45.809937" lon="6.728999"><ele>1171.6</ele></trkpt>
      <trkpt lat="45.809554" lon="6.728232"><ele>1170.2</ele></trkpt>
      <trkpt lat="45.808313" lon="6.726954"><ele>1174.8</ele></trkpt>
      <trkpt lat="45.807608" lon="6.726593"><ele>1177.8</ele></trkpt>
      <trkpt lat="45.807229" lon="6.726687"><ele>1180.2</ele></trkpt>
      <trkpt lat="45.806728" lon="6.726292"><ele>1179.2</ele></trkpt>
      <trkpt lat="45.806049" lon="6.726068"><ele>1179.2</ele></trkpt>
      <trkpt lat="45.806023" lon="6.725946"><ele>1179.0</ele></trkpt>
      <trkpt lat="45.806215" lon="6.725541"><ele>1178.2</ele></trkpt>
      <trkpt lat="45.806170" lon="6.725466"><ele>1177.8</ele></trkpt>
      <trkpt lat="45.805030" lon="6.724878"><ele>1179.2</ele></trkpt>
      <trkpt lat="45.804228" lon="6.724823"><ele>1180.2</ele></trkpt>
      <trkpt lat="45.803371" lon="6.724410"><ele>1181.6</ele></trkpt>
      <trkpt lat="45.802827" lon="6.724678"><ele>1182.0</ele></trkpt>
      <trkpt lat="45.802251" lon="6.724584"><ele>1183.2</ele></trkpt>
      <trkpt lat="45.802123" lon="6.724319"><ele>1183.6</ele></trkpt>
      <trkpt lat="45.802213" lon="6.723687"><ele>1183.8</ele></trkpt>
      <trkpt lat="45.802176" lon="6.723523"><ele>1183.8</ele></trkpt>
      <trkpt lat="45.801557" lon="6.723060"><ele>1185.8</ele></trkpt>
      <trkpt lat="45.801427" lon="6.722784"><ele>1186.4</ele></trkpt>
      <trkpt lat="45.801404" lon="6.722476"><ele>1187.4</ele></trkpt>
      <trkpt lat="45.800350" lon="6.721896"><ele>1187.4</ele></trkpt>
      <trkpt lat="45.799660" lon="6.721045"><ele>1188.8</ele></trkpt>
      <trkpt lat="45.799225" lon="6.720828"><ele>1188.8</ele></trkpt>
      <trkpt lat="45.799019" lon="6.720543"><ele>1189.8</ele></trkpt>
      <trkpt lat="45.798612" lon="6.720231"><ele>1191.0</ele></trkpt>
      <trkpt lat="45.797126" lon="6.719410"><ele>1195.8</ele></trkpt>
      <trkpt lat="45.796829" lon="6.719028"><ele>1196.6</ele></trkpt>
      <trkpt lat="45.796092" lon="6.718835"><ele>1198.4</ele></trkpt>
      <trkpt lat="45.795537" lon="6.718224"><ele>1200.0</ele></trkpt>
      <trkpt lat="45.795053" lon="6.718117"><ele>1201.4</ele></trkpt>
      <trkpt lat="45.794445" lon="6.717695"><ele>1203.6</ele></trkpt>
      <trkpt lat="45.794394" lon="6.717546"><ele>1204.0</ele></trkpt>
      <trkpt lat="45.794598" lon="6.717192"><ele>1204.2</ele></trkpt>
      <trkpt lat="45.794539" lon="6.716963"><ele>1204.2</ele></trkpt>
      <trkpt lat="45.792531" lon="6.715941"><ele>1213.0</ele></trkpt>
      <trkpt lat="45.792270" lon="6.716055"><ele>1214.2</ele></trkpt>
      <trkpt lat="45.791853" lon="6.715987"><ele>1215.2</ele></trkpt>
      <trkpt lat="45.791650" lon="6.716152"><ele>1216.2</ele></trkpt>
      <trkpt lat="45.791554" lon="6.716115"><ele>1217.0</ele></trkpt>
      <trkpt lat="45.791330" lon="6.715762"><ele>1224.0</ele></trkpt>
      <trkpt lat="45.790853" lon="6.715523"><ele>1236.4</ele></trkpt>
      <trkpt lat="45.789987" lon="6.714904"><ele>1263.8</ele></trkpt>
      <trkpt lat="45.789813" lon="6.714679"><ele>1271.6</ele></trkpt>
      <trkpt lat="45.789662" lon="6.714691"><ele>1275.4</ele></trkpt>
      <trkpt lat="45.789158" lon="6.714336"><ele>1284.8</ele></trkpt>
      <trkpt lat="45.788607" lon="6.714164"><ele>1289.4</ele></trkpt>
      <trkpt lat="45.787156" lon="6.713218"><ele>1307.2</ele></trkpt>
      <trkpt lat="45.786248" lon="6.712793"><ele>1325.8</ele></trkpt>
      <trkpt lat="45.785998" lon="6.712904"><ele>1331.6</ele></trkpt>
      <trkpt lat="45.784959" lon="6.712582"><ele>1345.2</ele></trkpt>
      <trkpt lat="45.783897" lon="6.713130"><ele>1367.4</ele></trkpt>
      <trkpt lat="45.783554" lon="6.713589"><ele>1372.6</ele></trkpt>
      <trkpt lat="45.782690" lon="6.715099"><ele>1383.4</ele></trkpt>
      <trkpt lat="45.782102" lon="6.715198"><ele>1391.4</ele></trkpt>
      <trkpt lat="45.781607" lon="6.715533"><ele>1400.8</ele></trkpt>
      <trkpt lat="45.781024" lon="6.715200"><ele>1411.2</ele></trkpt>
      <trkpt lat="45.780104" lon="6.715014"><ele>1430.0</ele></trkpt>
      <trkpt lat="45.779645" lon="6.714694"><ele>1441.6</ele></trkpt>
      <trkpt lat="45.779254" lon="6.714958"><ele>1449.6</ele></trkpt>
      <trkpt lat="45.778666" lon="6.714937"><ele>1459.4</ele></trkpt>
      <trkpt lat="45.778316" lon="6.714713"><ele>1466.2</ele></trkpt>
      <trkpt lat="45.778076" lon="6.714388"><ele>1472.0</ele></trkpt>
      <trkpt lat="45.777777" lon="6.714344"><ele>1477.2</ele></trkpt>
      <trkpt lat="45.777260" lon="6.714514"><ele>1489.2</ele></trkpt>
      <trkpt lat="45.776746" lon="6.714947"><ele>1502.6</ele></trkpt>
      <trkpt lat="45.776268" lon="6.714961"><ele>1509.8</ele></trkpt>
      <trkpt lat="45.775865" lon="6.715105"><ele>1516.6</ele></trkpt>
      <trkpt lat="45.775655" lon="6.715583"><ele>1523.2</ele></trkpt>
      <trkpt lat="45.775211" lon="6.715928"><ele>1531.8</ele></trkpt>
      <trkpt lat="45.774582" lon="6.715865"><ele>1543.0</ele></trkpt>
      <trkpt lat="45.773535" lon="6.715986"><ele>1553.2</ele></trkpt>
      <trkpt lat="45.772784" lon="6.715739"><ele>1558.2</ele></trkpt>
      <trkpt lat="45.771809" lon="6.715807"><ele>1560.4</ele></trkpt>
      <trkpt lat="45.771581" lon="6.715730"><ele>1562.0</ele></trkpt>
      <trkpt lat="45.771399" lon="6.715488"><ele>1565.2</ele></trkpt>
      <trkpt lat="45.770724" lon="6.715334"><ele>1565.2</ele></trkpt>
      <trkpt lat="45.769977" lon="6.714801"><ele>1563.6</ele></trkpt>
      <trkpt lat="45.769374" lon="6.714799"><ele>1566.0</ele></trkpt>
      <trkpt lat="45.768605" lon="6.714542"><ele>1570.8</ele></trkpt>
      <trkpt lat="45.768040" lon="6.714128"><ele>1573.6</ele></trkpt>
      <trkpt lat="45.767666" lon="6.713994"><ele>1575.8</ele></trkpt>
      <trkpt lat="45.766798" lon="6.713134"><ele>1576.4</ele></trkpt>
      <trkpt lat="45.765558" lon="6.712845"><ele>1585.8</ele></trkpt>
      <trkpt lat="45.764569" lon="6.712370"><ele>1593.8</ele></trkpt>
      <trkpt lat="45.764269" lon="6.712352"><ele>1594.8</ele></trkpt>
      <trkpt lat="45.763847" lon="6.712060"><ele>1598.6</ele></trkpt>
      <trkpt lat="45.763266" lon="6.711882"><ele>1604.2</ele></trkpt>
      <trkpt lat="45.762109" lon="6.711292"><ele>1618.6</ele></trkpt>
      <trkpt lat="45.761371" lon="6.711265"><ele>1630.2</ele></trkpt>
      <trkpt lat="45.761048" lon="6.710933"><ele>1637.2</ele></trkpt>
      <trkpt lat="45.760081" lon="6.711234"><ele>1657.4</ele></trkpt>
      <trkpt lat="45.759649" lon="6.711016"><ele>1668.0</ele></trkpt>
      <trkpt lat="45.759005" lon="6.710465"><ele>1687.0</ele></trkpt>
      <trkpt lat="45.758840" lon="6.710673"><ele>1689.6</ele></trkpt>
      <trkpt lat="45.758607" lon="6.710765"><ele>1692.4</ele></trkpt>
      <trkpt lat="45.758194" lon="6.710714"><ele>1702.4</ele></trkpt>
      <trkpt lat="45.758063" lon="6.710867"><ele>1705.6</ele></trkpt>
      <trkpt lat="45.758137" lon="6.711088"><ele>1703.4</ele></trkpt>
      <trkpt lat="45.758108" lon="6.710924"><ele>1705.0</ele></trkpt>
      <trkpt lat="45.757907" lon="6.711119"><ele>1706.6</ele></trkpt>
      <trkpt lat="45.757089" lon="6.710399"><ele>1723.2</ele></trkpt>
      <trkpt lat="45.757022" lon="6.710202"><ele>1727.4</ele></trkpt>
      <trkpt lat="45.756929" lon="6.710230"><ele>1730.4</ele></trkpt>
      <trkpt lat="45.756906" lon="6.710033"><ele>1734.4</ele></trkpt>
      <trkpt lat="45.756685" lon="6.709712"><ele>1743.2</ele></trkpt>
      <trkpt lat="45.756505" lon="6.709042"><ele>1758.4</ele></trkpt>
      <trkpt lat="45.755984" lon="6.708334"><ele>1769.0</ele></trkpt>
      <trkpt lat="45.755701" lon="6.708072"><ele>1772.8</ele></trkpt>
      <trkpt lat="45.755501" lon="6.708226"><ele>1778.6</ele></trkpt>
      <trkpt lat="45.755098" lon="6.708059"><ele>1784.6</ele></trkpt>
      <trkpt lat="45.754788" lon="6.708264"><ele>1787.6</ele></trkpt>
      <trkpt lat="45.754424" lon="6.708730"><ele>1792.4</ele></trkpt>
      <trkpt lat="45.754316" lon="6.708744"><ele>1795.6</ele></trkpt>
      <trkpt lat="45.754279" lon="6.708655"><ele>1798.6</ele></trkpt>
      <trkpt lat="45.754162" lon="6.708931"><ele>1804.0</ele></trkpt>
      <trkpt lat="45.753510" lon="6.709441"><ele>1825.2</ele></trkpt>
      <trkpt lat="45.753355" lon="6.709205"><ele>1831.0</ele></trkpt>
      <trkpt lat="45.753131" lon="6.709407"><ele>1843.0</ele></trkpt>
      <trkpt lat="45.752827" lon="6.709483"><ele>1855.4</ele></trkpt>
      <trkpt lat="45.752634" lon="6.709393"><ele>1865.0</ele></trkpt>
      <trkpt lat="45.752636" lon="6.709172"><ele>1870.8</ele></trkpt>
      <trkpt lat="45.752333" lon="6.709421"><ele>1878.6</ele></trkpt>
      <trkpt lat="45.752245" lon="6.709611"><ele>1884.2</ele></trkpt>
      <trkpt lat="45.752082" lon="6.709514"><ele>1890.8</ele></trkpt>
      <trkpt lat="45.751747" lon="6.709650"><ele>1901.2</ele></trkpt>
      <trkpt lat="45.751115" lon="6.710233"><ele>1912.0</ele></trkpt>
      <trkpt lat="45.750624" lon="6.710469"><ele>1908.6</ele></trkpt>
      <trkpt lat="45.750520" lon="6.710775"><ele>1909.4</ele></trkpt>
      <trkpt lat="45.750331" lon="6.710998"><ele>1912.4</ele></trkpt>
      <trkpt lat="45.750256" lon="6.711512"><ele>1913.0</ele></trkpt>
      <trkpt lat="45.749635" lon="6.712313"><ele>1919.4</ele></trkpt>
      <trkpt lat="45.749305" lon="6.713351"><ele>1923.8</ele></trkpt>
      <trkpt lat="45.748639" lon="6.714225"><ele>1928.8</ele></trkpt>
      <trkpt lat="45.747956" lon="6.714601"><ele>1932.4</ele></trkpt>
      <trkpt lat="45.747764" lon="6.714844"><ele>1935.0</ele></trkpt>
      <trkpt lat="45.747790" lon="6.715036"><ele>1938.2</ele></trkpt>
      <trkpt lat="45.747307" lon="6.715326"><ele>1944.6</ele></trkpt>
      <trkpt lat="45.747203" lon="6.715765"><ele>1950.4</ele></trkpt>
      <trkpt lat="45.746978" lon="6.716244"><ele>1957.0</ele></trkpt>
      <trkpt lat="45.746965" lon="6.716632"><ele>1962.0</ele></trkpt>
      <trkpt lat="45.746627" lon="6.717326"><ele>1970.2</ele></trkpt>
      <trkpt lat="45.746731" lon="6.718071"><ele>1976.0</ele></trkpt>
      <trkpt lat="45.746663" lon="6.718241"><ele>1977.6</ele></trkpt>
      <trkpt lat="45.746368" lon="6.717705"><ele>1984.4</ele></trkpt>
      <trkpt lat="45.746093" lon="6.717496"><ele>1992.0</ele></trkpt>
      <trkpt lat="45.745956" lon="6.717245"><ele>1998.8</ele></trkpt>
      <trkpt lat="45.745569" lon="6.717076"><ele>2011.2</ele></trkpt>
      <trkpt lat="45.745338" lon="6.717083"><ele>2020.8</ele></trkpt>
      <trkpt lat="45.745272" lon="6.716795"><ele>2027.4</ele></trkpt>
      <trkpt lat="45.744917" lon="6.716644"><ele>2040.0</ele></trkpt>
      <trkpt lat="45.744894" lon="6.716395"><ele>2043.8</ele></trkpt>
      <trkpt lat="45.744730" lon="6.716042"><ele>2048.8</ele></trkpt>
      <trkpt lat="45.744221" lon="6.716028"><ele>2060.0</ele></trkpt>
      <trkpt lat="45.743858" lon="6.715724"><ele>2068.8</ele></trkpt>
      <trkpt lat="45.743440" lon="6.715547"><ele>2074.2</ele></trkpt>
      <trkpt lat="45.743171" lon="6.715582"><ele>2075.8</ele></trkpt>
      <trkpt lat="45.742750" lon="6.715374"><ele>2078.0</ele></trkpt>
      <trkpt lat="45.742623" lon="6.715021"><ele>2080.0</ele></trkpt>
      <trkpt lat="45.742415" lon="6.714789"><ele>2083.6</ele></trkpt>
      <trkpt lat="45.741329" lon="6.713868"><ele>2095.2</ele></trkpt>
      <trkpt lat="45.741006" lon="6.713776"><ele>2101.6</ele></trkpt>
      <trkpt lat="45.740700" lon="6.713553"><ele>2106.0</ele></trkpt>
      <trkpt lat="45.740153" lon="6.712926"><ele>2116.6</ele></trkpt>
      <trkpt lat="45.739806" lon="6.712835"><ele>2123.4</ele></trkpt>
      <trkpt lat="45.739629" lon="6.712490"><ele>2126.0</ele></trkpt>
      <trkpt lat="45.739374" lon="6.712266"><ele>2134.4</ele></trkpt>
      <trkpt lat="45.739510" lon="6.712006"><ele>2140.4</ele></trkpt>
      <trkpt lat="45.739208" lon="6.711805"><ele>2150.2</ele></trkpt>
      <trkpt lat="45.738847" lon="6.711187"><ele>2166.4</ele></trkpt>
      <trkpt lat="45.738580" lon="6.710482"><ele>2184.0</ele></trkpt>
      <trkpt lat="45.738319" lon="6.710079"><ele>2197.2</ele></trkpt>
      <trkpt lat="45.738333" lon="6.709969"><ele>2198.6</ele></trkpt>
      <trkpt lat="45.738180" lon="6.710023"><ele>2202.4</ele></trkpt>
      <trkpt lat="45.738082" lon="6.709944"><ele>2205.8</ele></trkpt>
      <trkpt lat="45.738072" lon="6.709866"><ele>2206.8</ele></trkpt>
      <trkpt lat="45.738170" lon="6.709816"><ele>2209.4</ele></trkpt>
      <trkpt lat="45.738029" lon="6.709688"><ele>2214.6</ele></trkpt>
      <trkpt lat="45.738048" lon="6.709520"><ele>2219.2</ele></trkpt>
      <trkpt lat="45.737771" lon="6.709413"><ele>2228.6</ele></trkpt>
      <trkpt lat="45.737583" lon="6.708883"><ele>2242.8</ele></trkpt>
      <trkpt lat="45.737414" lon="6.708757"><ele>2247.6</ele></trkpt>
      <trkpt lat="45.737861" lon="6.708257"><ele>2259.0</ele></trkpt>
      <trkpt lat="45.737671" lon="6.707870"><ele>2265.0</ele></trkpt>
      <trkpt lat="45.737502" lon="6.707888"><ele>2269.0</ele></trkpt>
      <trkpt lat="45.737242" lon="6.707682"><ele>2276.8</ele></trkpt>
      <trkpt lat="45.736759" lon="6.707813"><ele>2282.6</ele></trkpt>
      <trkpt lat="45.736368" lon="6.707684"><ele>2291.2</ele></trkpt>
      <trkpt lat="45.735999" lon="6.707346"><ele>2308.2</ele></trkpt>
      <trkpt lat="45.735773" lon="6.707258"><ele>2313.0</ele></trkpt>
      <trkpt lat="45.735685" lon="6.707016"><ele>2319.4</ele></trkpt>
      <trkpt lat="45.734975" lon="6.706763"><ele>2336.0</ele></trkpt>
      <trkpt lat="45.734869" lon="6.706833"><ele>2337.4</ele></trkpt>
      <trkpt lat="45.734909" lon="6.707179"><ele>2339.6</ele></trkpt>
      <trkpt lat="45.735042" lon="6.707273"><ele>2340.6</ele></trkpt>
      <trkpt lat="45.734718" lon="6.707032"><ele>2337.4</ele></trkpt>
      <trkpt lat="45.734538" lon="6.707135"><ele>2339.2</ele></trkpt>
      <trkpt lat="45.734322" lon="6.707366"><ele>2344.2</ele></trkpt>
      <trkpt lat="45.734262" lon="6.707792"><ele>2347.2</ele></trkpt>
      <trkpt lat="45.734150" lon="6.708021"><ele>2349.6</ele></trkpt>
      <trkpt lat="45.734060" lon="6.707993"><ele>2351.4</ele></trkpt>
      <trkpt lat="45.733968" lon="6.708268"><ele>2352.4</ele></trkpt>
      <trkpt lat="45.733767" lon="6.708439"><ele>2354.8</ele></trkpt>
      <trkpt lat="45.733315" lon="6.708664"><ele>2367.4</ele></trkpt>
      <trkpt lat="45.733025" lon="6.708642"><ele>2373.0</ele></trkpt>
      <trkpt lat="45.732914" lon="6.708503"><ele>2371.8</ele></trkpt>
      <trkpt lat="45.732348" lon="6.708266"><ele>2384.8</ele></trkpt>
      <trkpt lat="45.731390" lon="6.708333"><ele>2393.8</ele></trkpt>
      <trkpt lat="45.731114" lon="6.708516"><ele>2395.2</ele></trkpt>
      <trkpt lat="45.730890" lon="6.708465"><ele>2397.2</ele></trkpt>
      <trkpt lat="45.730789" lon="6.708538"><ele>2398.6</ele></trkpt>
      <trkpt lat="45.730726" lon="6.708853"><ele>2405.8</ele></trkpt>
      <trkpt lat="45.730578" lon="6.709028"><ele>2410.0</ele></trkpt>
      <trkpt lat="45.730351" lon="6.709007"><ele>2412.0</ele></trkpt>
      <trkpt lat="45.730046" lon="6.709213"><ele>2410.6</ele></trkpt>
      <trkpt lat="45.729987" lon="6.709365"><ele>2413.0</ele></trkpt>
      <trkpt lat="45.729795" lon="6.709397"><ele>2415.2</ele></trkpt>
      <trkpt lat="45.729652" lon="6.709747"><ele>2416.0</ele></trkpt>
      <trkpt lat="45.729522" lon="6.709839"><ele>2418.2</ele></trkpt>
      <trkpt lat="45.729460" lon="6.710164"><ele>2419.0</ele></trkpt>
      <trkpt lat="45.729145" lon="6.710299"><ele>2422.8</ele></trkpt>
      <trkpt lat="45.728330" lon="6.710259"><ele>2414.8</ele></trkpt>
      <trkpt lat="45.728018" lon="6.710354"><ele>2411.2</ele></trkpt>
      <trkpt lat="45.727941" lon="6.710777"><ele>2418.2</ele></trkpt>
      <trkpt lat="45.727803" lon="6.710930"><ele>2418.6</ele></trkpt>
      <trkpt lat="45.727513" lon="6.711056"><ele>2419.0</ele></trkpt>
      <trkpt lat="45.727423" lon="6.711189"><ele>2422.6</ele></trkpt>
      <trkpt lat="45.727001" lon="6.711329"><ele>2419.6</ele></trkpt>
      <trkpt lat="45.726549" lon="6.712251"><ele>2427.8</ele></trkpt>
      <trkpt lat="45.726300" lon="6.712349"><ele>2422.8</ele></trkpt>
      <trkpt lat="45.726198" lon="6.712286"><ele>2419.8</ele></trkpt>
      <trkpt lat="45.726058" lon="6.712523"><ele>2418.8</ele></trkpt>
      <trkpt lat="45.725807" lon="6.712720"><ele>2417.8</ele></trkpt>
      <trkpt lat="45.725712" lon="6.712957"><ele>2421.0</ele></trkpt>
      <trkpt lat="45.725726" lon="6.713157"><ele>2424.6</ele></trkpt>
      <trkpt lat="45.725634" lon="6.713203"><ele>2427.0</ele></trkpt>
      <trkpt lat="45.725573" lon="6.713595"><ele>2433.8</ele></trkpt>
      <trkpt lat="45.725480" lon="6.713665"><ele>2437.0</ele></trkpt>
      <trkpt lat="45.725532" lon="6.713967"><ele>2442.4</ele></trkpt>
      <trkpt lat="45.725496" lon="6.714450"><ele>2446.4</ele></trkpt>
      <trkpt lat="45.725352" lon="6.714625"><ele>2448.8</ele></trkpt>
      <trkpt lat="45.725332" lon="6.715056"><ele>2452.2</ele></trkpt>
      <trkpt lat="45.725493" lon="6.715564"><ele>2461.8</ele></trkpt>
      <trkpt lat="45.725428" lon="6.715916"><ele>2466.4</ele></trkpt>
      <trkpt lat="45.725484" lon="6.716141"><ele>2469.8</ele></trkpt>
      <trkpt lat="45.725395" lon="6.716195"><ele>2471.8</ele></trkpt>
      <trkpt lat="45.725219" lon="6.716094"><ele>2475.6</ele></trkpt>
      <trkpt lat="45.724939" lon="6.716671"><ele>2483.0</ele></trkpt>
      <trkpt lat="45.724621" lon="6.716792"><ele>2490.4</ele></trkpt>
      <trkpt lat="45.724007" lon="6.717295"><ele>2482.4</ele></trkpt>
      <trkpt lat="45.723483" lon="6.717166"><ele>2474.6</ele></trkpt>
      <trkpt lat="45.723143" lon="6.717204"><ele>2470.0</ele></trkpt>
      <trkpt lat="45.722850" lon="6.717070"><ele>2462.4</ele></trkpt>
      <trkpt lat="45.722366" lon="6.717247"><ele>2453.8</ele></trkpt>
      <trkpt lat="45.721966" lon="6.717868"><ele>2448.2</ele></trkpt>
      <trkpt lat="45.722181" lon="6.718700"><ele>2434.2</ele></trkpt>
      <trkpt lat="45.721505" lon="6.719262"><ele>2426.2</ele></trkpt>
      <trkpt lat="45.721558" lon="6.719659"><ele>2418.8</ele></trkpt>
      <trkpt lat="45.721450" lon="6.719932"><ele>2410.8</ele></trkpt>
      <trkpt lat="45.721303" lon="6.719973"><ele>2405.8</ele></trkpt>
      <trkpt lat="45.721345" lon="6.720245"><ele>2400.6</ele></trkpt>
      <trkpt lat="45.721206" lon="6.720397"><ele>2394.2</ele></trkpt>
      <trkpt lat="45.720872" lon="6.720475"><ele>2385.4</ele></trkpt>
      <trkpt lat="45.720987" lon="6.720704"><ele>2380.6</ele></trkpt>
      <trkpt lat="45.720873" lon="6.721112"><ele>2376.6</ele></trkpt>
      <trkpt lat="45.720708" lon="6.721289"><ele>2376.2</ele></trkpt>
      <trkpt lat="45.720473" lon="6.721158"><ele>2370.4</ele></trkpt>
      <trkpt lat="45.720482" lon="6.721640"><ele>2362.0</ele></trkpt>
      <trkpt lat="45.720254" lon="6.721766"><ele>2361.8</ele></trkpt>
      <trkpt lat="45.720085" lon="6.722092"><ele>2358.0</ele></trkpt>
      <trkpt lat="45.719656" lon="6.722520"><ele>2350.8</ele></trkpt>
      <trkpt lat="45.719881" lon="6.722855"><ele>2345.0</ele></trkpt>
      <trkpt lat="45.719674" lon="6.723028"><ele>2345.4</ele></trkpt>
      <trkpt lat="45.719475" lon="6.723569"><ele>2342.6</ele></trkpt>
      <trkpt lat="45.718998" lon="6.723990"><ele>2341.4</ele></trkpt>
      <trkpt lat="45.718775" lon="6.724649"><ele>2335.8</ele></trkpt>
      <trkpt lat="45.718803" lon="6.724840"><ele>2334.6</ele></trkpt>
      <trkpt lat="45.718682" lon="6.725081"><ele>2331.4</ele></trkpt>
      <trkpt lat="45.718716" lon="6.725461"><ele>2328.8</ele></trkpt>
      <trkpt lat="45.718468" lon="6.725480"><ele>2326.8</ele></trkpt>
      <trkpt lat="45.718064" lon="6.725694"><ele>2315.6</ele></trkpt>
      <trkpt lat="45.717899" lon="6.725630"><ele>2310.8</ele></trkpt>
      <trkpt lat="45.717817" lon="6.725979"><ele>2304.8</ele></trkpt>
      <trkpt lat="45.717589" lon="6.725656"><ele>2296.4</ele></trkpt>
      <trkpt lat="45.717578" lon="6.725947"><ele>2290.4</ele></trkpt>
      <trkpt lat="45.717446" lon="6.725903"><ele>2285.8</ele></trkpt>
      <trkpt lat="45.717456" lon="6.726081"><ele>2282.6</ele></trkpt>
      <trkpt lat="45.717386" lon="6.726147"><ele>2280.2</ele></trkpt>
      <trkpt lat="45.717117" lon="6.725876"><ele>2275.0</ele></trkpt>
      <trkpt lat="45.716465" lon="6.725688"><ele>2257.8</ele></trkpt>
      <trkpt lat="45.715652" lon="6.725701"><ele>2238.8</ele></trkpt>
      <trkpt lat="45.715606" lon="6.725596"><ele>2236.0</ele></trkpt>
      <trkpt lat="45.715676" lon="6.725352"><ele>2232.0</ele></trkpt>
      <trkpt lat="45.715224" lon="6.725572"><ele>2220.8</ele></trkpt>
      <trkpt lat="45.714985" lon="6.725156"><ele>2211.2</ele></trkpt>
      <trkpt lat="45.714864" lon="6.725462"><ele>2206.4</ele></trkpt>
      <trkpt lat="45.714641" lon="6.725228"><ele>2200.0</ele></trkpt>
      <trkpt lat="45.714605" lon="6.725082"><ele>2196.4</ele></trkpt>
      <trkpt lat="45.714509" lon="6.725195"><ele>2193.4</ele></trkpt>
      <trkpt lat="45.714440" lon="6.725084"><ele>2190.6</ele></trkpt>
      <trkpt lat="45.714355" lon="6.725253"><ele>2185.2</ele></trkpt>
      <trkpt lat="45.714201" lon="6.725107"><ele>2179.0</ele></trkpt>
      <trkpt lat="45.714168" lon="6.725329"><ele>2174.0</ele></trkpt>
      <trkpt lat="45.714027" lon="6.725207"><ele>2168.6</ele></trkpt>
      <trkpt lat="45.713991" lon="6.725354"><ele>2165.0</ele></trkpt>
      <trkpt lat="45.713646" lon="6.725315"><ele>2151.2</ele></trkpt>
      <trkpt lat="45.713531" lon="6.724700"><ele>2139.4</ele></trkpt>
      <trkpt lat="45.713396" lon="6.724759"><ele>2135.0</ele></trkpt>
      <trkpt lat="45.713478" lon="6.724415"><ele>2128.2</ele></trkpt>
      <trkpt lat="45.713232" lon="6.724533"><ele>2122.4</ele></trkpt>
      <trkpt lat="45.713043" lon="6.724863"><ele>2114.8</ele></trkpt>
      <trkpt lat="45.712692" lon="6.724467"><ele>2100.8</ele></trkpt>
      <trkpt lat="45.712529" lon="6.724657"><ele>2095.8</ele></trkpt>
      <trkpt lat="45.712582" lon="6.724953"><ele>2091.2</ele></trkpt>
      <trkpt lat="45.712282" lon="6.724869"><ele>2084.8</ele></trkpt>
      <trkpt lat="45.712019" lon="6.725259"><ele>2076.2</ele></trkpt>
      <trkpt lat="45.712006" lon="6.725450"><ele>2073.4</ele></trkpt>
      <trkpt lat="45.711859" lon="6.725399"><ele>2069.6</ele></trkpt>
      <trkpt lat="45.711850" lon="6.725598"><ele>2067.4</ele></trkpt>
      <trkpt lat="45.711571" lon="6.725662"><ele>2067.2</ele></trkpt>
      <trkpt lat="45.710434" lon="6.727208"><ele>2036.0</ele></trkpt>
      <trkpt lat="45.710056" lon="6.727415"><ele>2029.2</ele></trkpt>
      <trkpt lat="45.709855" lon="6.727693"><ele>2024.2</ele></trkpt>
      <trkpt lat="45.709554" lon="6.727815"><ele>2018.8</ele></trkpt>
      <trkpt lat="45.708940" lon="6.728298"><ele>2012.8</ele></trkpt>
      <trkpt lat="45.708427" lon="6.728159"><ele>2007.4</ele></trkpt>
      <trkpt lat="45.708070" lon="6.728574"><ele>2002.6</ele></trkpt>
      <trkpt lat="45.707894" lon="6.728607"><ele>1998.8</ele></trkpt>
      <trkpt lat="45.707478" lon="6.729028"><ele>1988.0</ele></trkpt>
      <trkpt lat="45.707335" lon="6.728902"><ele>1983.8</ele></trkpt>
      <trkpt lat="45.707291" lon="6.728573"><ele>1979.0</ele></trkpt>
      <trkpt lat="45.707275" lon="6.728719"><ele>1977.4</ele></trkpt>
      <trkpt lat="45.706966" lon="6.729215"><ele>1969.2</ele></trkpt>
      <trkpt lat="45.706794" lon="6.730021"><ele>1958.4</ele></trkpt>
      <trkpt lat="45.706437" lon="6.729416"><ele>1945.4</ele></trkpt>
      <trkpt lat="45.706335" lon="6.729573"><ele>1940.4</ele></trkpt>
      <trkpt lat="45.706165" lon="6.729571"><ele>1934.0</ele></trkpt>
      <trkpt lat="45.705752" lon="6.729817"><ele>1921.6</ele></trkpt>
      <trkpt lat="45.705686" lon="6.729651"><ele>1917.8</ele></trkpt>
      <trkpt lat="45.705542" lon="6.729738"><ele>1913.0</ele></trkpt>
      <trkpt lat="45.705495" lon="6.729274"><ele>1903.4</ele></trkpt>
      <trkpt lat="45.705372" lon="6.729372"><ele>1900.0</ele></trkpt>
      <trkpt lat="45.705275" lon="6.729143"><ele>1894.8</ele></trkpt>
      <trkpt lat="45.705183" lon="6.729285"><ele>1892.4</ele></trkpt>
      <trkpt lat="45.705101" lon="6.729753"><ele>1884.2</ele></trkpt>
      <trkpt lat="45.704969" lon="6.729887"><ele>1879.8</ele></trkpt>
      <trkpt lat="45.704578" lon="6.729982"><ele>1869.6</ele></trkpt>
      <trkpt lat="45.704319" lon="6.730191"><ele>1862.2</ele></trkpt>
      <trkpt lat="45.703760" lon="6.730282"><ele>1848.0</ele></trkpt>
      <trkpt lat="45.703104" lon="6.730037"><ele>1825.6</ele></trkpt>
      <trkpt lat="45.702749" lon="6.730068"><ele>1816.0</ele></trkpt>
      <trkpt lat="45.701784" lon="6.729773"><ele>1786.2</ele></trkpt>
      <trkpt lat="45.701555" lon="6.729514"><ele>1784.2</ele></trkpt>
      <trkpt lat="45.701305" lon="6.729435"><ele>1780.8</ele></trkpt>
      <trkpt lat="45.700241" lon="6.728153"><ele>1764.0</ele></trkpt>
      <trkpt lat="45.700160" lon="6.727882"><ele>1763.0</ele></trkpt>
      <trkpt lat="45.700276" lon="6.727407"><ele>1763.6</ele></trkpt>
      <trkpt lat="45.700245" lon="6.727260"><ele>1763.2</ele></trkpt>
      <trkpt lat="45.699878" lon="6.727308"><ele>1756.2</ele></trkpt>
      <trkpt lat="45.699523" lon="6.727530"><ele>1744.4</ele></trkpt>
      <trkpt lat="45.699315" lon="6.727779"><ele>1736.0</ele></trkpt>
      <trkpt lat="45.698845" lon="6.727799"><ele>1731.0</ele></trkpt>
      <trkpt lat="45.698541" lon="6.727575"><ele>1727.0</ele></trkpt>
      <trkpt lat="45.698241" lon="6.727079"><ele>1722.2</ele></trkpt>
      <trkpt lat="45.698235" lon="6.727491"><ele>1718.0</ele></trkpt>
      <trkpt lat="45.698634" lon="6.728720"><ele>1708.4</ele></trkpt>
      <trkpt lat="45.698460" lon="6.728681"><ele>1704.0</ele></trkpt>
      <trkpt lat="45.698060" lon="6.728301"><ele>1693.8</ele></trkpt>
      <trkpt lat="45.697705" lon="6.728454"><ele>1682.4</ele></trkpt>
      <trkpt lat="45.697511" lon="6.728770"><ele>1675.2</ele></trkpt>
      <trkpt lat="45.697426" lon="6.729255"><ele>1667.6</ele></trkpt>
      <trkpt lat="45.697229" lon="6.729732"><ele>1659.4</ele></trkpt>
      <trkpt lat="45.697341" lon="6.730080"><ele>1654.2</ele></trkpt>
      <trkpt lat="45.697422" lon="6.731011"><ele>1634.4</ele></trkpt>
      <trkpt lat="45.697031" lon="6.730932"><ele>1627.0</ele></trkpt>
      <trkpt lat="45.696897" lon="6.731066"><ele>1625.2</ele></trkpt>
      <trkpt lat="45.697320" lon="6.731912"><ele>1608.0</ele></trkpt>
      <trkpt lat="45.697245" lon="6.732144"><ele>1602.0</ele></trkpt>
      <trkpt lat="45.696884" lon="6.732487"><ele>1589.0</ele></trkpt>
      <trkpt lat="45.697098" lon="6.732699"><ele>1585.0</ele></trkpt>
      <trkpt lat="45.697095" lon="6.732783"><ele>1583.8</ele></trkpt>
      <trkpt lat="45.696965" lon="6.732818"><ele>1580.2</ele></trkpt>
      <trkpt lat="45.697041" lon="6.732893"><ele>1577.2</ele></trkpt>
      <trkpt lat="45.697068" lon="6.733286"><ele>1565.8</ele></trkpt>
      <trkpt lat="45.696931" lon="6.733375"><ele>1563.2</ele></trkpt>
      <trkpt lat="45.696579" lon="6.733160"><ele>1557.2</ele></trkpt>
      <trkpt lat="45.696377" lon="6.733164"><ele>1550.8</ele></trkpt>
      <trkpt lat="45.696332" lon="6.733271"><ele>1548.6</ele></trkpt>
      <trkpt lat="45.696402" lon="6.733663"><ele>1545.2</ele></trkpt>
      <trkpt lat="45.695953" lon="6.733839"><ele>1544.0</ele></trkpt>
      <trkpt lat="45.695737" lon="6.733625"><ele>1543.0</ele></trkpt>
      <trkpt lat="45.695748" lon="6.733529"><ele>1543.2</ele></trkpt>
      <trkpt lat="45.695810" lon="6.733609"><ele>1543.2</ele></trkpt>
      <trkpt lat="45.695721" lon="6.733543"><ele>1543.2</ele></trkpt>
      <trkpt lat="45.695804" lon="6.733517"><ele>1542.8</ele></trkpt>
      <trkpt lat="45.695650" lon="6.733391"><ele>1542.4</ele></trkpt>
      <trkpt lat="45.695596" lon="6.733468"><ele>1542.0</ele></trkpt>
      <trkpt lat="45.695637" lon="6.733358"><ele>1542.2</ele></trkpt>
      <trkpt lat="45.695591" lon="6.733472"><ele>1543.0</ele></trkpt>
      <trkpt lat="45.695555" lon="6.733355"><ele>1544.6</ele></trkpt>
      <trkpt lat="45.695610" lon="6.733366"><ele>1544.8</ele></trkpt>
      <trkpt lat="45.695548" lon="6.733508"><ele>1544.6</ele></trkpt>
      <trkpt lat="45.695592" lon="6.733456"><ele>1545.0</ele></trkpt>
      <trkpt lat="45.695538" lon="6.733453"><ele>1545.8</ele></trkpt>
      <trkpt lat="45.695663" lon="6.733628"><ele>1546.6</ele></trkpt>
      <trkpt lat="45.696013" lon="6.733865"><ele>1547.8</ele></trkpt>
      <trkpt lat="45.696699" lon="6.733660"><ele>1551.8</ele></trkpt>
      <trkpt lat="45.696868" lon="6.733783"><ele>1553.6</ele></trkpt>
      <trkpt lat="45.697159" lon="6.734247"><ele>1554.6</ele></trkpt>
      <trkpt lat="45.697467" lon="6.735295"><ele>1552.2</ele></trkpt>
      <trkpt lat="45.698320" lon="6.736700"><ele>1554.8</ele></trkpt>
      <trkpt lat="45.698694" lon="6.737187"><ele>1557.8</ele></trkpt>
      <trkpt lat="45.699378" lon="6.737670"><ele>1562.4</ele></trkpt>
      <trkpt lat="45.699785" lon="6.738443"><ele>1565.6</ele></trkpt>
      <trkpt lat="45.699833" lon="6.738942"><ele>1567.2</ele></trkpt>
      <trkpt lat="45.700068" lon="6.739272"><ele>1570.4</ele></trkpt>
      <trkpt lat="45.701012" lon="6.740032"><ele>1577.6</ele></trkpt>
      <trkpt lat="45.701259" lon="6.740742"><ele>1583.0</ele></trkpt>
      <trkpt lat="45.701410" lon="6.741753"><ele>1591.8</ele></trkpt>
      <trkpt lat="45.701834" lon="6.742934"><ele>1606.4</ele></trkpt>
      <trkpt lat="45.701863" lon="6.743280"><ele>1610.6</ele></trkpt>
      <trkpt lat="45.702293" lon="6.744097"><ele>1621.0</ele></trkpt>
      <trkpt lat="45.702631" lon="6.744242"><ele>1623.4</ele></trkpt>
      <trkpt lat="45.702757" lon="6.744468"><ele>1624.8</ele></trkpt>
      <trkpt lat="45.703314" lon="6.744963"><ele>1629.2</ele></trkpt>
      <trkpt lat="45.703664" lon="6.745471"><ele>1633.8</ele></trkpt>
      <trkpt lat="45.703880" lon="6.745992"><ele>1639.6</ele></trkpt>
      <trkpt lat="45.704765" lon="6.747517"><ele>1647.4</ele></trkpt>
      <trkpt lat="45.705093" lon="6.747776"><ele>1650.0</ele></trkpt>
      <trkpt lat="45.705310" lon="6.748159"><ele>1650.4</ele></trkpt>
      <trkpt lat="45.705814" lon="6.748443"><ele>1649.6</ele></trkpt>
      <trkpt lat="45.706194" lon="6.748834"><ele>1651.8</ele></trkpt>
      <trkpt lat="45.706584" lon="6.749766"><ele>1657.2</ele></trkpt>
      <trkpt lat="45.706853" lon="6.750014"><ele>1660.6</ele></trkpt>
      <trkpt lat="45.706940" lon="6.750391"><ele>1662.6</ele></trkpt>
      <trkpt lat="45.707767" lon="6.751265"><ele>1668.2</ele></trkpt>
      <trkpt lat="45.708121" lon="6.751438"><ele>1669.6</ele></trkpt>
      <trkpt lat="45.708309" lon="6.751781"><ele>1669.6</ele></trkpt>
      <trkpt lat="45.708761" lon="6.752209"><ele>1666.2</ele></trkpt>
      <trkpt lat="45.708754" lon="6.752417"><ele>1664.4</ele></trkpt>
      <trkpt lat="45.709202" lon="6.752989"><ele>1660.0</ele></trkpt>
      <trkpt lat="45.709318" lon="6.753501"><ele>1652.0</ele></trkpt>
      <trkpt lat="45.709182" lon="6.753795"><ele>1650.8</ele></trkpt>
      <trkpt lat="45.709413" lon="6.754160"><ele>1651.2</ele></trkpt>
      <trkpt lat="45.709548" lon="6.754604"><ele>1652.2</ele></trkpt>
      <trkpt lat="45.710208" lon="6.755085"><ele>1653.4</ele></trkpt>
      <trkpt lat="45.710599" lon="6.755502"><ele>1654.8</ele></trkpt>
      <trkpt lat="45.711504" lon="6.756017"><ele>1657.4</ele></trkpt>
      <trkpt lat="45.711772" lon="6.756138"><ele>1657.8</ele></trkpt>
      <trkpt lat="45.711928" lon="6.756068"><ele>1658.0</ele></trkpt>
      <trkpt lat="45.712159" lon="6.756221"><ele>1658.6</ele></trkpt>
      <trkpt lat="45.713017" lon="6.757144"><ele>1663.6</ele></trkpt>
      <trkpt lat="45.713314" lon="6.757634"><ele>1671.6</ele></trkpt>
      <trkpt lat="45.714353" lon="6.758145"><ele>1686.6</ele></trkpt>
      <trkpt lat="45.715318" lon="6.759352"><ele>1698.0</ele></trkpt>
      <trkpt lat="45.716320" lon="6.760224"><ele>1710.8</ele></trkpt>
      <trkpt lat="45.716435" lon="6.760572"><ele>1712.8</ele></trkpt>
      <trkpt lat="45.716721" lon="6.760632"><ele>1716.2</ele></trkpt>
      <trkpt lat="45.717004" lon="6.760991"><ele>1725.2</ele></trkpt>
      <trkpt lat="45.717261" lon="6.761594"><ele>1732.6</ele></trkpt>
      <trkpt lat="45.718233" lon="6.762668"><ele>1747.0</ele></trkpt>
      <trkpt lat="45.718393" lon="6.762988"><ele>1754.8</ele></trkpt>
      <trkpt lat="45.718534" lon="6.763005"><ele>1757.0</ele></trkpt>
      <trkpt lat="45.719044" lon="6.763912"><ele>1771.2</ele></trkpt>
      <trkpt lat="45.718970" lon="6.764285"><ele>1776.8</ele></trkpt>
      <trkpt lat="45.719129" lon="6.764866"><ele>1785.0</ele></trkpt>
      <trkpt lat="45.719123" lon="6.765084"><ele>1787.0</ele></trkpt>
      <trkpt lat="45.719344" lon="6.765709"><ele>1795.4</ele></trkpt>
      <trkpt lat="45.719472" lon="6.765865"><ele>1797.8</ele></trkpt>
      <trkpt lat="45.719505" lon="6.766114"><ele>1803.0</ele></trkpt>
      <trkpt lat="45.720211" lon="6.766567"><ele>1821.0</ele></trkpt>
      <trkpt lat="45.720406" lon="6.767000"><ele>1826.0</ele></trkpt>
      <trkpt lat="45.720594" lon="6.767172"><ele>1826.8</ele></trkpt>
      <trkpt lat="45.721335" lon="6.767615"><ele>1822.6</ele></trkpt>
      <trkpt lat="45.721191" lon="6.768473"><ele>1813.0</ele></trkpt>
      <trkpt lat="45.721225" lon="6.768774"><ele>1818.4</ele></trkpt>
      <trkpt lat="45.721612" lon="6.768737"><ele>1825.8</ele></trkpt>
      <trkpt lat="45.722422" lon="6.768435"><ele>1840.0</ele></trkpt>
      <trkpt lat="45.723015" lon="6.768553"><ele>1840.2</ele></trkpt>
      <trkpt lat="45.723320" lon="6.768935"><ele>1839.2</ele></trkpt>
      <trkpt lat="45.723620" lon="6.769149"><ele>1833.0</ele></trkpt>
      <trkpt lat="45.724298" lon="6.769179"><ele>1821.6</ele></trkpt>
      <trkpt lat="45.725178" lon="6.769015"><ele>1808.6</ele></trkpt>
      <trkpt lat="45.725424" lon="6.768782"><ele>1803.0</ele></trkpt>
      <trkpt lat="45.725609" lon="6.768775"><ele>1800.8</ele></trkpt>
      <trkpt lat="45.726478" lon="6.769011"><ele>1792.2</ele></trkpt>
      <trkpt lat="45.726847" lon="6.769213"><ele>1789.2</ele></trkpt>
      <trkpt lat="45.727441" lon="6.769104"><ele>1778.0</ele></trkpt>
      <trkpt lat="45.727620" lon="6.769183"><ele>1780.2</ele></trkpt>
      <trkpt lat="45.727957" lon="6.769635"><ele>1785.2</ele></trkpt>
      <trkpt lat="45.728209" lon="6.769619"><ele>1788.0</ele></trkpt>
      <trkpt lat="45.728711" lon="6.769861"><ele>1795.8</ele></trkpt>
      <trkpt lat="45.729986" lon="6.771492"><ele>1809.0</ele></trkpt>
      <trkpt lat="45.730046" lon="6.771932"><ele>1812.4</ele></trkpt>
      <trkpt lat="45.730005" lon="6.772278"><ele>1816.0</ele></trkpt>
      <trkpt lat="45.730240" lon="6.772852"><ele>1820.4</ele></trkpt>
      <trkpt lat="45.730571" lon="6.773293"><ele>1824.6</ele></trkpt>
      <trkpt lat="45.730780" lon="6.773411"><ele>1827.2</ele></trkpt>
      <trkpt lat="45.731431" lon="6.774545"><ele>1837.6</ele></trkpt>
      <trkpt lat="45.732223" lon="6.775078"><ele>1847.8</ele></trkpt>
      <trkpt lat="45.732606" lon="6.775713"><ele>1854.8</ele></trkpt>
      <trkpt lat="45.732714" lon="6.776083"><ele>1857.8</ele></trkpt>
      <trkpt lat="45.733406" lon="6.777022"><ele>1863.2</ele></trkpt>
      <trkpt lat="45.733586" lon="6.777208"><ele>1864.6</ele></trkpt>
      <trkpt lat="45.734359" lon="6.777470"><ele>1871.6</ele></trkpt>
      <trkpt lat="45.735054" lon="6.778009"><ele>1876.4</ele></trkpt>
      <trkpt lat="45.735130" lon="6.778479"><ele>1871.2</ele></trkpt>
      <trkpt lat="45.735246" lon="6.778493"><ele>1870.2</ele></trkpt>
      <trkpt lat="45.735509" lon="6.778227"><ele>1874.0</ele></trkpt>
      <trkpt lat="45.735820" lon="6.778202"><ele>1875.6</ele></trkpt>
      <trkpt lat="45.735883" lon="6.778486"><ele>1878.4</ele></trkpt>
      <trkpt lat="45.736137" lon="6.778946"><ele>1885.0</ele></trkpt>
      <trkpt lat="45.736200" lon="6.779413"><ele>1890.8</ele></trkpt>
      <trkpt lat="45.735747" lon="6.779199"><ele>1899.2</ele></trkpt>
      <trkpt lat="45.735503" lon="6.779211"><ele>1903.0</ele></trkpt>
      <trkpt lat="45.735728" lon="6.779798"><ele>1910.0</ele></trkpt>
      <trkpt lat="45.736032" lon="6.780156"><ele>1915.2</ele></trkpt>
      <trkpt lat="45.736022" lon="6.780379"><ele>1917.6</ele></trkpt>
      <trkpt lat="45.736125" lon="6.780623"><ele>1921.0</ele></trkpt>
      <trkpt lat="45.736670" lon="6.781443"><ele>1932.2</ele></trkpt>
      <trkpt lat="45.736046" lon="6.781245"><ele>1940.6</ele></trkpt>
      <trkpt lat="45.735057" lon="6.781211"><ele>1956.2</ele></trkpt>
      <trkpt lat="45.735040" lon="6.781324"><ele>1957.8</ele></trkpt>
      <trkpt lat="45.735715" lon="6.781947"><ele>1971.2</ele></trkpt>
      <trkpt lat="45.735854" lon="6.782273"><ele>1975.0</ele></trkpt>
      <trkpt lat="45.735675" lon="6.782050"><ele>1977.8</ele></trkpt>
      <trkpt lat="45.735085" lon="6.782075"><ele>1986.4</ele></trkpt>
      <trkpt lat="45.734747" lon="6.781987"><ele>1993.0</ele></trkpt>
      <trkpt lat="45.734825" lon="6.782167"><ele>1997.0</ele></trkpt>
      <trkpt lat="45.734659" lon="6.782209"><ele>2000.0</ele></trkpt>
      <trkpt lat="45.734833" lon="6.782391"><ele>2002.6</ele></trkpt>
      <trkpt lat="45.734690" lon="6.782451"><ele>2005.4</ele></trkpt>
      <trkpt lat="45.734816" lon="6.782594"><ele>2006.2</ele></trkpt>
      <trkpt lat="45.735250" lon="6.782683"><ele>2013.2</ele></trkpt>
      <trkpt lat="45.735008" lon="6.782655"><ele>2016.0</ele></trkpt>
      <trkpt lat="45.734789" lon="6.782871"><ele>2020.0</ele></trkpt>
      <trkpt lat="45.735066" lon="6.782865"><ele>2024.8</ele></trkpt>
      <trkpt lat="45.735453" lon="6.783219"><ele>2033.2</ele></trkpt>
      <trkpt lat="45.735738" lon="6.783723"><ele>2042.6</ele></trkpt>
      <trkpt lat="45.735824" lon="6.784215"><ele>2052.4</ele></trkpt>
      <trkpt lat="45.735944" lon="6.784434"><ele>2057.6</ele></trkpt>
      <trkpt lat="45.736162" lon="6.784389"><ele>2062.2</ele></trkpt>
      <trkpt lat="45.736379" lon="6.784661"><ele>2068.8</ele></trkpt>
      <trkpt lat="45.736720" lon="6.784663"><ele>2070.8</ele></trkpt>
      <trkpt lat="45.736864" lon="6.784829"><ele>2075.8</ele></trkpt>
      <trkpt lat="45.737355" lon="6.785053"><ele>2082.8</ele></trkpt>
      <trkpt lat="45.737775" lon="6.785631"><ele>2098.6</ele></trkpt>
      <trkpt lat="45.738553" lon="6.786076"><ele>2116.6</ele></trkpt>
      <trkpt lat="45.738522" lon="6.786213"><ele>2119.6</ele></trkpt>
      <trkpt lat="45.738688" lon="6.786267"><ele>2123.4</ele></trkpt>
      <trkpt lat="45.739061" lon="6.786804"><ele>2133.6</ele></trkpt>
      <trkpt lat="45.739084" lon="6.787373"><ele>2139.0</ele></trkpt>
      <trkpt lat="45.739445" lon="6.788091"><ele>2141.0</ele></trkpt>
      <trkpt lat="45.739459" lon="6.788380"><ele>2140.0</ele></trkpt>
      <trkpt lat="45.739655" lon="6.788849"><ele>2140.6</ele></trkpt>
      <trkpt lat="45.739767" lon="6.789460"><ele>2140.8</ele></trkpt>
      <trkpt lat="45.740035" lon="6.789131"><ele>2146.0</ele></trkpt>
      <trkpt lat="45.740468" lon="6.789185"><ele>2156.4</ele></trkpt>
      <trkpt lat="45.740649" lon="6.789070"><ele>2161.2</ele></trkpt>
      <trkpt lat="45.741257" lon="6.789549"><ele>2168.4</ele></trkpt>
      <trkpt lat="45.741494" lon="6.789987"><ele>2175.0</ele></trkpt>
      <trkpt lat="45.741519" lon="6.790529"><ele>2181.4</ele></trkpt>
      <trkpt lat="45.741865" lon="6.791269"><ele>2194.2</ele></trkpt>
      <trkpt lat="45.741998" lon="6.792125"><ele>2208.6</ele></trkpt>
      <trkpt lat="45.742387" lon="6.792533"><ele>2224.8</ele></trkpt>
      <trkpt lat="45.742571" lon="6.792610"><ele>2229.6</ele></trkpt>
      <trkpt lat="45.742673" lon="6.792882"><ele>2233.0</ele></trkpt>
      <trkpt lat="45.742853" lon="6.792990"><ele>2236.6</ele></trkpt>
      <trkpt lat="45.742941" lon="6.792894"><ele>2238.6</ele></trkpt>
      <trkpt lat="45.743046" lon="6.792951"><ele>2240.6</ele></trkpt>
      <trkpt lat="45.743091" lon="6.793201"><ele>2244.4</ele></trkpt>
      <trkpt lat="45.743217" lon="6.793258"><ele>2248.0</ele></trkpt>
      <trkpt lat="45.743464" lon="6.793245"><ele>2254.4</ele></trkpt>
      <trkpt lat="45.743519" lon="6.792945"><ele>2258.6</ele></trkpt>
      <trkpt lat="45.743694" lon="6.792954"><ele>2259.4</ele></trkpt>
      <trkpt lat="45.743899" lon="6.792258"><ele>2266.0</ele></trkpt>
      <trkpt lat="45.744280" lon="6.791833"><ele>2274.4</ele></trkpt>
      <trkpt lat="45.745164" lon="6.791323"><ele>2289.4</ele></trkpt>
      <trkpt lat="45.745740" lon="6.791534"><ele>2301.6</ele></trkpt>
      <trkpt lat="45.746009" lon="6.791806"><ele>2310.4</ele></trkpt>
      <trkpt lat="45.746088" lon="6.792048"><ele>2314.0</ele></trkpt>
      <trkpt lat="45.746122" lon="6.792735"><ele>2326.4</ele></trkpt>
      <trkpt lat="45.746282" lon="6.793114"><ele>2332.4</ele></trkpt>
      <trkpt lat="45.746306" lon="6.793376"><ele>2336.0</ele></trkpt>
      <trkpt lat="45.746627" lon="6.794086"><ele>2347.8</ele></trkpt>
      <trkpt lat="45.746923" lon="6.795160"><ele>2364.8</ele></trkpt>
      <trkpt lat="45.747296" lon="6.795827"><ele>2373.4</ele></trkpt>
      <trkpt lat="45.747675" lon="6.797000"><ele>2384.4</ele></trkpt>
      <trkpt lat="45.747992" lon="6.797533"><ele>2392.6</ele></trkpt>
      <trkpt lat="45.748374" lon="6.797859"><ele>2404.0</ele></trkpt>
      <trkpt lat="45.748624" lon="6.798393"><ele>2413.4</ele></trkpt>
      <trkpt lat="45.748647" lon="6.798830"><ele>2421.6</ele></trkpt>
      <trkpt lat="45.748800" lon="6.799447"><ele>2427.8</ele></trkpt>
      <trkpt lat="45.749464" lon="6.801264"><ele>2456.6</ele></trkpt>
      <trkpt lat="45.749517" lon="6.801889"><ele>2463.0</ele></trkpt>
      <trkpt lat="45.749659" lon="6.802295"><ele>2469.8</ele></trkpt>
      <trkpt lat="45.750661" lon="6.804483"><ele>2491.4</ele></trkpt>
      <trkpt lat="45.750966" lon="6.805400"><ele>2503.6</ele></trkpt>
      <trkpt lat="45.751257" lon="6.805821"><ele>2509.2</ele></trkpt>
      <trkpt lat="45.751379" lon="6.806179"><ele>2514.6</ele></trkpt>
      <trkpt lat="45.751469" lon="6.806788"><ele>2518.8</ele></trkpt>
      <trkpt lat="45.751443" lon="6.807259"><ele>2520.0</ele></trkpt>
      <trkpt lat="45.751211" lon="6.807713"><ele>2516.2</ele></trkpt>
      <trkpt lat="45.750969" lon="6.807826"><ele>2510.8</ele></trkpt>
      <trkpt lat="45.750951" lon="6.808019"><ele>2509.8</ele></trkpt>
      <trkpt lat="45.751208" lon="6.808606"><ele>2502.0</ele></trkpt>
      <trkpt lat="45.751206" lon="6.808973"><ele>2498.8</ele></trkpt>
      <trkpt lat="45.751430" lon="6.809328"><ele>2493.0</ele></trkpt>
      <trkpt lat="45.751355" lon="6.809758"><ele>2486.6</ele></trkpt>
      <trkpt lat="45.751608" lon="6.810406"><ele>2479.4</ele></trkpt>
      <trkpt lat="45.751549" lon="6.810632"><ele>2475.0</ele></trkpt>
      <trkpt lat="45.751638" lon="6.810921"><ele>2471.4</ele></trkpt>
      <trkpt lat="45.751616" lon="6.811127"><ele>2467.6</ele></trkpt>
      <trkpt lat="45.751791" lon="6.811683"><ele>2458.2</ele></trkpt>
      <trkpt lat="45.751595" lon="6.811971"><ele>2451.2</ele></trkpt>
      <trkpt lat="45.751507" lon="6.812280"><ele>2445.6</ele></trkpt>
      <trkpt lat="45.751725" lon="6.813510"><ele>2426.2</ele></trkpt>
      <trkpt lat="45.752050" lon="6.814400"><ele>2407.2</ele></trkpt>
      <trkpt lat="45.752462" lon="6.815074"><ele>2391.8</ele></trkpt>
      <trkpt lat="45.752500" lon="6.815375"><ele>2384.8</ele></trkpt>
      <trkpt lat="45.752698" lon="6.815547"><ele>2378.8</ele></trkpt>
      <trkpt lat="45.752641" lon="6.815764"><ele>2370.4</ele></trkpt>
      <trkpt lat="45.752515" lon="6.815831"><ele>2365.8</ele></trkpt>
      <trkpt lat="45.752673" lon="6.816340"><ele>2353.4</ele></trkpt>
      <trkpt lat="45.752583" lon="6.816746"><ele>2346.0</ele></trkpt>
      <trkpt lat="45.752643" lon="6.816983"><ele>2340.4</ele></trkpt>
      <trkpt lat="45.752582" lon="6.817301"><ele>2334.2</ele></trkpt>
      <trkpt lat="45.752661" lon="6.817591"><ele>2324.4</ele></trkpt>
      <trkpt lat="45.753253" lon="6.818192"><ele>2303.4</ele></trkpt>
      <trkpt lat="45.753432" lon="6.818178"><ele>2299.4</ele></trkpt>
      <trkpt lat="45.753939" lon="6.818951"><ele>2294.4</ele></trkpt>
      <trkpt lat="45.754087" lon="6.818907"><ele>2291.4</ele></trkpt>
      <trkpt lat="45.754197" lon="6.819086"><ele>2290.8</ele></trkpt>
      <trkpt lat="45.754194" lon="6.819280"><ele>2291.8</ele></trkpt>
      <trkpt lat="45.754358" lon="6.819701"><ele>2293.0</ele></trkpt>
      <trkpt lat="45.754356" lon="6.821300"><ele>2285.8</ele></trkpt>
      <trkpt lat="45.754454" lon="6.821893"><ele>2281.0</ele></trkpt>
      <trkpt lat="45.754635" lon="6.822340"><ele>2279.4</ele></trkpt>
      <trkpt lat="45.755192" lon="6.823273"><ele>2275.2</ele></trkpt>
      <trkpt lat="45.755806" lon="6.824884"><ele>2256.6</ele></trkpt>
      <trkpt lat="45.756183" lon="6.825385"><ele>2249.8</ele></trkpt>
      <trkpt lat="45.756374" lon="6.825879"><ele>2244.8</ele></trkpt>
      <trkpt lat="45.756759" lon="6.826444"><ele>2238.0</ele></trkpt>
      <trkpt lat="45.757316" lon="6.826988"><ele>2223.8</ele></trkpt>
      <trkpt lat="45.757859" lon="6.828104"><ele>2213.4</ele></trkpt>
      <trkpt lat="45.758319" lon="6.828688"><ele>2206.6</ele></trkpt>
      <trkpt lat="45.758763" lon="6.829938"><ele>2198.6</ele></trkpt>
      <trkpt lat="45.759475" lon="6.831170"><ele>2175.8</ele></trkpt>
      <trkpt lat="45.759799" lon="6.831917"><ele>2161.6</ele></trkpt>
      <trkpt lat="45.760680" lon="6.833323"><ele>2156.2</ele></trkpt>
      <trkpt lat="45.761397" lon="6.834357"><ele>2154.4</ele></trkpt>
      <trkpt lat="45.762275" lon="6.835151"><ele>2152.4</ele></trkpt>
      <trkpt lat="45.763250" lon="6.836391"><ele>2149.6</ele></trkpt>
      <trkpt lat="45.763773" lon="6.836661"><ele>2149.4</ele></trkpt>
      <trkpt lat="45.764172" lon="6.837074"><ele>2148.6</ele></trkpt>
      <trkpt lat="45.764791" lon="6.837938"><ele>2147.0</ele></trkpt>
      <trkpt lat="45.765199" lon="6.838168"><ele>2145.8</ele></trkpt>
      <trkpt lat="45.765502" lon="6.838488"><ele>2145.0</ele></trkpt>
      <trkpt lat="45.765213" lon="6.839870"><ele>2144.6</ele></trkpt>
      <trkpt lat="45.764937" lon="6.840544"><ele>2149.2</ele></trkpt>
      <trkpt lat="45.764938" lon="6.840776"><ele>2147.6</ele></trkpt>
      <trkpt lat="45.765189" lon="6.841120"><ele>2142.0</ele></trkpt>
      <trkpt lat="45.765435" lon="6.842034"><ele>2132.6</ele></trkpt>
      <trkpt lat="45.765413" lon="6.842192"><ele>2132.2</ele></trkpt>
      <trkpt lat="45.765006" lon="6.842879"><ele>2122.0</ele></trkpt>
      <trkpt lat="45.765150" lon="6.843421"><ele>2111.8</ele></trkpt>
      <trkpt lat="45.765312" lon="6.843858"><ele>2101.0</ele></trkpt>
      <trkpt lat="45.766050" lon="6.844960"><ele>2068.6</ele></trkpt>
      <trkpt lat="45.766237" lon="6.845641"><ele>2052.8</ele></trkpt>
      <trkpt lat="45.766771" lon="6.846455"><ele>2029.8</ele></trkpt>
      <trkpt lat="45.766855" lon="6.846776"><ele>2021.8</ele></trkpt>
      <trkpt lat="45.767016" lon="6.847021"><ele>2015.8</ele></trkpt>
      <trkpt lat="45.767322" lon="6.848240"><ele>1988.8</ele></trkpt>
      <trkpt lat="45.767844" lon="6.848609"><ele>1978.2</ele></trkpt>
      <trkpt lat="45.767948" lon="6.849078"><ele>1972.2</ele></trkpt>
      <trkpt lat="45.768289" lon="6.849592"><ele>1969.0</ele></trkpt>
      <trkpt lat="45.768448" lon="6.850237"><ele>1967.6</ele></trkpt>
      <trkpt lat="45.768839" lon="6.850987"><ele>1965.6</ele></trkpt>
      <trkpt lat="45.768817" lon="6.851424"><ele>1965.2</ele></trkpt>
      <trkpt lat="45.768865" lon="6.851290"><ele>1964.4</ele></trkpt>
      <trkpt lat="45.768804" lon="6.851259"><ele>1965.2</ele></trkpt>
      <trkpt lat="45.768866" lon="6.851395"><ele>1964.2</ele></trkpt>
      <trkpt lat="45.768883" lon="6.851233"><ele>1964.6</ele></trkpt>
      <trkpt lat="45.768899" lon="6.851385"><ele>1966.8</ele></trkpt>
      <trkpt lat="45.768964" lon="6.851296"><ele>1966.4</ele></trkpt>
      <trkpt lat="45.768893" lon="6.851363"><ele>1966.8</ele></trkpt>
      <trkpt lat="45.768897" lon="6.851263"><ele>1966.4</ele></trkpt>
      <trkpt lat="45.768940" lon="6.851323"><ele>1966.8</ele></trkpt>
      <trkpt lat="45.768877" lon="6.851332"><ele>1966.6</ele></trkpt>
      <trkpt lat="45.768947" lon="6.851358"><ele>1966.6</ele></trkpt>
      <trkpt lat="45.769035" lon="6.851235"><ele>1966.4</ele></trkpt>
      <trkpt lat="45.768859" lon="6.851307"><ele>1967.8</ele></trkpt>
      <trkpt lat="45.768885" lon="6.851499"><ele>1968.4</ele></trkpt>
      <trkpt lat="45.769066" lon="6.851396"><ele>1969.2</ele></trkpt>
      <trkpt lat="45.769540" lon="6.852193"><ele>1969.0</ele></trkpt>
      <trkpt lat="45.771027" lon="6.857846"><ele>1966.2</ele></trkpt>
      <trkpt lat="45.771871" lon="6.859868"><ele>1964.2</ele></trkpt>
      <trkpt lat="45.772425" lon="6.860977"><ele>1963.2</ele></trkpt>
      <trkpt lat="45.772517" lon="6.861483"><ele>1962.8</ele></trkpt>
      <trkpt lat="45.772480" lon="6.863012"><ele>1961.2</ele></trkpt>
      <trkpt lat="45.772537" lon="6.863201"><ele>1961.6</ele></trkpt>
      <trkpt lat="45.772684" lon="6.863384"><ele>1961.6</ele></trkpt>
      <trkpt lat="45.772800" lon="6.863993"><ele>1962.0</ele></trkpt>
      <trkpt lat="45.773041" lon="6.864505"><ele>1961.6</ele></trkpt>
      <trkpt lat="45.773537" lon="6.864718"><ele>1961.6</ele></trkpt>
      <trkpt lat="45.773706" lon="6.864873"><ele>1961.8</ele></trkpt>
      <trkpt lat="45.773812" lon="6.865125"><ele>1961.8</ele></trkpt>
      <trkpt lat="45.773945" lon="6.865720"><ele>1961.0</ele></trkpt>
      <trkpt lat="45.773854" lon="6.866415"><ele>1963.2</ele></trkpt>
      <trkpt lat="45.774173" lon="6.867213"><ele>1965.6</ele></trkpt>
      <trkpt lat="45.774606" lon="6.867732"><ele>1965.6</ele></trkpt>
      <trkpt lat="45.774972" lon="6.868582"><ele>1965.0</ele></trkpt>
      <trkpt lat="45.775387" lon="6.869989"><ele>1966.0</ele></trkpt>
      <trkpt lat="45.775621" lon="6.871654"><ele>1991.6</ele></trkpt>
      <trkpt lat="45.775542" lon="6.871890"><ele>1995.4</ele></trkpt>
      <trkpt lat="45.775326" lon="6.871922"><ele>1998.4</ele></trkpt>
      <trkpt lat="45.775106" lon="6.872211"><ele>2001.8</ele></trkpt>
      <trkpt lat="45.774932" lon="6.872792"><ele>2012.0</ele></trkpt>
      <trkpt lat="45.774869" lon="6.873732"><ele>2025.2</ele></trkpt>
      <trkpt lat="45.774480" lon="6.874947"><ele>2044.2</ele></trkpt>
      <trkpt lat="45.774569" lon="6.875537"><ele>2054.0</ele></trkpt>
      <trkpt lat="45.774872" lon="6.875873"><ele>2064.2</ele></trkpt>
      <trkpt lat="45.775091" lon="6.876778"><ele>2075.2</ele></trkpt>
      <trkpt lat="45.774897" lon="6.877002"><ele>2084.2</ele></trkpt>
      <trkpt lat="45.774304" lon="6.876566"><ele>2100.6</ele></trkpt>
      <trkpt lat="45.774256" lon="6.877338"><ele>2115.0</ele></trkpt>
      <trkpt lat="45.774132" lon="6.877387"><ele>2119.4</ele></trkpt>
      <trkpt lat="45.773948" lon="6.877274"><ele>2123.6</ele></trkpt>
      <trkpt lat="45.773813" lon="6.877367"><ele>2128.0</ele></trkpt>
      <trkpt lat="45.773782" lon="6.877731"><ele>2133.6</ele></trkpt>
      <trkpt lat="45.773345" lon="6.878258"><ele>2145.8</ele></trkpt>
      <trkpt lat="45.773047" lon="6.879279"><ele>2154.0</ele></trkpt>
      <trkpt lat="45.772854" lon="6.879426"><ele>2158.2</ele></trkpt>
      <trkpt lat="45.772882" lon="6.879629"><ele>2160.2</ele></trkpt>
      <trkpt lat="45.773005" lon="6.879706"><ele>2165.0</ele></trkpt>
      <trkpt lat="45.772774" lon="6.879872"><ele>2172.2</ele></trkpt>
      <trkpt lat="45.772575" lon="6.880183"><ele>2181.2</ele></trkpt>
      <trkpt lat="45.772444" lon="6.880211"><ele>2186.0</ele></trkpt>
      <trkpt lat="45.772263" lon="6.880623"><ele>2197.6</ele></trkpt>
      <trkpt lat="45.772097" lon="6.880705"><ele>2203.0</ele></trkpt>
      <trkpt lat="45.772096" lon="6.880879"><ele>2205.8</ele></trkpt>
      <trkpt lat="45.771932" lon="6.880797"><ele>2210.8</ele></trkpt>
      <trkpt lat="45.771652" lon="6.881052"><ele>2217.6</ele></trkpt>
      <trkpt lat="45.771606" lon="6.881300"><ele>2222.2</ele></trkpt>
      <trkpt lat="45.771334" lon="6.881776"><ele>2231.6</ele></trkpt>
      <trkpt lat="45.770833" lon="6.882114"><ele>2241.0</ele></trkpt>
      <trkpt lat="45.770449" lon="6.882198"><ele>2247.2</ele></trkpt>
      <trkpt lat="45.769535" lon="6.883152"><ele>2270.4</ele></trkpt>
      <trkpt lat="45.769203" lon="6.883168"><ele>2279.4</ele></trkpt>
      <trkpt lat="45.769202" lon="6.883271"><ele>2281.8</ele></trkpt>
      <trkpt lat="45.768804" lon="6.883434"><ele>2295.0</ele></trkpt>
      <trkpt lat="45.768835" lon="6.883581"><ele>2297.0</ele></trkpt>
      <trkpt lat="45.768971" lon="6.883683"><ele>2299.4</ele></trkpt>
      <trkpt lat="45.768788" lon="6.883855"><ele>2301.8</ele></trkpt>
      <trkpt lat="45.768629" lon="6.884218"><ele>2307.0</ele></trkpt>
      <trkpt lat="45.768381" lon="6.884907"><ele>2318.8</ele></trkpt>
      <trkpt lat="45.768408" lon="6.885164"><ele>2323.4</ele></trkpt>
      <trkpt lat="45.768288" lon="6.885519"><ele>2329.8</ele></trkpt>
      <trkpt lat="45.768071" lon="6.885782"><ele>2331.8</ele></trkpt>
      <trkpt lat="45.767676" lon="6.886674"><ele>2348.2</ele></trkpt>
      <trkpt lat="45.767669" lon="6.886766"><ele>2349.4</ele></trkpt>
      <trkpt lat="45.767926" lon="6.886645"><ele>2353.8</ele></trkpt>
      <trkpt lat="45.768168" lon="6.886672"><ele>2357.8</ele></trkpt>
      <trkpt lat="45.768368" lon="6.886880"><ele>2363.0</ele></trkpt>
      <trkpt lat="45.768909" lon="6.886615"><ele>2375.6</ele></trkpt>
      <trkpt lat="45.769382" lon="6.886623"><ele>2378.2</ele></trkpt>
      <trkpt lat="45.769884" lon="6.887931"><ele>2383.8</ele></trkpt>
      <trkpt lat="45.770366" lon="6.888355"><ele>2390.2</ele></trkpt>
      <trkpt lat="45.770832" lon="6.889106"><ele>2405.6</ele></trkpt>
      <trkpt lat="45.771997" lon="6.889463"><ele>2433.0</ele></trkpt>
      <trkpt lat="45.772271" lon="6.889770"><ele>2436.4</ele></trkpt>
      <trkpt lat="45.772224" lon="6.889794"><ele>2435.6</ele></trkpt>
      <trkpt lat="45.772307" lon="6.890018"><ele>2430.2</ele></trkpt>
      <trkpt lat="45.772232" lon="6.890261"><ele>2427.0</ele></trkpt>
      <trkpt lat="45.771945" lon="6.890754"><ele>2417.2</ele></trkpt>
      <trkpt lat="45.772353" lon="6.890736"><ele>2403.0</ele></trkpt>
      <trkpt lat="45.772436" lon="6.890776"><ele>2400.8</ele></trkpt>
      <trkpt lat="45.772481" lon="6.890955"><ele>2397.4</ele></trkpt>
      <trkpt lat="45.772154" lon="6.891124"><ele>2388.0</ele></trkpt>
      <trkpt lat="45.771593" lon="6.891931"><ele>2372.8</ele></trkpt>
      <trkpt lat="45.771298" lon="6.892132"><ele>2368.0</ele></trkpt>
      <trkpt lat="45.770946" lon="6.892659"><ele>2360.2</ele></trkpt>
      <trkpt lat="45.770735" lon="6.893191"><ele>2355.2</ele></trkpt>
      <trkpt lat="45.770422" lon="6.894448"><ele>2344.0</ele></trkpt>
      <trkpt lat="45.770266" lon="6.895825"><ele>2329.4</ele></trkpt>
      <trkpt lat="45.770236" lon="6.896145"><ele>2330.4</ele></trkpt>
      <trkpt lat="45.770350" lon="6.896602"><ele>2332.4</ele></trkpt>
      <trkpt lat="45.771030" lon="6.898037"><ele>2341.2</ele></trkpt>
      <trkpt lat="45.771334" lon="6.899618"><ele>2351.6</ele></trkpt>
      <trkpt lat="45.771694" lon="6.900310"><ele>2340.2</ele></trkpt>
      <trkpt lat="45.772169" lon="6.900606"><ele>2340.6</ele></trkpt>
      <trkpt lat="45.772395" lon="6.901148"><ele>2336.0</ele></trkpt>
      <trkpt lat="45.772700" lon="6.901441"><ele>2336.4</ele></trkpt>
      <trkpt lat="45.772800" lon="6.901734"><ele>2333.2</ele></trkpt>
      <trkpt lat="45.772814" lon="6.902090"><ele>2331.8</ele></trkpt>
      <trkpt lat="45.772949" lon="6.902375"><ele>2328.6</ele></trkpt>
      <trkpt lat="45.773679" lon="6.903173"><ele>2325.2</ele></trkpt>
      <trkpt lat="45.774159" lon="6.903135"><ele>2325.8</ele></trkpt>
      <trkpt lat="45.774998" lon="6.903734"><ele>2312.6</ele></trkpt>
      <trkpt lat="45.775090" lon="6.904350"><ele>2301.6</ele></trkpt>
      <trkpt lat="45.775224" lon="6.904705"><ele>2296.6</ele></trkpt>
      <trkpt lat="45.775204" lon="6.905124"><ele>2294.0</ele></trkpt>
      <trkpt lat="45.776188" lon="6.905293"><ele>2296.6</ele></trkpt>
      <trkpt lat="45.776842" lon="6.905959"><ele>2292.0</ele></trkpt>
      <trkpt lat="45.777270" lon="6.906160"><ele>2280.6</ele></trkpt>
      <trkpt lat="45.777561" lon="6.906075"><ele>2275.6</ele></trkpt>
      <trkpt lat="45.777927" lon="6.906175"><ele>2268.6</ele></trkpt>
      <trkpt lat="45.778418" lon="6.906643"><ele>2260.6</ele></trkpt>
      <trkpt lat="45.779031" lon="6.907493"><ele>2247.2</ele></trkpt>
      <trkpt lat="45.779915" lon="6.909263"><ele>2223.0</ele></trkpt>
      <trkpt lat="45.779921" lon="6.909708"><ele>2214.0</ele></trkpt>
      <trkpt lat="45.780018" lon="6.909853"><ele>2210.4</ele></trkpt>
      <trkpt lat="45.780073" lon="6.910204"><ele>2205.0</ele></trkpt>
      <trkpt lat="45.779870" lon="6.910757"><ele>2194.8</ele></trkpt>
      <trkpt lat="45.779866" lon="6.910998"><ele>2193.0</ele></trkpt>
      <trkpt lat="45.780123" lon="6.911144"><ele>2192.4</ele></trkpt>
      <trkpt lat="45.780327" lon="6.911684"><ele>2186.4</ele></trkpt>
      <trkpt lat="45.780965" lon="6.911804"><ele>2186.2</ele></trkpt>
      <trkpt lat="45.780854" lon="6.912527"><ele>2171.8</ele></trkpt>
      <trkpt lat="45.780877" lon="6.912887"><ele>2170.6</ele></trkpt>
      <trkpt lat="45.781315" lon="6.914149"><ele>2169.0</ele></trkpt>
      <trkpt lat="45.781627" lon="6.914624"><ele>2164.2</ele></trkpt>
      <trkpt lat="45.782032" lon="6.915021"><ele>2162.4</ele></trkpt>
      <trkpt lat="45.782764" lon="6.915494"><ele>2163.8</ele></trkpt>
      <trkpt lat="45.783175" lon="6.916175"><ele>2162.2</ele></trkpt>
      <trkpt lat="45.783167" lon="6.916341"><ele>2162.8</ele></trkpt>
      <trkpt lat="45.783499" lon="6.916769"><ele>2161.2</ele></trkpt>
      <trkpt lat="45.783885" lon="6.917912"><ele>2163.0</ele></trkpt>
      <trkpt lat="45.784050" lon="6.918658"><ele>2157.2</ele></trkpt>
      <trkpt lat="45.784411" lon="6.918992"><ele>2145.8</ele></trkpt>
      <trkpt lat="45.784557" lon="6.919456"><ele>2136.8</ele></trkpt>
      <trkpt lat="45.784829" lon="6.919628"><ele>2132.8</ele></trkpt>
      <trkpt lat="45.784942" lon="6.920044"><ele>2127.4</ele></trkpt>
      <trkpt lat="45.785231" lon="6.920388"><ele>2128.6</ele></trkpt>
      <trkpt lat="45.785351" lon="6.920672"><ele>2127.4</ele></trkpt>
      <trkpt lat="45.785739" lon="6.920953"><ele>2118.6</ele></trkpt>
      <trkpt lat="45.786002" lon="6.921724"><ele>2103.8</ele></trkpt>
      <trkpt lat="45.786074" lon="6.922265"><ele>2101.8</ele></trkpt>
      <trkpt lat="45.786580" lon="6.923348"><ele>2081.6</ele></trkpt>
      <trkpt lat="45.786644" lon="6.923434"><ele>2077.6</ele></trkpt>
      <trkpt lat="45.786717" lon="6.923383"><ele>2075.2</ele></trkpt>
      <trkpt lat="45.786924" lon="6.923956"><ele>2062.8</ele></trkpt>
      <trkpt lat="45.787368" lon="6.924592"><ele>2049.6</ele></trkpt>
      <trkpt lat="45.787426" lon="6.925032"><ele>2041.8</ele></trkpt>
      <trkpt lat="45.787736" lon="6.925417"><ele>2032.6</ele></trkpt>
      <trkpt lat="45.787951" lon="6.925887"><ele>2024.2</ele></trkpt>
      <trkpt lat="45.788551" lon="6.926604"><ele>2012.6</ele></trkpt>
      <trkpt lat="45.788806" lon="6.927270"><ele>2007.2</ele></trkpt>
      <trkpt lat="45.789702" lon="6.928753"><ele>1982.2</ele></trkpt>
      <trkpt lat="45.789879" lon="6.929287"><ele>1975.4</ele></trkpt>
      <trkpt lat="45.790028" lon="6.930144"><ele>1965.0</ele></trkpt>
      <trkpt lat="45.790268" lon="6.930672"><ele>1956.2</ele></trkpt>
      <trkpt lat="45.790467" lon="6.930805"><ele>1953.0</ele></trkpt>
      <trkpt lat="45.790545" lon="6.931013"><ele>1948.6</ele></trkpt>
      <trkpt lat="45.790756" lon="6.930982"><ele>1946.6</ele></trkpt>
      <trkpt lat="45.790702" lon="6.931265"><ele>1945.0</ele></trkpt>
      <trkpt lat="45.790638" lon="6.931218"><ele>1944.4</ele></trkpt>
      <trkpt lat="45.790766" lon="6.931236"><ele>1944.4</ele></trkpt>
      <trkpt lat="45.790702" lon="6.931256"><ele>1944.4</ele></trkpt>
      <trkpt lat="45.790738" lon="6.931352"><ele>1944.2</ele></trkpt>
      <trkpt lat="45.790805" lon="6.931279"><ele>1944.6</ele></trkpt>
      <trkpt lat="45.790744" lon="6.931244"><ele>1945.0</ele></trkpt>
      <trkpt lat="45.790768" lon="6.930973"><ele>1945.6</ele></trkpt>
      <trkpt lat="45.790766" lon="6.931269"><ele>1945.6</ele></trkpt>
      <trkpt lat="45.790723" lon="6.931193"><ele>1945.8</ele></trkpt>
      <trkpt lat="45.790782" lon="6.931166"><ele>1946.2</ele></trkpt>
      <trkpt lat="45.790777" lon="6.931276"><ele>1947.8</ele></trkpt>
      <trkpt lat="45.790767" lon="6.931120"><ele>1949.2</ele></trkpt>
      <trkpt lat="45.790843" lon="6.931303"><ele>1949.6</ele></trkpt>
      <trkpt lat="45.790759" lon="6.931007"><ele>1949.8</ele></trkpt>
      <trkpt lat="45.790773" lon="6.931100"><ele>1950.0</ele></trkpt>
      <trkpt lat="45.790867" lon="6.931108"><ele>1950.2</ele></trkpt>
      <trkpt lat="45.790945" lon="6.930984"><ele>1952.8</ele></trkpt>
      <trkpt lat="45.791131" lon="6.930954"><ele>1955.4</ele></trkpt>
      <trkpt lat="45.791654" lon="6.931761"><ele>1966.0</ele></trkpt>
      <trkpt lat="45.791740" lon="6.932042"><ele>1966.8</ele></trkpt>
      <trkpt lat="45.791582" lon="6.932164"><ele>1962.6</ele></trkpt>
      <trkpt lat="45.791527" lon="6.932354"><ele>1959.6</ele></trkpt>
      <trkpt lat="45.791517" lon="6.932420"><ele>1959.4</ele></trkpt>
      <trkpt lat="45.791594" lon="6.932392"><ele>1959.6</ele></trkpt>
      <trkpt lat="45.791420" lon="6.932887"><ele>1960.2</ele></trkpt>
      <trkpt lat="45.791508" lon="6.933256"><ele>1956.6</ele></trkpt>
      <trkpt lat="45.791399" lon="6.933258"><ele>1952.4</ele></trkpt>
      <trkpt lat="45.791412" lon="6.933524"><ele>1946.0</ele></trkpt>
      <trkpt lat="45.791268" lon="6.933882"><ele>1937.0</ele></trkpt>
      <trkpt lat="45.791481" lon="6.934962"><ele>1921.2</ele></trkpt>
      <trkpt lat="45.792282" lon="6.935896"><ele>1901.6</ele></trkpt>
      <trkpt lat="45.792755" lon="6.936135"><ele>1899.4</ele></trkpt>
      <trkpt lat="45.793344" lon="6.936636"><ele>1893.6</ele></trkpt>
      <trkpt lat="45.793827" lon="6.937808"><ele>1896.8</ele></trkpt>
      <trkpt lat="45.793767" lon="6.938296"><ele>1895.6</ele></trkpt>
      <trkpt lat="45.793689" lon="6.938420"><ele>1895.6</ele></trkpt>
      <trkpt lat="45.793424" lon="6.938488"><ele>1892.0</ele></trkpt>
      <trkpt lat="45.793183" lon="6.938825"><ele>1889.8</ele></trkpt>
      <trkpt lat="45.792846" lon="6.938883"><ele>1879.0</ele></trkpt>
      <trkpt lat="45.792824" lon="6.938203"><ele>1867.0</ele></trkpt>
      <trkpt lat="45.792753" lon="6.937982"><ele>1864.0</ele></trkpt>
      <trkpt lat="45.792549" lon="6.938390"><ele>1850.2</ele></trkpt>
      <trkpt lat="45.792386" lon="6.938529"><ele>1844.0</ele></trkpt>
      <trkpt lat="45.792349" lon="6.938777"><ele>1839.2</ele></trkpt>
      <trkpt lat="45.792438" lon="6.939340"><ele>1831.8</ele></trkpt>
      <trkpt lat="45.791959" lon="6.940638"><ele>1805.8</ele></trkpt>
      <trkpt lat="45.792165" lon="6.942890"><ele>1761.8</ele></trkpt>
      <trkpt lat="45.791851" lon="6.942576"><ele>1751.6</ele></trkpt>
      <trkpt lat="45.791763" lon="6.942603"><ele>1747.6</ele></trkpt>
      <trkpt lat="45.791574" lon="6.943272"><ele>1732.6</ele></trkpt>
      <trkpt lat="45.791680" lon="6.943659"><ele>1729.8</ele></trkpt>
      <trkpt lat="45.791562" lon="6.944663"><ele>1721.2</ele></trkpt>
      <trkpt lat="45.791564" lon="6.945764"><ele>1712.2</ele></trkpt>
      <trkpt lat="45.791689" lon="6.946590"><ele>1710.4</ele></trkpt>
      <trkpt lat="45.791552" lon="6.946983"><ele>1703.6</ele></trkpt>
      <trkpt lat="45.791604" lon="6.947630"><ele>1703.8</ele></trkpt>
      <trkpt lat="45.791763" lon="6.947728"><ele>1699.4</ele></trkpt>
      <trkpt lat="45.791952" lon="6.948237"><ele>1682.6</ele></trkpt>
      <trkpt lat="45.791880" lon="6.948618"><ele>1674.0</ele></trkpt>
      <trkpt lat="45.791762" lon="6.948431"><ele>1665.2</ele></trkpt>
      <trkpt lat="45.791761" lon="6.948516"><ele>1662.2</ele></trkpt>
      <trkpt lat="45.791674" lon="6.948508"><ele>1658.6</ele></trkpt>
      <trkpt lat="45.791824" lon="6.949236"><ele>1653.8</ele></trkpt>
      <trkpt lat="45.791869" lon="6.949947"><ele>1639.2</ele></trkpt>
      <trkpt lat="45.791817" lon="6.950400"><ele>1621.6</ele></trkpt>
      <trkpt lat="45.791956" lon="6.951864"><ele>1602.2</ele></trkpt>
      <trkpt lat="45.791796" lon="6.952723"><ele>1572.6</ele></trkpt>
      <trkpt lat="45.791583" lon="6.952933"><ele>1564.0</ele></trkpt>
      <trkpt lat="45.791307" lon="6.953480"><ele>1550.4</ele></trkpt>
      <trkpt lat="45.791240" lon="6.953298"><ele>1542.4</ele></trkpt>
      <trkpt lat="45.791075" lon="6.953401"><ele>1537.4</ele></trkpt>
      <trkpt lat="45.791104" lon="6.954041"><ele>1525.2</ele></trkpt>
      <trkpt lat="45.790934" lon="6.953976"><ele>1516.6</ele></trkpt>
      <trkpt lat="45.790964" lon="6.954257"><ele>1505.2</ele></trkpt>
      <trkpt lat="45.790867" lon="6.954220"><ele>1501.2</ele></trkpt>
      <trkpt lat="45.790908" lon="6.954407"><ele>1493.8</ele></trkpt>
      <trkpt lat="45.790811" lon="6.954430"><ele>1490.4</ele></trkpt>
      <trkpt lat="45.790792" lon="6.954623"><ele>1483.0</ele></trkpt>
      <trkpt lat="45.790709" lon="6.954541"><ele>1480.8</ele></trkpt>
      <trkpt lat="45.790693" lon="6.954630"><ele>1479.2</ele></trkpt>
      <trkpt lat="45.790584" lon="6.954640"><ele>1471.6</ele></trkpt>
      <trkpt lat="45.790677" lon="6.954864"><ele>1465.4</ele></trkpt>
      <trkpt lat="45.790473" lon="6.954959"><ele>1457.8</ele></trkpt>
      <trkpt lat="45.791040" lon="6.955473"><ele>1427.2</ele></trkpt>
      <trkpt lat="45.791553" lon="6.955539"><ele>1415.4</ele></trkpt>
      <trkpt lat="45.791593" lon="6.955611"><ele>1412.4</ele></trkpt>
      <trkpt lat="45.791479" lon="6.955744"><ele>1407.8</ele></trkpt>
      <trkpt lat="45.791587" lon="6.955783"><ele>1405.8</ele></trkpt>
      <trkpt lat="45.791410" lon="6.955937"><ele>1400.6</ele></trkpt>
      <trkpt lat="45.791630" lon="6.956278"><ele>1387.4</ele></trkpt>
      <trkpt lat="45.790768" lon="6.956642"><ele>1354.6</ele></trkpt>
      <trkpt lat="45.790839" lon="6.956791"><ele>1351.2</ele></trkpt>
      <trkpt lat="45.790720" lon="6.956873"><ele>1346.8</ele></trkpt>
      <trkpt lat="45.791198" lon="6.957247"><ele>1337.4</ele></trkpt>
      <trkpt lat="45.790902" lon="6.957471"><ele>1329.0</ele></trkpt>
      <trkpt lat="45.791232" lon="6.957714"><ele>1319.2</ele></trkpt>
      <trkpt lat="45.790790" lon="6.958071"><ele>1306.8</ele></trkpt>
      <trkpt lat="45.790538" lon="6.958466"><ele>1296.8</ele></trkpt>
      <trkpt lat="45.789863" lon="6.958995"><ele>1277.2</ele></trkpt>
      <trkpt lat="45.788821" lon="6.958929"><ele>1269.0</ele></trkpt>
      <trkpt lat="45.788687" lon="6.959582"><ele>1260.6</ele></trkpt>
      <trkpt lat="45.788745" lon="6.960062"><ele>1255.4</ele></trkpt>
      <trkpt lat="45.788652" lon="6.960616"><ele>1250.8</ele></trkpt>
      <trkpt lat="45.788977" lon="6.962033"><ele>1234.0</ele></trkpt>
      <trkpt lat="45.789197" lon="6.962639"><ele>1227.6</ele></trkpt>
      <trkpt lat="45.789481" lon="6.962994"><ele>1223.2</ele></trkpt>
      <trkpt lat="45.789860" lon="6.964182"><ele>1212.6</ele></trkpt>
      <trkpt lat="45.790036" lon="6.964398"><ele>1214.0</ele></trkpt>
      <trkpt lat="45.791079" lon="6.964508"><ele>1211.8</ele></trkpt>
      <trkpt lat="45.791392" lon="6.964440"><ele>1210.6</ele></trkpt>
      <trkpt lat="45.791859" lon="6.964219"><ele>1209.8</ele></trkpt>
      <trkpt lat="45.792402" lon="6.963719"><ele>1207.8</ele></trkpt>
      <trkpt lat="45.793316" lon="6.963135"><ele>1207.4</ele></trkpt>
      <trkpt lat="45.793904" lon="6.963233"><ele>1202.0</ele></trkpt>
      <trkpt lat="45.793976" lon="6.963539"><ele>1197.4</ele></trkpt>
      <trkpt lat="45.794108" lon="6.963714"><ele>1194.2</ele></trkpt>
      <trkpt lat="45.794677" lon="6.963848"><ele>1194.2</ele></trkpt>
      <trkpt lat="45.794744" lon="6.963911"><ele>1194.4</ele></trkpt>
      <trkpt lat="45.794725" lon="6.964126"><ele>1193.2</ele></trkpt>
      <trkpt lat="45.794780" lon="6.963935"><ele>1194.4</ele></trkpt>
      <trkpt lat="45.794969" lon="6.964104"><ele>1196.6</ele></trkpt>
      <trkpt lat="45.794972" lon="6.964224"><ele>1196.2</ele></trkpt>
      <trkpt lat="45.794826" lon="6.964342"><ele>1196.4</ele></trkpt>
      <trkpt lat="45.794620" lon="6.963976"><ele>1196.6</ele></trkpt>
      <trkpt lat="45.794264" lon="6.964910"><ele>1184.2</ele></trkpt>
      <trkpt lat="45.794264" lon="6.964792"><ele>1182.6</ele></trkpt>
      <trkpt lat="45.793713" lon="6.965303"><ele>1184.0</ele></trkpt>
      <trkpt lat="45.793562" lon="6.965241"><ele>1183.4</ele></trkpt>
      <trkpt lat="45.793522" lon="6.965377"><ele>1185.4</ele></trkpt>
      <trkpt lat="45.793524" lon="6.965284"><ele>1186.0</ele></trkpt>
      <trkpt lat="45.793523" lon="6.965376"><ele>1186.4</ele></trkpt>
      <trkpt lat="45.793624" lon="6.965265"><ele>1186.6</ele></trkpt>
      <trkpt lat="45.793515" lon="6.965405"><ele>1186.8</ele></trkpt>
      <trkpt lat="45.793649" lon="6.965218"><ele>1187.2</ele></trkpt>
      <trkpt lat="45.793552" lon="6.965401"><ele>1188.4</ele></trkpt>
      <trkpt lat="45.793508" lon="6.965321"><ele>1188.4</ele></trkpt>
      <trkpt lat="45.793499" lon="6.965427"><ele>1188.8</ele></trkpt>
      <trkpt lat="45.793618" lon="6.965249"><ele>1189.4</ele></trkpt>
      <trkpt lat="45.793477" lon="6.965292"><ele>1189.6</ele></trkpt>
      <trkpt lat="45.793405" lon="6.965507"><ele>1190.2</ele></trkpt>
      <trkpt lat="45.793447" lon="6.965848"><ele>1187.8</ele></trkpt>
      <trkpt lat="45.793366" lon="6.965998"><ele>1186.8</ele></trkpt>
      <trkpt lat="45.792859" lon="6.966029"><ele>1187.4</ele></trkpt>
      <trkpt lat="45.792292" lon="6.966375"><ele>1185.6</ele></trkpt>
      <trkpt lat="45.792712" lon="6.967112"><ele>1184.6</ele></trkpt>
      <trkpt lat="45.792794" lon="6.967574"><ele>1185.0</ele></trkpt>
      <trkpt lat="45.792770" lon="6.967862"><ele>1185.8</ele></trkpt>
      <trkpt lat="45.792641" lon="6.968171"><ele>1186.2</ele></trkpt>
      <trkpt lat="45.792086" lon="6.968847"><ele>1193.0</ele></trkpt>
      <trkpt lat="45.791517" lon="6.969243"><ele>1199.4</ele></trkpt>
      <trkpt lat="45.791272" lon="6.969577"><ele>1203.0</ele></trkpt>
      <trkpt lat="45.791238" lon="6.969800"><ele>1203.4</ele></trkpt>
      <trkpt lat="45.791015" lon="6.969946"><ele>1205.8</ele></trkpt>
      <trkpt lat="45.790933" lon="6.970140"><ele>1206.6</ele></trkpt>
      <trkpt lat="45.790972" lon="6.970398"><ele>1207.2</ele></trkpt>
      <trkpt lat="45.791239" lon="6.970757"><ele>1208.0</ele></trkpt>
      <trkpt lat="45.791461" lon="6.971662"><ele>1215.6</ele></trkpt>
      <trkpt lat="45.791544" lon="6.972255"><ele>1219.0</ele></trkpt>
      <trkpt lat="45.791351" lon="6.972518"><ele>1225.8</ele></trkpt>
      <trkpt lat="45.791324" lon="6.972685"><ele>1229.4</ele></trkpt>
      <trkpt lat="45.791707" lon="6.972522"><ele>1231.4</ele></trkpt>
      <trkpt lat="45.791852" lon="6.972694"><ele>1234.8</ele></trkpt>
      <trkpt lat="45.792534" lon="6.972719"><ele>1243.4</ele></trkpt>
      <trkpt lat="45.794106" lon="6.973933"><ele>1257.6</ele></trkpt>
      <trkpt lat="45.794938" lon="6.974299"><ele>1262.8</ele></trkpt>
      <trkpt lat="45.795326" lon="6.974671"><ele>1267.8</ele></trkpt>
      <trkpt lat="45.795858" lon="6.974863"><ele>1272.8</ele></trkpt>
      <trkpt lat="45.796546" lon="6.975360"><ele>1279.8</ele></trkpt>
      <trkpt lat="45.797236" lon="6.975664"><ele>1287.8</ele></trkpt>
      <trkpt lat="45.797534" lon="6.975930"><ele>1292.4</ele></trkpt>
      <trkpt lat="45.798163" lon="6.976958"><ele>1303.6</ele></trkpt>
      <trkpt lat="45.799235" lon="6.978093"><ele>1319.2</ele></trkpt>
      <trkpt lat="45.799464" lon="6.978719"><ele>1325.8</ele></trkpt>
      <trkpt lat="45.800951" lon="6.980654"><ele>1355.4</ele></trkpt>
      <trkpt lat="45.801108" lon="6.981920"><ele>1367.6</ele></trkpt>
      <trkpt lat="45.800784" lon="6.982675"><ele>1372.8</ele></trkpt>
      <trkpt lat="45.800770" lon="6.983295"><ele>1378.4</ele></trkpt>
      <trkpt lat="45.801016" lon="6.983957"><ele>1387.6</ele></trkpt>
      <trkpt lat="45.801033" lon="6.984253"><ele>1391.8</ele></trkpt>
      <trkpt lat="45.801309" lon="6.984624"><ele>1399.8</ele></trkpt>
      <trkpt lat="45.801459" lon="6.984544"><ele>1401.2</ele></trkpt>
      <trkpt lat="45.801544" lon="6.984090"><ele>1405.0</ele></trkpt>
      <trkpt lat="45.801817" lon="6.984090"><ele>1408.6</ele></trkpt>
      <trkpt lat="45.801899" lon="6.984314"><ele>1413.8</ele></trkpt>
      <trkpt lat="45.802019" lon="6.984316"><ele>1416.0</ele></trkpt>
      <trkpt lat="45.802159" lon="6.985060"><ele>1427.8</ele></trkpt>
      <trkpt lat="45.802594" lon="6.985973"><ele>1445.2</ele></trkpt>
      <trkpt lat="45.802644" lon="6.985995"><ele>1446.8</ele></trkpt>
      <trkpt lat="45.802734" lon="6.985580"><ele>1453.8</ele></trkpt>
      <trkpt lat="45.802950" lon="6.985745"><ele>1457.0</ele></trkpt>
      <trkpt lat="45.802966" lon="6.986590"><ele>1471.6</ele></trkpt>
      <trkpt lat="45.803151" lon="6.986927"><ele>1474.8</ele></trkpt>
      <trkpt lat="45.803101" lon="6.986741"><ele>1478.0</ele></trkpt>
      <trkpt lat="45.803580" lon="6.986109"><ele>1490.6</ele></trkpt>
      <trkpt lat="45.803717" lon="6.986128"><ele>1494.0</ele></trkpt>
      <trkpt lat="45.803814" lon="6.986342"><ele>1500.6</ele></trkpt>
      <trkpt lat="45.803980" lon="6.986018"><ele>1509.8</ele></trkpt>
      <trkpt lat="45.804022" lon="6.986333"><ele>1514.0</ele></trkpt>
      <trkpt lat="45.804135" lon="6.986230"><ele>1519.8</ele></trkpt>
      <trkpt lat="45.804385" lon="6.986494"><ele>1528.8</ele></trkpt>
      <trkpt lat="45.804494" lon="6.986268"><ele>1535.0</ele></trkpt>
      <trkpt lat="45.804619" lon="6.986328"><ele>1542.2</ele></trkpt>
      <trkpt lat="45.804703" lon="6.986540"><ele>1548.2</ele></trkpt>
      <trkpt lat="45.804780" lon="6.986521"><ele>1551.8</ele></trkpt>
      <trkpt lat="45.804861" lon="6.986275"><ele>1556.2</ele></trkpt>
      <trkpt lat="45.804858" lon="6.985862"><ele>1563.0</ele></trkpt>
      <trkpt lat="45.804734" lon="6.985619"><ele>1568.8</ele></trkpt>
      <trkpt lat="45.804726" lon="6.985164"><ele>1577.2</ele></trkpt>
      <trkpt lat="45.804843" lon="6.984868"><ele>1583.4</ele></trkpt>
      <trkpt lat="45.804820" lon="6.984637"><ele>1587.8</ele></trkpt>
      <trkpt lat="45.804898" lon="6.984334"><ele>1595.8</ele></trkpt>
      <trkpt lat="45.805132" lon="6.983845"><ele>1606.8</ele></trkpt>
      <trkpt lat="45.805122" lon="6.983698"><ele>1610.0</ele></trkpt>
      <trkpt lat="45.805263" lon="6.983736"><ele>1614.6</ele></trkpt>
      <trkpt lat="45.805394" lon="6.983966"><ele>1621.8</ele></trkpt>
      <trkpt lat="45.805576" lon="6.984564"><ele>1635.0</ele></trkpt>
      <trkpt lat="45.805742" lon="6.984609"><ele>1645.8</ele></trkpt>
      <trkpt lat="45.805852" lon="6.984759"><ele>1653.0</ele></trkpt>
      <trkpt lat="45.806066" lon="6.983716"><ele>1675.4</ele></trkpt>
      <trkpt lat="45.806424" lon="6.984132"><ele>1691.0</ele></trkpt>
      <trkpt lat="45.806445" lon="6.983588"><ele>1700.8</ele></trkpt>
      <trkpt lat="45.806632" lon="6.983699"><ele>1707.0</ele></trkpt>
      <trkpt lat="45.806647" lon="6.983384"><ele>1714.6</ele></trkpt>
      <trkpt lat="45.806756" lon="6.983651"><ele>1721.2</ele></trkpt>
      <trkpt lat="45.806784" lon="6.983369"><ele>1726.0</ele></trkpt>
      <trkpt lat="45.806321" lon="6.982414"><ele>1737.4</ele></trkpt>
      <trkpt lat="45.806429" lon="6.981912"><ele>1750.4</ele></trkpt>
      <trkpt lat="45.806664" lon="6.982301"><ele>1760.8</ele></trkpt>
      <trkpt lat="45.806715" lon="6.982288"><ele>1762.6</ele></trkpt>
      <trkpt lat="45.806700" lon="6.982143"><ele>1767.0</ele></trkpt>
      <trkpt lat="45.807022" lon="6.982429"><ele>1778.4</ele></trkpt>
      <trkpt lat="45.807089" lon="6.982287"><ele>1785.2</ele></trkpt>
      <trkpt lat="45.807052" lon="6.981965"><ele>1793.0</ele></trkpt>
      <trkpt lat="45.807122" lon="6.981953"><ele>1796.4</ele></trkpt>
      <trkpt lat="45.807129" lon="6.981147"><ele>1816.4</ele></trkpt>
      <trkpt lat="45.806962" lon="6.980900"><ele>1822.0</ele></trkpt>
      <trkpt lat="45.807003" lon="6.980712"><ele>1824.2</ele></trkpt>
      <trkpt lat="45.806901" lon="6.980408"><ele>1827.2</ele></trkpt>
      <trkpt lat="45.806927" lon="6.980239"><ele>1830.2</ele></trkpt>
      <trkpt lat="45.806999" lon="6.980271"><ele>1833.8</ele></trkpt>
      <trkpt lat="45.806923" lon="6.979933"><ele>1841.4</ele></trkpt>
      <trkpt lat="45.807006" lon="6.979987"><ele>1843.2</ele></trkpt>
      <trkpt lat="45.807006" lon="6.979322"><ele>1857.6</ele></trkpt>
      <trkpt lat="45.806888" lon="6.979075"><ele>1863.4</ele></trkpt>
      <trkpt lat="45.806887" lon="6.978829"><ele>1868.6</ele></trkpt>
      <trkpt lat="45.807010" lon="6.978837"><ele>1873.0</ele></trkpt>
      <trkpt lat="45.806940" lon="6.978636"><ele>1876.4</ele></trkpt>
      <trkpt lat="45.807028" lon="6.978581"><ele>1879.6</ele></trkpt>
      <trkpt lat="45.807094" lon="6.978041"><ele>1887.0</ele></trkpt>
      <trkpt lat="45.807201" lon="6.978006"><ele>1889.8</ele></trkpt>
      <trkpt lat="45.807268" lon="6.978325"><ele>1896.4</ele></trkpt>
      <trkpt lat="45.807279" lon="6.978143"><ele>1899.8</ele></trkpt>
      <trkpt lat="45.807446" lon="6.977890"><ele>1906.0</ele></trkpt>
      <trkpt lat="45.807607" lon="6.978563"><ele>1916.2</ele></trkpt>
      <trkpt lat="45.807868" lon="6.978012"><ele>1928.0</ele></trkpt>
      <trkpt lat="45.807735" lon="6.977735"><ele>1933.4</ele></trkpt>
      <trkpt lat="45.807848" lon="6.977271"><ele>1940.2</ele></trkpt>
      <trkpt lat="45.808309" lon="6.977522"><ele>1946.8</ele></trkpt>
      <trkpt lat="45.808471" lon="6.978307"><ele>1963.4</ele></trkpt>
      <trkpt lat="45.808854" lon="6.978491"><ele>1974.4</ele></trkpt>
      <trkpt lat="45.808917" lon="6.978747"><ele>1977.2</ele></trkpt>
      <trkpt lat="45.809010" lon="6.978469"><ele>1982.2</ele></trkpt>
      <trkpt lat="45.809084" lon="6.978605"><ele>1986.4</ele></trkpt>
      <trkpt lat="45.809216" lon="6.978601"><ele>1989.6</ele></trkpt>
      <trkpt lat="45.809143" lon="6.978925"><ele>1988.6</ele></trkpt>
      <trkpt lat="45.809097" lon="6.978887"><ele>1988.0</ele></trkpt>
      <trkpt lat="45.809182" lon="6.978987"><ele>1988.2</ele></trkpt>
      <trkpt lat="45.809200" lon="6.978903"><ele>1988.2</ele></trkpt>
      <trkpt lat="45.809104" lon="6.978951"><ele>1989.2</ele></trkpt>
      <trkpt lat="45.809148" lon="6.979023"><ele>1988.4</ele></trkpt>
      <trkpt lat="45.809049" lon="6.978992"><ele>1988.4</ele></trkpt>
      <trkpt lat="45.809244" lon="6.979024"><ele>1988.2</ele></trkpt>
      <trkpt lat="45.809022" lon="6.979028"><ele>1988.0</ele></trkpt>
      <trkpt lat="45.809305" lon="6.978973"><ele>1987.6</ele></trkpt>
      <trkpt lat="45.809106" lon="6.978961"><ele>1989.0</ele></trkpt>
      <trkpt lat="45.809186" lon="6.978776"><ele>1989.6</ele></trkpt>
      <trkpt lat="45.809119" lon="6.978879"><ele>1987.0</ele></trkpt>
      <trkpt lat="45.809178" lon="6.978957"><ele>1987.0</ele></trkpt>
      <trkpt lat="45.809141" lon="6.979023"><ele>1986.0</ele></trkpt>
      <trkpt lat="45.809203" lon="6.978975"><ele>1985.2</ele></trkpt>
      <trkpt lat="45.809145" lon="6.978786"><ele>1984.2</ele></trkpt>
      <trkpt lat="45.809218" lon="6.978701"><ele>1984.6</ele></trkpt>
      <trkpt lat="45.809148" lon="6.978757"><ele>1983.8</ele></trkpt>
      <trkpt lat="45.809241" lon="6.979124"><ele>1982.2</ele></trkpt>
      <trkpt lat="45.809378" lon="6.979112"><ele>1984.8</ele></trkpt>
      <trkpt lat="45.809439" lon="6.979213"><ele>1989.0</ele></trkpt>
      <trkpt lat="45.809505" lon="6.978963"><ele>1995.4</ele></trkpt>
      <trkpt lat="45.809628" lon="6.979274"><ele>1999.6</ele></trkpt>
      <trkpt lat="45.809603" lon="6.979576"><ele>2005.0</ele></trkpt>
      <trkpt lat="45.809903" lon="6.979813"><ele>2016.2</ele></trkpt>
      <trkpt lat="45.809970" lon="6.980026"><ele>2021.4</ele></trkpt>
      <trkpt lat="45.810163" lon="6.980058"><ele>2029.0</ele></trkpt>
      <trkpt lat="45.810487" lon="6.979659"><ele>2040.2</ele></trkpt>
      <trkpt lat="45.810784" lon="6.979709"><ele>2040.4</ele></trkpt>
      <trkpt lat="45.811010" lon="6.979538"><ele>2039.8</ele></trkpt>
      <trkpt lat="45.811591" lon="6.978612"><ele>2034.8</ele></trkpt>
      <trkpt lat="45.812109" lon="6.978318"><ele>2035.2</ele></trkpt>
      <trkpt lat="45.812783" lon="6.978325"><ele>2030.4</ele></trkpt>
      <trkpt lat="45.813033" lon="6.978076"><ele>2029.8</ele></trkpt>
      <trkpt lat="45.813291" lon="6.978041"><ele>2021.4</ele></trkpt>
      <trkpt lat="45.814529" lon="6.978252"><ele>2016.0</ele></trkpt>
      <trkpt lat="45.814632" lon="6.978166"><ele>2016.0</ele></trkpt>
      <trkpt lat="45.814659" lon="6.977813"><ele>2018.2</ele></trkpt>
      <trkpt lat="45.815058" lon="6.977767"><ele>2018.6</ele></trkpt>
      <trkpt lat="45.816022" lon="6.978234"><ele>2011.0</ele></trkpt>
      <trkpt lat="45.817607" lon="6.979448"><ele>1995.0</ele></trkpt>
      <trkpt lat="45.818095" lon="6.979667"><ele>1991.0</ele></trkpt>
      <trkpt lat="45.818602" lon="6.980230"><ele>1988.8</ele></trkpt>
      <trkpt lat="45.819011" lon="6.980426"><ele>1986.6</ele></trkpt>
      <trkpt lat="45.819460" lon="6.981138"><ele>1982.0</ele></trkpt>
      <trkpt lat="45.819936" lon="6.982229"><ele>1981.8</ele></trkpt>
      <trkpt lat="45.820402" lon="6.982769"><ele>1980.0</ele></trkpt>
      <trkpt lat="45.821182" lon="6.984222"><ele>1971.6</ele></trkpt>
      <trkpt lat="45.821790" lon="6.984958"><ele>1971.8</ele></trkpt>
      <trkpt lat="45.822163" lon="6.985830"><ele>1968.2</ele></trkpt>
      <trkpt lat="45.823346" lon="6.987482"><ele>1950.4</ele></trkpt>
      <trkpt lat="45.823647" lon="6.987780"><ele>1944.4</ele></trkpt>
      <trkpt lat="45.824168" lon="6.988886"><ele>1944.6</ele></trkpt>
      <trkpt lat="45.824485" lon="6.990613"><ele>1941.4</ele></trkpt>
      <trkpt lat="45.824884" lon="6.991461"><ele>1943.6</ele></trkpt>
      <trkpt lat="45.824945" lon="6.991941"><ele>1943.2</ele></trkpt>
      <trkpt lat="45.825519" lon="6.993300"><ele>1943.8</ele></trkpt>
      <trkpt lat="45.825601" lon="6.993705"><ele>1948.8</ele></trkpt>
      <trkpt lat="45.825575" lon="6.994202"><ele>1952.0</ele></trkpt>
      <trkpt lat="45.825790" lon="6.994842"><ele>1955.8</ele></trkpt>
      <trkpt lat="45.825836" lon="6.995377"><ele>1961.8</ele></trkpt>
      <trkpt lat="45.825968" lon="6.995853"><ele>1966.8</ele></trkpt>
      <trkpt lat="45.826127" lon="6.996287"><ele>1972.4</ele></trkpt>
      <trkpt lat="45.826594" lon="6.996865"><ele>1979.8</ele></trkpt>
      <trkpt lat="45.826856" lon="6.997647"><ele>1988.8</ele></trkpt>
      <trkpt lat="45.826976" lon="6.998513"><ele>1987.6</ele></trkpt>
      <trkpt lat="45.827281" lon="6.999653"><ele>1987.6</ele></trkpt>
      <trkpt lat="45.827821" lon="7.000925"><ele>1981.6</ele></trkpt>
      <trkpt lat="45.828028" lon="7.001208"><ele>1977.2</ele></trkpt>
      <trkpt lat="45.828097" lon="7.001797"><ele>1968.0</ele></trkpt>
      <trkpt lat="45.828595" lon="7.002581"><ele>1958.0</ele></trkpt>
      <trkpt lat="45.828985" lon="7.002980"><ele>1959.4</ele></trkpt>
      <trkpt lat="45.829340" lon="7.003020"><ele>1959.0</ele></trkpt>
      <trkpt lat="45.829567" lon="7.003153"><ele>1958.2</ele></trkpt>
      <trkpt lat="45.830029" lon="7.004136"><ele>1950.0</ele></trkpt>
      <trkpt lat="45.830851" lon="7.004597"><ele>1943.6</ele></trkpt>
      <trkpt lat="45.831476" lon="7.005309"><ele>1930.8</ele></trkpt>
      <trkpt lat="45.831725" lon="7.005805"><ele>1931.4</ele></trkpt>
      <trkpt lat="45.832459" lon="7.006556"><ele>1934.2</ele></trkpt>
      <trkpt lat="45.832973" lon="7.007519"><ele>1940.4</ele></trkpt>
      <trkpt lat="45.832987" lon="7.007684"><ele>1944.8</ele></trkpt>
      <trkpt lat="45.832900" lon="7.007825"><ele>1950.6</ele></trkpt>
      <trkpt lat="45.833019" lon="7.008257"><ele>1956.8</ele></trkpt>
      <trkpt lat="45.833307" lon="7.008544"><ele>1956.8</ele></trkpt>
      <trkpt lat="45.833627" lon="7.009226"><ele>1957.8</ele></trkpt>
      <trkpt lat="45.834251" lon="7.010181"><ele>1962.8</ele></trkpt>
      <trkpt lat="45.834464" lon="7.011150"><ele>1965.0</ele></trkpt>
      <trkpt lat="45.834301" lon="7.011789"><ele>1966.4</ele></trkpt>
      <trkpt lat="45.834504" lon="7.011829"><ele>1970.2</ele></trkpt>
      <trkpt lat="45.834987" lon="7.012704"><ele>1972.2</ele></trkpt>
      <trkpt lat="45.835310" lon="7.014116"><ele>1976.8</ele></trkpt>
      <trkpt lat="45.835625" lon="7.014605"><ele>1982.2</ele></trkpt>
      <trkpt lat="45.835860" lon="7.015275"><ele>1981.8</ele></trkpt>
      <trkpt lat="45.836398" lon="7.016396"><ele>1993.4</ele></trkpt>
      <trkpt lat="45.836371" lon="7.017185"><ele>1995.4</ele></trkpt>
      <trkpt lat="45.835836" lon="7.018167"><ele>1998.4</ele></trkpt>
      <trkpt lat="45.835723" lon="7.018548"><ele>1999.0</ele></trkpt>
      <trkpt lat="45.835551" lon="7.018703"><ele>2000.0</ele></trkpt>
      <trkpt lat="45.835311" lon="7.019333"><ele>2004.0</ele></trkpt>
      <trkpt lat="45.835235" lon="7.019782"><ele>2005.2</ele></trkpt>
      <trkpt lat="45.835396" lon="7.020190"><ele>2008.0</ele></trkpt>
      <trkpt lat="45.835310" lon="7.020395"><ele>2007.2</ele></trkpt>
      <trkpt lat="45.835353" lon="7.020531"><ele>2006.6</ele></trkpt>
      <trkpt lat="45.835285" lon="7.021098"><ele>2005.0</ele></trkpt>
      <trkpt lat="45.835401" lon="7.020912"><ele>1999.2</ele></trkpt>
      <trkpt lat="45.835539" lon="7.020956"><ele>1997.6</ele></trkpt>
      <trkpt lat="45.835931" lon="7.020433"><ele>1997.0</ele></trkpt>
      <trkpt lat="45.836776" lon="7.020819"><ele>2013.8</ele></trkpt>
      <trkpt lat="45.837107" lon="7.021131"><ele>2022.4</ele></trkpt>
      <trkpt lat="45.837478" lon="7.021007"><ele>2019.2</ele></trkpt>
      <trkpt lat="45.838271" lon="7.021059"><ele>2011.0</ele></trkpt>
      <trkpt lat="45.838929" lon="7.021223"><ele>2002.0</ele></trkpt>
      <trkpt lat="45.839157" lon="7.021465"><ele>1997.8</ele></trkpt>
      <trkpt lat="45.839266" lon="7.021401"><ele>1993.2</ele></trkpt>
      <trkpt lat="45.839451" lon="7.021479"><ele>1989.2</ele></trkpt>
      <trkpt lat="45.840322" lon="7.022303"><ele>1975.6</ele></trkpt>
      <trkpt lat="45.841320" lon="7.023704"><ele>1958.0</ele></trkpt>
      <trkpt lat="45.841668" lon="7.023923"><ele>1954.4</ele></trkpt>
      <trkpt lat="45.842317" lon="7.024025"><ele>1953.4</ele></trkpt>
      <trkpt lat="45.843093" lon="7.025087"><ele>1941.6</ele></trkpt>
      <trkpt lat="45.843469" lon="7.025317"><ele>1938.6</ele></trkpt>
      <trkpt lat="45.843553" lon="7.025527"><ele>1934.8</ele></trkpt>
      <trkpt lat="45.843954" lon="7.025852"><ele>1931.6</ele></trkpt>
      <trkpt lat="45.844385" lon="7.025966"><ele>1931.2</ele></trkpt>
      <trkpt lat="45.844686" lon="7.026514"><ele>1932.6</ele></trkpt>
      <trkpt lat="45.844936" lon="7.026770"><ele>1935.8</ele></trkpt>
      <trkpt lat="45.845052" lon="7.027067"><ele>1937.8</ele></trkpt>
      <trkpt lat="45.845409" lon="7.027364"><ele>1936.4</ele></trkpt>
      <trkpt lat="45.845504" lon="7.027732"><ele>1935.8</ele></trkpt>
      <trkpt lat="45.845730" lon="7.027854"><ele>1940.0</ele></trkpt>
      <trkpt lat="45.846644" lon="7.028948"><ele>1943.6</ele></trkpt>
      <trkpt lat="45.847368" lon="7.030019"><ele>1951.8</ele></trkpt>
      <trkpt lat="45.847519" lon="7.030412"><ele>1951.6</ele></trkpt>
      <trkpt lat="45.847751" lon="7.030520"><ele>1953.0</ele></trkpt>
      <trkpt lat="45.847869" lon="7.030687"><ele>1953.6</ele></trkpt>
      <trkpt lat="45.847955" lon="7.031128"><ele>1959.8</ele></trkpt>
      <trkpt lat="45.848231" lon="7.031584"><ele>1960.8</ele></trkpt>
      <trkpt lat="45.848235" lon="7.031766"><ele>1961.8</ele></trkpt>
      <trkpt lat="45.847846" lon="7.031831"><ele>1967.4</ele></trkpt>
      <trkpt lat="45.847393" lon="7.031608"><ele>1977.4</ele></trkpt>
      <trkpt lat="45.847405" lon="7.031742"><ele>1979.6</ele></trkpt>
      <trkpt lat="45.847189" lon="7.031759"><ele>1984.0</ele></trkpt>
      <trkpt lat="45.847244" lon="7.031938"><ele>1987.0</ele></trkpt>
      <trkpt lat="45.847083" lon="7.032013"><ele>1991.8</ele></trkpt>
      <trkpt lat="45.847176" lon="7.032314"><ele>1999.4</ele></trkpt>
      <trkpt lat="45.847055" lon="7.032821"><ele>2009.0</ele></trkpt>
      <trkpt lat="45.846632" lon="7.033484"><ele>2025.4</ele></trkpt>
      <trkpt lat="45.846669" lon="7.034084"><ele>2033.2</ele></trkpt>
      <trkpt lat="45.846279" lon="7.035538"><ele>2046.4</ele></trkpt>
      <trkpt lat="45.846348" lon="7.035973"><ele>2043.4</ele></trkpt>
      <trkpt lat="45.846291" lon="7.036468"><ele>2037.4</ele></trkpt>
      <trkpt lat="45.847032" lon="7.036696"><ele>2036.2</ele></trkpt>
      <trkpt lat="45.847089" lon="7.037178"><ele>2035.6</ele></trkpt>
      <trkpt lat="45.847472" lon="7.037223"><ele>2037.0</ele></trkpt>
      <trkpt lat="45.847694" lon="7.037446"><ele>2034.0</ele></trkpt>
      <trkpt lat="45.847818" lon="7.037785"><ele>2032.4</ele></trkpt>
      <trkpt lat="45.847953" lon="7.037849"><ele>2030.2</ele></trkpt>
      <trkpt lat="45.848645" lon="7.037417"><ele>2024.6</ele></trkpt>
      <trkpt lat="45.849175" lon="7.036573"><ele>2017.0</ele></trkpt>
      <trkpt lat="45.849451" lon="7.036402"><ele>2016.6</ele></trkpt>
      <trkpt lat="45.849649" lon="7.036575"><ele>2013.4</ele></trkpt>
      <trkpt lat="45.849609" lon="7.036993"><ele>2010.6</ele></trkpt>
      <trkpt lat="45.850020" lon="7.037277"><ele>2015.2</ele></trkpt>
      <trkpt lat="45.850450" lon="7.037427"><ele>2017.6</ele></trkpt>
      <trkpt lat="45.850828" lon="7.037733"><ele>2020.0</ele></trkpt>
      <trkpt lat="45.852089" lon="7.038202"><ele>2033.2</ele></trkpt>
      <trkpt lat="45.853354" lon="7.038537"><ele>2054.0</ele></trkpt>
      <trkpt lat="45.853618" lon="7.038698"><ele>2057.8</ele></trkpt>
      <trkpt lat="45.853821" lon="7.038647"><ele>2057.2</ele></trkpt>
      <trkpt lat="45.854566" lon="7.038795"><ele>2067.8</ele></trkpt>
      <trkpt lat="45.854891" lon="7.038982"><ele>2066.2</ele></trkpt>
      <trkpt lat="45.855176" lon="7.039523"><ele>2066.6</ele></trkpt>
      <trkpt lat="45.855990" lon="7.040563"><ele>2051.8</ele></trkpt>
      <trkpt lat="45.856330" lon="7.041135"><ele>2046.4</ele></trkpt>
      <trkpt lat="45.856550" lon="7.041882"><ele>2040.6</ele></trkpt>
      <trkpt lat="45.856513" lon="7.041989"><ele>2040.2</ele></trkpt>
      <trkpt lat="45.856606" lon="7.042415"><ele>2041.2</ele></trkpt>
      <trkpt lat="45.857573" lon="7.044465"><ele>2046.6</ele></trkpt>
      <trkpt lat="45.859084" lon="7.045903"><ele>2057.4</ele></trkpt>
      <trkpt lat="45.859144" lon="7.046045"><ele>2058.8</ele></trkpt>
      <trkpt lat="45.859101" lon="7.046344"><ele>2057.6</ele></trkpt>
      <trkpt lat="45.859242" lon="7.046314"><ele>2058.2</ele></trkpt>
      <trkpt lat="45.859404" lon="7.046553"><ele>2058.2</ele></trkpt>
      <trkpt lat="45.859385" lon="7.046485"><ele>2058.2</ele></trkpt>
      <trkpt lat="45.859453" lon="7.046492"><ele>2058.2</ele></trkpt>
      <trkpt lat="45.859852" lon="7.046737"><ele>2060.4</ele></trkpt>
      <trkpt lat="45.860642" lon="7.047396"><ele>2053.4</ele></trkpt>
      <trkpt lat="45.862279" lon="7.049251"><ele>2044.2</ele></trkpt>
      <trkpt lat="45.862478" lon="7.050008"><ele>2052.4</ele></trkpt>
      <trkpt lat="45.862698" lon="7.050422"><ele>2054.4</ele></trkpt>
      <trkpt lat="45.862963" lon="7.051332"><ele>2056.2</ele></trkpt>
      <trkpt lat="45.863293" lon="7.052050"><ele>2056.4</ele></trkpt>
      <trkpt lat="45.863542" lon="7.052323"><ele>2053.4</ele></trkpt>
      <trkpt lat="45.863845" lon="7.053142"><ele>2052.6</ele></trkpt>
      <trkpt lat="45.863901" lon="7.053371"><ele>2049.0</ele></trkpt>
      <trkpt lat="45.863760" lon="7.054092"><ele>2047.8</ele></trkpt>
      <trkpt lat="45.863892" lon="7.054836"><ele>2048.2</ele></trkpt>
      <trkpt lat="45.864037" lon="7.055161"><ele>2055.4</ele></trkpt>
      <trkpt lat="45.864080" lon="7.055923"><ele>2045.2</ele></trkpt>
      <trkpt lat="45.864286" lon="7.056211"><ele>2043.6</ele></trkpt>
      <trkpt lat="45.864492" lon="7.056300"><ele>2044.0</ele></trkpt>
      <trkpt lat="45.864683" lon="7.056909"><ele>2036.6</ele></trkpt>
      <trkpt lat="45.864916" lon="7.056840"><ele>2035.4</ele></trkpt>
      <trkpt lat="45.865159" lon="7.057006"><ele>2034.0</ele></trkpt>
      <trkpt lat="45.865299" lon="7.056864"><ele>2034.0</ele></trkpt>
      <trkpt lat="45.865524" lon="7.056946"><ele>2036.4</ele></trkpt>
      <trkpt lat="45.865870" lon="7.057482"><ele>2031.0</ele></trkpt>
      <trkpt lat="45.866105" lon="7.057068"><ele>2033.2</ele></trkpt>
      <trkpt lat="45.866344" lon="7.057004"><ele>2032.2</ele></trkpt>
      <trkpt lat="45.866878" lon="7.057276"><ele>2028.0</ele></trkpt>
      <trkpt lat="45.867437" lon="7.057253"><ele>2029.4</ele></trkpt>
      <trkpt lat="45.868048" lon="7.057891"><ele>2024.8</ele></trkpt>
      <trkpt lat="45.868772" lon="7.058198"><ele>2018.6</ele></trkpt>
      <trkpt lat="45.868968" lon="7.058403"><ele>2014.6</ele></trkpt>
      <trkpt lat="45.869432" lon="7.058564"><ele>2007.8</ele></trkpt>
      <trkpt lat="45.869638" lon="7.058741"><ele>2002.4</ele></trkpt>
      <trkpt lat="45.869575" lon="7.058530"><ele>2001.4</ele></trkpt>
      <trkpt lat="45.869111" lon="7.058102"><ele>1999.2</ele></trkpt>
      <trkpt lat="45.868512" lon="7.057184"><ele>1984.6</ele></trkpt>
      <trkpt lat="45.868374" lon="7.056860"><ele>1982.2</ele></trkpt>
      <trkpt lat="45.868269" lon="7.056170"><ele>1970.8</ele></trkpt>
      <trkpt lat="45.867494" lon="7.055073"><ele>1947.0</ele></trkpt>
      <trkpt lat="45.867490" lon="7.054989"><ele>1945.6</ele></trkpt>
      <trkpt lat="45.867722" lon="7.055004"><ele>1938.8</ele></trkpt>
      <trkpt lat="45.867555" lon="7.054633"><ele>1933.0</ele></trkpt>
      <trkpt lat="45.868565" lon="7.054979"><ele>1915.4</ele></trkpt>
      <trkpt lat="45.869156" lon="7.055327"><ele>1904.0</ele></trkpt>
      <trkpt lat="45.869295" lon="7.055517"><ele>1902.4</ele></trkpt>
      <trkpt lat="45.869534" lon="7.055557"><ele>1900.4</ele></trkpt>
      <trkpt lat="45.870090" lon="7.055919"><ele>1893.4</ele></trkpt>
      <trkpt lat="45.869840" lon="7.055213"><ele>1877.4</ele></trkpt>
      <trkpt lat="45.870155" lon="7.055195"><ele>1866.8</ele></trkpt>
      <trkpt lat="45.869914" lon="7.054772"><ele>1854.8</ele></trkpt>
      <trkpt lat="45.869854" lon="7.054442"><ele>1850.4</ele></trkpt>
      <trkpt lat="45.870409" lon="7.054811"><ele>1840.8</ele></trkpt>
      <trkpt lat="45.870810" lon="7.055268"><ele>1832.6</ele></trkpt>
      <trkpt lat="45.870742" lon="7.054874"><ele>1825.8</ele></trkpt>
      <trkpt lat="45.870934" lon="7.054841"><ele>1820.8</ele></trkpt>
      <trkpt lat="45.870570" lon="7.054178"><ele>1808.8</ele></trkpt>
      <trkpt lat="45.870676" lon="7.054124"><ele>1805.2</ele></trkpt>
      <trkpt lat="45.870700" lon="7.054001"><ele>1801.4</ele></trkpt>
      <trkpt lat="45.870840" lon="7.054014"><ele>1796.0</ele></trkpt>
      <trkpt lat="45.870703" lon="7.053653"><ele>1785.6</ele></trkpt>
      <trkpt lat="45.870868" lon="7.053664"><ele>1781.8</ele></trkpt>
      <trkpt lat="45.871255" lon="7.053950"><ele>1779.0</ele></trkpt>
      <trkpt lat="45.871474" lon="7.053970"><ele>1773.4</ele></trkpt>
      <trkpt lat="45.871555" lon="7.053653"><ele>1767.8</ele></trkpt>
      <trkpt lat="45.871446" lon="7.053380"><ele>1767.6</ele></trkpt>
      <trkpt lat="45.871354" lon="7.053254"><ele>1767.2</ele></trkpt>
      <trkpt lat="45.871233" lon="7.053306"><ele>1766.6</ele></trkpt>
      <trkpt lat="45.871272" lon="7.053358"><ele>1766.6</ele></trkpt>
      <trkpt lat="45.871370" lon="7.053340"><ele>1766.8</ele></trkpt>
      <trkpt lat="45.871264" lon="7.053266"><ele>1766.4</ele></trkpt>
      <trkpt lat="45.871325" lon="7.053287"><ele>1766.6</ele></trkpt>
      <trkpt lat="45.871351" lon="7.053480"><ele>1767.8</ele></trkpt>
      <trkpt lat="45.871382" lon="7.053426"><ele>1768.6</ele></trkpt>
      <trkpt lat="45.871250" lon="7.053413"><ele>1770.0</ele></trkpt>
      <trkpt lat="45.871335" lon="7.053417"><ele>1770.0</ele></trkpt>
      <trkpt lat="45.871334" lon="7.053323"><ele>1770.2</ele></trkpt>
      <trkpt lat="45.871237" lon="7.053506"><ele>1771.2</ele></trkpt>
      <trkpt lat="45.871385" lon="7.053343"><ele>1771.4</ele></trkpt>
      <trkpt lat="45.871280" lon="7.053470"><ele>1771.8</ele></trkpt>
      <trkpt lat="45.871331" lon="7.053382"><ele>1772.4</ele></trkpt>
      <trkpt lat="45.871288" lon="7.053460"><ele>1772.6</ele></trkpt>
      <trkpt lat="45.871232" lon="7.053399"><ele>1772.6</ele></trkpt>
      <trkpt lat="45.871310" lon="7.053378"><ele>1772.6</ele></trkpt>
      <trkpt lat="45.871332" lon="7.053469"><ele>1772.6</ele></trkpt>
      <trkpt lat="45.871293" lon="7.053363"><ele>1772.8</ele></trkpt>
      <trkpt lat="45.871335" lon="7.053397"><ele>1773.4</ele></trkpt>
      <trkpt lat="45.871399" lon="7.053169"><ele>1774.2</ele></trkpt>
      <trkpt lat="45.871342" lon="7.053422"><ele>1774.4</ele></trkpt>
      <trkpt lat="45.871434" lon="7.053449"><ele>1775.0</ele></trkpt>
      <trkpt lat="45.871361" lon="7.053502"><ele>1775.2</ele></trkpt>
      <trkpt lat="45.871533" lon="7.053552"><ele>1775.0</ele></trkpt>
      <trkpt lat="45.872153" lon="7.054846"><ele>1777.8</ele></trkpt>
      <trkpt lat="45.872614" lon="7.054968"><ele>1785.2</ele></trkpt>
      <trkpt lat="45.872810" lon="7.055419"><ele>1792.4</ele></trkpt>
      <trkpt lat="45.872973" lon="7.055569"><ele>1797.0</ele></trkpt>
      <trkpt lat="45.872841" lon="7.055630"><ele>1800.6</ele></trkpt>
      <trkpt lat="45.872978" lon="7.055925"><ele>1806.8</ele></trkpt>
      <trkpt lat="45.873063" lon="7.056398"><ele>1815.0</ele></trkpt>
      <trkpt lat="45.873260" lon="7.056757"><ele>1824.2</ele></trkpt>
      <trkpt lat="45.873504" lon="7.056791"><ele>1830.6</ele></trkpt>
      <trkpt lat="45.873482" lon="7.056944"><ele>1835.2</ele></trkpt>
      <trkpt lat="45.873768" lon="7.057093"><ele>1843.8</ele></trkpt>
      <trkpt lat="45.873741" lon="7.057210"><ele>1846.2</ele></trkpt>
      <trkpt lat="45.873917" lon="7.057254"><ele>1853.0</ele></trkpt>
      <trkpt lat="45.874149" lon="7.057118"><ele>1856.6</ele></trkpt>
      <trkpt lat="45.874501" lon="7.057438"><ele>1862.6</ele></trkpt>
      <trkpt lat="45.874842" lon="7.057847"><ele>1873.4</ele></trkpt>
      <trkpt lat="45.874833" lon="7.058030"><ele>1879.0</ele></trkpt>
      <trkpt lat="45.874986" lon="7.058513"><ele>1890.0</ele></trkpt>
      <trkpt lat="45.875209" lon="7.058682"><ele>1894.0</ele></trkpt>
      <trkpt lat="45.875706" lon="7.058762"><ele>1905.8</ele></trkpt>
      <trkpt lat="45.875887" lon="7.059154"><ele>1918.6</ele></trkpt>
      <trkpt lat="45.875864" lon="7.059396"><ele>1923.2</ele></trkpt>
      <trkpt lat="45.876443" lon="7.059650"><ele>1933.8</ele></trkpt>
      <trkpt lat="45.876763" lon="7.060198"><ele>1939.4</ele></trkpt>
      <trkpt lat="45.877161" lon="7.060448"><ele>1944.2</ele></trkpt>
      <trkpt lat="45.877259" lon="7.060771"><ele>1946.8</ele></trkpt>
      <trkpt lat="45.878039" lon="7.061380"><ele>1952.6</ele></trkpt>
      <trkpt lat="45.878022" lon="7.061802"><ele>1954.2</ele></trkpt>
      <trkpt lat="45.878078" lon="7.061909"><ele>1956.8</ele></trkpt>
      <trkpt lat="45.878297" lon="7.061846"><ele>1957.2</ele></trkpt>
      <trkpt lat="45.878633" lon="7.062130"><ele>1958.8</ele></trkpt>
      <trkpt lat="45.878843" lon="7.062163"><ele>1959.6</ele></trkpt>
      <trkpt lat="45.879393" lon="7.062840"><ele>1963.2</ele></trkpt>
      <trkpt lat="45.879689" lon="7.062867"><ele>1965.0</ele></trkpt>
      <trkpt lat="45.880295" lon="7.063692"><ele>1968.4</ele></trkpt>
      <trkpt lat="45.880416" lon="7.063661"><ele>1972.0</ele></trkpt>
      <trkpt lat="45.880474" lon="7.063879"><ele>1972.4</ele></trkpt>
      <trkpt lat="45.880579" lon="7.063795"><ele>1973.2</ele></trkpt>
      <trkpt lat="45.881102" lon="7.063929"><ele>1974.4</ele></trkpt>
      <trkpt lat="45.881526" lon="7.064234"><ele>1982.6</ele></trkpt>
      <trkpt lat="45.881616" lon="7.064410"><ele>1982.4</ele></trkpt>
      <trkpt lat="45.881697" lon="7.064320"><ele>1983.2</ele></trkpt>
      <trkpt lat="45.882537" lon="7.064975"><ele>2012.6</ele></trkpt>
      <trkpt lat="45.882496" lon="7.064662"><ele>2020.0</ele></trkpt>
      <trkpt lat="45.882790" lon="7.064728"><ele>2024.0</ele></trkpt>
      <trkpt lat="45.883528" lon="7.065395"><ele>2041.2</ele></trkpt>
      <trkpt lat="45.884879" lon="7.067095"><ele>2069.4</ele></trkpt>
      <trkpt lat="45.884976" lon="7.067384"><ele>2075.6</ele></trkpt>
      <trkpt lat="45.884935" lon="7.067769"><ele>2086.8</ele></trkpt>
      <trkpt lat="45.884634" lon="7.067991"><ele>2097.8</ele></trkpt>
      <trkpt lat="45.883936" lon="7.068168"><ele>2111.4</ele></trkpt>
      <trkpt lat="45.883241" lon="7.068115"><ele>2128.6</ele></trkpt>
      <trkpt lat="45.883613" lon="7.068629"><ele>2142.0</ele></trkpt>
      <trkpt lat="45.883133" lon="7.068652"><ele>2155.4</ele></trkpt>
      <trkpt lat="45.883233" lon="7.068888"><ele>2160.0</ele></trkpt>
      <trkpt lat="45.884070" lon="7.069696"><ele>2186.8</ele></trkpt>
      <trkpt lat="45.884184" lon="7.069683"><ele>2190.0</ele></trkpt>
      <trkpt lat="45.884278" lon="7.069872"><ele>2195.4</ele></trkpt>
      <trkpt lat="45.883260" lon="7.070611"><ele>2214.8</ele></trkpt>
      <trkpt lat="45.883277" lon="7.070784"><ele>2219.4</ele></trkpt>
      <trkpt lat="45.883613" lon="7.070969"><ele>2230.2</ele></trkpt>
      <trkpt lat="45.883554" lon="7.071654"><ele>2243.4</ele></trkpt>
      <trkpt lat="45.883422" lon="7.072220"><ele>2254.6</ele></trkpt>
      <trkpt lat="45.883294" lon="7.072268"><ele>2256.0</ele></trkpt>
      <trkpt lat="45.883129" lon="7.072806"><ele>2262.8</ele></trkpt>
      <trkpt lat="45.882949" lon="7.073055"><ele>2269.0</ele></trkpt>
      <trkpt lat="45.882939" lon="7.073377"><ele>2276.6</ele></trkpt>
      <trkpt lat="45.882821" lon="7.073517"><ele>2279.0</ele></trkpt>
      <trkpt lat="45.882914" lon="7.073685"><ele>2284.8</ele></trkpt>
      <trkpt lat="45.882794" lon="7.074017"><ele>2293.2</ele></trkpt>
      <trkpt lat="45.882833" lon="7.074206"><ele>2298.8</ele></trkpt>
      <trkpt lat="45.882619" lon="7.074336"><ele>2300.0</ele></trkpt>
      <trkpt lat="45.882477" lon="7.075544"><ele>2313.8</ele></trkpt>
      <trkpt lat="45.882563" lon="7.075494"><ele>2316.4</ele></trkpt>
      <trkpt lat="45.882702" lon="7.075796"><ele>2326.4</ele></trkpt>
      <trkpt lat="45.882964" lon="7.075579"><ele>2336.8</ele></trkpt>
      <trkpt lat="45.883122" lon="7.075234"><ele>2346.4</ele></trkpt>
      <trkpt lat="45.883397" lon="7.075205"><ele>2353.0</ele></trkpt>
      <trkpt lat="45.883441" lon="7.075390"><ele>2359.2</ele></trkpt>
      <trkpt lat="45.883331" lon="7.075759"><ele>2368.0</ele></trkpt>
      <trkpt lat="45.883394" lon="7.076070"><ele>2375.6</ele></trkpt>
      <trkpt lat="45.883474" lon="7.076211"><ele>2381.2</ele></trkpt>
      <trkpt lat="45.883680" lon="7.076213"><ele>2386.4</ele></trkpt>
      <trkpt lat="45.883644" lon="7.076161"><ele>2387.0</ele></trkpt>
      <trkpt lat="45.883720" lon="7.076274"><ele>2390.6</ele></trkpt>
      <trkpt lat="45.884077" lon="7.075887"><ele>2405.8</ele></trkpt>
      <trkpt lat="45.884297" lon="7.075867"><ele>2412.4</ele></trkpt>
      <trkpt lat="45.884758" lon="7.075605"><ele>2427.8</ele></trkpt>
      <trkpt lat="45.885149" lon="7.075202"><ele>2442.6</ele></trkpt>
      <trkpt lat="45.885446" lon="7.075080"><ele>2450.6</ele></trkpt>
      <trkpt lat="45.885568" lon="7.075168"><ele>2454.6</ele></trkpt>
      <trkpt lat="45.885624" lon="7.075349"><ele>2459.0</ele></trkpt>
      <trkpt lat="45.885671" lon="7.076086"><ele>2470.0</ele></trkpt>
      <trkpt lat="45.886087" lon="7.077081"><ele>2496.2</ele></trkpt>
      <trkpt lat="45.887832" lon="7.077764"><ele>2518.6</ele></trkpt>
      <trkpt lat="45.888473" lon="7.077740"><ele>2525.6</ele></trkpt>
      <trkpt lat="45.888917" lon="7.077864"><ele>2533.4</ele></trkpt>
      <trkpt lat="45.889079" lon="7.077766"><ele>2536.6</ele></trkpt>
      <trkpt lat="45.889103" lon="7.077836"><ele>2540.4</ele></trkpt>
      <trkpt lat="45.889026" lon="7.077737"><ele>2542.4</ele></trkpt>
      <trkpt lat="45.889122" lon="7.077800"><ele>2541.2</ele></trkpt>
      <trkpt lat="45.889043" lon="7.077909"><ele>2541.0</ele></trkpt>
      <trkpt lat="45.889174" lon="7.078172"><ele>2533.2</ele></trkpt>
      <trkpt lat="45.890453" lon="7.078058"><ele>2517.0</ele></trkpt>
      <trkpt lat="45.891001" lon="7.078407"><ele>2514.6</ele></trkpt>
      <trkpt lat="45.891161" lon="7.078716"><ele>2511.8</ele></trkpt>
      <trkpt lat="45.891288" lon="7.078683"><ele>2508.0</ele></trkpt>
      <trkpt lat="45.891485" lon="7.079614"><ele>2501.6</ele></trkpt>
      <trkpt lat="45.891631" lon="7.079672"><ele>2499.0</ele></trkpt>
      <trkpt lat="45.891733" lon="7.080243"><ele>2494.6</ele></trkpt>
      <trkpt lat="45.892106" lon="7.081182"><ele>2486.2</ele></trkpt>
      <trkpt lat="45.891984" lon="7.081793"><ele>2486.4</ele></trkpt>
      <trkpt lat="45.892042" lon="7.082321"><ele>2481.8</ele></trkpt>
      <trkpt lat="45.892203" lon="7.082703"><ele>2476.8</ele></trkpt>
      <trkpt lat="45.892325" lon="7.083444"><ele>2468.4</ele></trkpt>
      <trkpt lat="45.892218" lon="7.083726"><ele>2463.8</ele></trkpt>
      <trkpt lat="45.892228" lon="7.084054"><ele>2461.4</ele></trkpt>
      <trkpt lat="45.891728" lon="7.084433"><ele>2455.2</ele></trkpt>
      <trkpt lat="45.891415" lon="7.085459"><ele>2440.2</ele></trkpt>
      <trkpt lat="45.891461" lon="7.085565"><ele>2438.6</ele></trkpt>
      <trkpt lat="45.891686" lon="7.085639"><ele>2435.4</ele></trkpt>
      <trkpt lat="45.891746" lon="7.086132"><ele>2428.8</ele></trkpt>
      <trkpt lat="45.892008" lon="7.086810"><ele>2421.4</ele></trkpt>
      <trkpt lat="45.891997" lon="7.088354"><ele>2408.4</ele></trkpt>
      <trkpt lat="45.892177" lon="7.089861"><ele>2393.6</ele></trkpt>
      <trkpt lat="45.892068" lon="7.090977"><ele>2389.0</ele></trkpt>
      <trkpt lat="45.892201" lon="7.091198"><ele>2385.6</ele></trkpt>
      <trkpt lat="45.892138" lon="7.092072"><ele>2374.4</ele></trkpt>
      <trkpt lat="45.892046" lon="7.092387"><ele>2371.0</ele></trkpt>
      <trkpt lat="45.892200" lon="7.093802"><ele>2356.2</ele></trkpt>
      <trkpt lat="45.892487" lon="7.094615"><ele>2336.4</ele></trkpt>
      <trkpt lat="45.892557" lon="7.094614"><ele>2334.2</ele></trkpt>
      <trkpt lat="45.892762" lon="7.095054"><ele>2326.4</ele></trkpt>
      <trkpt lat="45.892812" lon="7.095956"><ele>2310.2</ele></trkpt>
      <trkpt lat="45.893517" lon="7.097719"><ele>2293.6</ele></trkpt>
      <trkpt lat="45.893682" lon="7.098628"><ele>2291.8</ele></trkpt>
      <trkpt lat="45.893939" lon="7.098885"><ele>2296.6</ele></trkpt>
      <trkpt lat="45.894195" lon="7.099361"><ele>2289.6</ele></trkpt>
      <trkpt lat="45.894181" lon="7.099621"><ele>2286.2</ele></trkpt>
      <trkpt lat="45.894260" lon="7.099850"><ele>2285.0</ele></trkpt>
      <trkpt lat="45.894976" lon="7.100832"><ele>2276.2</ele></trkpt>
      <trkpt lat="45.895976" lon="7.103676"><ele>2254.8</ele></trkpt>
      <trkpt lat="45.896262" lon="7.105461"><ele>2238.4</ele></trkpt>
      <trkpt lat="45.896728" lon="7.107015"><ele>2220.4</ele></trkpt>
      <trkpt lat="45.896666" lon="7.107113"><ele>2218.8</ele></trkpt>
      <trkpt lat="45.896697" lon="7.107522"><ele>2209.6</ele></trkpt>
      <trkpt lat="45.896954" lon="7.108376"><ele>2195.6</ele></trkpt>
      <trkpt lat="45.897627" lon="7.109508"><ele>2173.6</ele></trkpt>
      <trkpt lat="45.897925" lon="7.109870"><ele>2164.8</ele></trkpt>
      <trkpt lat="45.897439" lon="7.109968"><ele>2155.2</ele></trkpt>
      <trkpt lat="45.897354" lon="7.110066"><ele>2151.8</ele></trkpt>
      <trkpt lat="45.897780" lon="7.110715"><ele>2134.2</ele></trkpt>
      <trkpt lat="45.898452" lon="7.111226"><ele>2121.2</ele></trkpt>
      <trkpt lat="45.898782" lon="7.111642"><ele>2109.6</ele></trkpt>
      <trkpt lat="45.899756" lon="7.112172"><ele>2090.8</ele></trkpt>
      <trkpt lat="45.899937" lon="7.112367"><ele>2086.4</ele></trkpt>
      <trkpt lat="45.899508" lon="7.112579"><ele>2080.0</ele></trkpt>
      <trkpt lat="45.898821" lon="7.112558"><ele>2069.0</ele></trkpt>
      <trkpt lat="45.898696" lon="7.112749"><ele>2065.8</ele></trkpt>
      <trkpt lat="45.898697" lon="7.112669"><ele>2065.8</ele></trkpt>
      <trkpt lat="45.898716" lon="7.112758"><ele>2065.6</ele></trkpt>
      <trkpt lat="45.899079" lon="7.112704"><ele>2065.8</ele></trkpt>
      <trkpt lat="45.899634" lon="7.113168"><ele>2057.2</ele></trkpt>
      <trkpt lat="45.900608" lon="7.113432"><ele>2045.6</ele></trkpt>
      <trkpt lat="45.901142" lon="7.113130"><ele>2040.6</ele></trkpt>
      <trkpt lat="45.901766" lon="7.112968"><ele>2037.6</ele></trkpt>
      <trkpt lat="45.902386" lon="7.113023"><ele>2031.6</ele></trkpt>
      <trkpt lat="45.902634" lon="7.112932"><ele>2030.6</ele></trkpt>
      <trkpt lat="45.902666" lon="7.112676"><ele>2028.6</ele></trkpt>
      <trkpt lat="45.903004" lon="7.112164"><ele>2021.8</ele></trkpt>
      <trkpt lat="45.903473" lon="7.111761"><ele>2021.2</ele></trkpt>
      <trkpt lat="45.903614" lon="7.111380"><ele>2017.2</ele></trkpt>
      <trkpt lat="45.903495" lon="7.111003"><ele>2014.8</ele></trkpt>
      <trkpt lat="45.903642" lon="7.110980"><ele>2008.6</ele></trkpt>
      <trkpt lat="45.903699" lon="7.110677"><ele>2008.0</ele></trkpt>
      <trkpt lat="45.904048" lon="7.110801"><ele>2003.6</ele></trkpt>
      <trkpt lat="45.904384" lon="7.110690"><ele>2005.6</ele></trkpt>
      <trkpt lat="45.904668" lon="7.110464"><ele>2000.2</ele></trkpt>
      <trkpt lat="45.904911" lon="7.110507"><ele>1991.4</ele></trkpt>
      <trkpt lat="45.905171" lon="7.109879"><ele>1979.2</ele></trkpt>
      <trkpt lat="45.906094" lon="7.108545"><ele>1955.6</ele></trkpt>
      <trkpt lat="45.906144" lon="7.108411"><ele>1955.4</ele></trkpt>
      <trkpt lat="45.906055" lon="7.107531"><ele>1947.4</ele></trkpt>
      <trkpt lat="45.906477" lon="7.107477"><ele>1950.4</ele></trkpt>
      <trkpt lat="45.906780" lon="7.107007"><ele>1953.0</ele></trkpt>
      <trkpt lat="45.907106" lon="7.107019"><ele>1962.4</ele></trkpt>
      <trkpt lat="45.907264" lon="7.106895"><ele>1963.8</ele></trkpt>
      <trkpt lat="45.907391" lon="7.106552"><ele>1969.0</ele></trkpt>
      <trkpt lat="45.907651" lon="7.106275"><ele>1972.4</ele></trkpt>
      <trkpt lat="45.907797" lon="7.105962"><ele>1975.6</ele></trkpt>
      <trkpt lat="45.907853" lon="7.105396"><ele>1981.6</ele></trkpt>
      <trkpt lat="45.908274" lon="7.104755"><ele>1992.2</ele></trkpt>
      <trkpt lat="45.908130" lon="7.103148"><ele>1997.2</ele></trkpt>
      <trkpt lat="45.908347" lon="7.102635"><ele>1998.4</ele></trkpt>
      <trkpt lat="45.908351" lon="7.102100"><ele>1998.4</ele></trkpt>
      <trkpt lat="45.908859" lon="7.101713"><ele>1999.8</ele></trkpt>
      <trkpt lat="45.908983" lon="7.101474"><ele>1997.6</ele></trkpt>
      <trkpt lat="45.908962" lon="7.100817"><ele>1991.6</ele></trkpt>
      <trkpt lat="45.909126" lon="7.100579"><ele>1987.6</ele></trkpt>
      <trkpt lat="45.909207" lon="7.100269"><ele>1983.6</ele></trkpt>
      <trkpt lat="45.909369" lon="7.100109"><ele>1987.8</ele></trkpt>
      <trkpt lat="45.909496" lon="7.100149"><ele>1987.6</ele></trkpt>
      <trkpt lat="45.909589" lon="7.099944"><ele>1985.8</ele></trkpt>
      <trkpt lat="45.909776" lon="7.099817"><ele>1983.6</ele></trkpt>
      <trkpt lat="45.910467" lon="7.099655"><ele>1976.2</ele></trkpt>
      <trkpt lat="45.911486" lon="7.099943"><ele>1958.4</ele></trkpt>
      <trkpt lat="45.911337" lon="7.098880"><ele>1951.0</ele></trkpt>
      <trkpt lat="45.911145" lon="7.098534"><ele>1945.6</ele></trkpt>
      <trkpt lat="45.911063" lon="7.097718"><ele>1935.0</ele></trkpt>
      <trkpt lat="45.910951" lon="7.097469"><ele>1932.6</ele></trkpt>
      <trkpt lat="45.911037" lon="7.097198"><ele>1930.4</ele></trkpt>
      <trkpt lat="45.911245" lon="7.097016"><ele>1925.2</ele></trkpt>
      <trkpt lat="45.911086" lon="7.096496"><ele>1916.8</ele></trkpt>
      <trkpt lat="45.911263" lon="7.096158"><ele>1910.0</ele></trkpt>
      <trkpt lat="45.911404" lon="7.096235"><ele>1905.2</ele></trkpt>
      <trkpt lat="45.911532" lon="7.096174"><ele>1900.0</ele></trkpt>
      <trkpt lat="45.911617" lon="7.096279"><ele>1896.2</ele></trkpt>
      <trkpt lat="45.911659" lon="7.096487"><ele>1894.0</ele></trkpt>
      <trkpt lat="45.912229" lon="7.097394"><ele>1878.2</ele></trkpt>
      <trkpt lat="45.913346" lon="7.100013"><ele>1842.2</ele></trkpt>
      <trkpt lat="45.913565" lon="7.100299"><ele>1832.2</ele></trkpt>
      <trkpt lat="45.913841" lon="7.100253"><ele>1823.6</ele></trkpt>
      <trkpt lat="45.914346" lon="7.100365"><ele>1807.0</ele></trkpt>
      <trkpt lat="45.914385" lon="7.100478"><ele>1803.2</ele></trkpt>
      <trkpt lat="45.914838" lon="7.100707"><ele>1787.8</ele></trkpt>
      <trkpt lat="45.915126" lon="7.100679"><ele>1781.4</ele></trkpt>
      <trkpt lat="45.915426" lon="7.100865"><ele>1772.6</ele></trkpt>
      <trkpt lat="45.915385" lon="7.101146"><ele>1767.0</ele></trkpt>
      <trkpt lat="45.915576" lon="7.101262"><ele>1759.4</ele></trkpt>
      <trkpt lat="45.915056" lon="7.101591"><ele>1745.0</ele></trkpt>
      <trkpt lat="45.914993" lon="7.101889"><ele>1742.6</ele></trkpt>
      <trkpt lat="45.915028" lon="7.102103"><ele>1739.4</ele></trkpt>
      <trkpt lat="45.915372" lon="7.102466"><ele>1726.0</ele></trkpt>
      <trkpt lat="45.915430" lon="7.102996"><ele>1716.2</ele></trkpt>
      <trkpt lat="45.915765" lon="7.103184"><ele>1701.4</ele></trkpt>
      <trkpt lat="45.915972" lon="7.103189"><ele>1692.4</ele></trkpt>
      <trkpt lat="45.916504" lon="7.102851"><ele>1678.4</ele></trkpt>
      <trkpt lat="45.916871" lon="7.102785"><ele>1674.0</ele></trkpt>
      <trkpt lat="45.917163" lon="7.102475"><ele>1670.0</ele></trkpt>
      <trkpt lat="45.917289" lon="7.102103"><ele>1669.6</ele></trkpt>
      <trkpt lat="45.917837" lon="7.101472"><ele>1674.4</ele></trkpt>
      <trkpt lat="45.917876" lon="7.101220"><ele>1676.4</ele></trkpt>
      <trkpt lat="45.918028" lon="7.100937"><ele>1678.2</ele></trkpt>
      <trkpt lat="45.917961" lon="7.100806"><ele>1677.8</ele></trkpt>
      <trkpt lat="45.917874" lon="7.100822"><ele>1677.8</ele></trkpt>
      <trkpt lat="45.918369" lon="7.100576"><ele>1682.2</ele></trkpt>
      <trkpt lat="45.919235" lon="7.100684"><ele>1681.0</ele></trkpt>
      <trkpt lat="45.919712" lon="7.099923"><ele>1672.8</ele></trkpt>
      <trkpt lat="45.919414" lon="7.101365"><ele>1663.6</ele></trkpt>
      <trkpt lat="45.919452" lon="7.101491"><ele>1662.0</ele></trkpt>
      <trkpt lat="45.919639" lon="7.101577"><ele>1660.0</ele></trkpt>
      <trkpt lat="45.919904" lon="7.101468"><ele>1657.8</ele></trkpt>
      <trkpt lat="45.920421" lon="7.100850"><ele>1652.0</ele></trkpt>
      <trkpt lat="45.921541" lon="7.100457"><ele>1645.4</ele></trkpt>
      <trkpt lat="45.921947" lon="7.100007"><ele>1643.6</ele></trkpt>
      <trkpt lat="45.922542" lon="7.099543"><ele>1641.6</ele></trkpt>
      <trkpt lat="45.923857" lon="7.097905"><ele>1632.4</ele></trkpt>
      <trkpt lat="45.924984" lon="7.096817"><ele>1627.2</ele></trkpt>
      <trkpt lat="45.925552" lon="7.096467"><ele>1625.2</ele></trkpt>
      <trkpt lat="45.925830" lon="7.096456"><ele>1624.8</ele></trkpt>
      <trkpt lat="45.925949" lon="7.096647"><ele>1625.0</ele></trkpt>
      <trkpt lat="45.926053" lon="7.096664"><ele>1624.2</ele></trkpt>
      <trkpt lat="45.926233" lon="7.096532"><ele>1625.4</ele></trkpt>
      <trkpt lat="45.926706" lon="7.096755"><ele>1630.6</ele></trkpt>
      <trkpt lat="45.927420" lon="7.096712"><ele>1629.2</ele></trkpt>
      <trkpt lat="45.927899" lon="7.096386"><ele>1629.6</ele></trkpt>
      <trkpt lat="45.928506" lon="7.095611"><ele>1629.4</ele></trkpt>
      <trkpt lat="45.928864" lon="7.095456"><ele>1627.8</ele></trkpt>
      <trkpt lat="45.929094" lon="7.095467"><ele>1626.2</ele></trkpt>
      <trkpt lat="45.929476" lon="7.095690"><ele>1623.6</ele></trkpt>
      <trkpt lat="45.930191" lon="7.096713"><ele>1615.2</ele></trkpt>
      <trkpt lat="45.930785" lon="7.097231"><ele>1613.4</ele></trkpt>
      <trkpt lat="45.931779" lon="7.098638"><ele>1610.0</ele></trkpt>
      <trkpt lat="45.932979" lon="7.098703"><ele>1610.2</ele></trkpt>
      <trkpt lat="45.934400" lon="7.098424"><ele>1609.6</ele></trkpt>
      <trkpt lat="45.935755" lon="7.098412"><ele>1606.4</ele></trkpt>
      <trkpt lat="45.936145" lon="7.098293"><ele>1603.4</ele></trkpt>
      <trkpt lat="45.936050" lon="7.098183"><ele>1602.6</ele></trkpt>
      <trkpt lat="45.936089" lon="7.098082"><ele>1602.2</ele></trkpt>
      <trkpt lat="45.936047" lon="7.098144"><ele>1601.8</ele></trkpt>
      <trkpt lat="45.936197" lon="7.098104"><ele>1599.8</ele></trkpt>
      <trkpt lat="45.936168" lon="7.098175"><ele>1599.4</ele></trkpt>
      <trkpt lat="45.936089" lon="7.098067"><ele>1598.4</ele></trkpt>
      <trkpt lat="45.936131" lon="7.098099"><ele>1598.0</ele></trkpt>
      <trkpt lat="45.936139" lon="7.097991"><ele>1598.4</ele></trkpt>
      <trkpt lat="45.936061" lon="7.098112"><ele>1598.2</ele></trkpt>
      <trkpt lat="45.936120" lon="7.098117"><ele>1598.0</ele></trkpt>
      <trkpt lat="45.936043" lon="7.098071"><ele>1597.6</ele></trkpt>
      <trkpt lat="45.936126" lon="7.098077"><ele>1597.4</ele></trkpt>
      <trkpt lat="45.936108" lon="7.098143"><ele>1597.4</ele></trkpt>
      <trkpt lat="45.936153" lon="7.098042"><ele>1597.6</ele></trkpt>
      <trkpt lat="45.936209" lon="7.098174"><ele>1597.8</ele></trkpt>
      <trkpt lat="45.936244" lon="7.097974"><ele>1598.0</ele></trkpt>
      <trkpt lat="45.936151" lon="7.098025"><ele>1598.0</ele></trkpt>
      <trkpt lat="45.936234" lon="7.098126"><ele>1597.8</ele></trkpt>
      <trkpt lat="45.936092" lon="7.098060"><ele>1597.8</ele></trkpt>
      <trkpt lat="45.936070" lon="7.098131"><ele>1598.4</ele></trkpt>
      <trkpt lat="45.936137" lon="7.098076"><ele>1598.0</ele></trkpt>
      <trkpt lat="45.936061" lon="7.098046"><ele>1598.2</ele></trkpt>
      <trkpt lat="45.936213" lon="7.098170"><ele>1598.2</ele></trkpt>
      <trkpt lat="45.936083" lon="7.098067"><ele>1598.6</ele></trkpt>
      <trkpt lat="45.936153" lon="7.098121"><ele>1598.8</ele></trkpt>
      <trkpt lat="45.936148" lon="7.098042"><ele>1599.2</ele></trkpt>
      <trkpt lat="45.936026" lon="7.098044"><ele>1600.0</ele></trkpt>
      <trkpt lat="45.936156" lon="7.098234"><ele>1599.4</ele></trkpt>
      <trkpt lat="45.936150" lon="7.097844"><ele>1596.4</ele></trkpt>
      <trkpt lat="45.936237" lon="7.097664"><ele>1592.2</ele></trkpt>
      <trkpt lat="45.936221" lon="7.097124"><ele>1585.8</ele></trkpt>
      <trkpt lat="45.936321" lon="7.096909"><ele>1582.8</ele></trkpt>
      <trkpt lat="45.936357" lon="7.096528"><ele>1582.2</ele></trkpt>
      <trkpt lat="45.936370" lon="7.095881"><ele>1582.8</ele></trkpt>
      <trkpt lat="45.937219" lon="7.095247"><ele>1582.2</ele></trkpt>
      <trkpt lat="45.937548" lon="7.095546"><ele>1578.8</ele></trkpt>
      <trkpt lat="45.937874" lon="7.095620"><ele>1577.4</ele></trkpt>
      <trkpt lat="45.937993" lon="7.095554"><ele>1576.4</ele></trkpt>
      <trkpt lat="45.937901" lon="7.095487"><ele>1577.0</ele></trkpt>
      <trkpt lat="45.938070" lon="7.095505"><ele>1576.8</ele></trkpt>
      <trkpt lat="45.938285" lon="7.095341"><ele>1575.0</ele></trkpt>
      <trkpt lat="45.938914" lon="7.095615"><ele>1571.4</ele></trkpt>
      <trkpt lat="45.939446" lon="7.095364"><ele>1568.2</ele></trkpt>
      <trkpt lat="45.940001" lon="7.095600"><ele>1560.8</ele></trkpt>
      <trkpt lat="45.940407" lon="7.095585"><ele>1556.8</ele></trkpt>
      <trkpt lat="45.941023" lon="7.096088"><ele>1552.6</ele></trkpt>
      <trkpt lat="45.941367" lon="7.096248"><ele>1549.2</ele></trkpt>
      <trkpt lat="45.942161" lon="7.096115"><ele>1545.0</ele></trkpt>
      <trkpt lat="45.942563" lon="7.095833"><ele>1543.8</ele></trkpt>
      <trkpt lat="45.942763" lon="7.095943"><ele>1542.8</ele></trkpt>
      <trkpt lat="45.943255" lon="7.095899"><ele>1542.6</ele></trkpt>
      <trkpt lat="45.943535" lon="7.096089"><ele>1538.2</ele></trkpt>
      <trkpt lat="45.944445" lon="7.096375"><ele>1534.8</ele></trkpt>
      <trkpt lat="45.944932" lon="7.097331"><ele>1537.6</ele></trkpt>
      <trkpt lat="45.945500" lon="7.097996"><ele>1536.4</ele></trkpt>
      <trkpt lat="45.945555" lon="7.098297"><ele>1533.6</ele></trkpt>
      <trkpt lat="45.945794" lon="7.098656"><ele>1527.6</ele></trkpt>
      <trkpt lat="45.946855" lon="7.099393"><ele>1517.4</ele></trkpt>
      <trkpt lat="45.948295" lon="7.099723"><ele>1500.4</ele></trkpt>
      <trkpt lat="45.948698" lon="7.100069"><ele>1498.2</ele></trkpt>
      <trkpt lat="45.948778" lon="7.100258"><ele>1499.4</ele></trkpt>
      <trkpt lat="45.949463" lon="7.100795"><ele>1505.0</ele></trkpt>
      <trkpt lat="45.949621" lon="7.101099"><ele>1508.2</ele></trkpt>
      <trkpt lat="45.950160" lon="7.101686"><ele>1501.8</ele></trkpt>
      <trkpt lat="45.950380" lon="7.101636"><ele>1504.6</ele></trkpt>
      <trkpt lat="45.950508" lon="7.101974"><ele>1499.4</ele></trkpt>
      <trkpt lat="45.950599" lon="7.102018"><ele>1498.2</ele></trkpt>
      <trkpt lat="45.950853" lon="7.101838"><ele>1497.4</ele></trkpt>
      <trkpt lat="45.951172" lon="7.101820"><ele>1487.6</ele></trkpt>
      <trkpt lat="45.951516" lon="7.102015"><ele>1474.8</ele></trkpt>
      <trkpt lat="45.952101" lon="7.102555"><ele>1469.2</ele></trkpt>
      <trkpt lat="45.952494" lon="7.102534"><ele>1462.8</ele></trkpt>
      <trkpt lat="45.952885" lon="7.102367"><ele>1456.4</ele></trkpt>
      <trkpt lat="45.954245" lon="7.102922"><ele>1444.6</ele></trkpt>
      <trkpt lat="45.955100" lon="7.103624"><ele>1443.4</ele></trkpt>
      <trkpt lat="45.956260" lon="7.105020"><ele>1431.6</ele></trkpt>
      <trkpt lat="45.956308" lon="7.105481"><ele>1424.2</ele></trkpt>
      <trkpt lat="45.956225" lon="7.105816"><ele>1426.8</ele></trkpt>
      <trkpt lat="45.956122" lon="7.105846"><ele>1432.0</ele></trkpt>
      <trkpt lat="45.956249" lon="7.106085"><ele>1439.8</ele></trkpt>
      <trkpt lat="45.956743" lon="7.106236"><ele>1443.2</ele></trkpt>
      <trkpt lat="45.957054" lon="7.106542"><ele>1440.4</ele></trkpt>
      <trkpt lat="45.957556" lon="7.106708"><ele>1435.6</ele></trkpt>
      <trkpt lat="45.958542" lon="7.107422"><ele>1423.0</ele></trkpt>
      <trkpt lat="45.958826" lon="7.108089"><ele>1416.6</ele></trkpt>
      <trkpt lat="45.958907" lon="7.108687"><ele>1415.4</ele></trkpt>
      <trkpt lat="45.958811" lon="7.108814"><ele>1414.2</ele></trkpt>
      <trkpt lat="45.959299" lon="7.109266"><ele>1412.2</ele></trkpt>
      <trkpt lat="45.959808" lon="7.109616"><ele>1403.8</ele></trkpt>
      <trkpt lat="45.960117" lon="7.109638"><ele>1398.4</ele></trkpt>
      <trkpt lat="45.960349" lon="7.109789"><ele>1393.6</ele></trkpt>
      <trkpt lat="45.961084" lon="7.109776"><ele>1380.4</ele></trkpt>
      <trkpt lat="45.961590" lon="7.110481"><ele>1386.8</ele></trkpt>
      <trkpt lat="45.962394" lon="7.110798"><ele>1394.0</ele></trkpt>
      <trkpt lat="45.963410" lon="7.110959"><ele>1395.2</ele></trkpt>
      <trkpt lat="45.963998" lon="7.110932"><ele>1393.0</ele></trkpt>
      <trkpt lat="45.964570" lon="7.111206"><ele>1389.8</ele></trkpt>
      <trkpt lat="45.965130" lon="7.111648"><ele>1387.6</ele></trkpt>
      <trkpt lat="45.965330" lon="7.111924"><ele>1387.2</ele></trkpt>
      <trkpt lat="45.965396" lon="7.112245"><ele>1387.0</ele></trkpt>
      <trkpt lat="45.965371" lon="7.112795"><ele>1386.2</ele></trkpt>
      <trkpt lat="45.965497" lon="7.113153"><ele>1385.8</ele></trkpt>
      <trkpt lat="45.965793" lon="7.113097"><ele>1384.6</ele></trkpt>
      <trkpt lat="45.965982" lon="7.112630"><ele>1383.0</ele></trkpt>
      <trkpt lat="45.966232" lon="7.112396"><ele>1381.0</ele></trkpt>
      <trkpt lat="45.967505" lon="7.113131"><ele>1371.4</ele></trkpt>
      <trkpt lat="45.967953" lon="7.113641"><ele>1367.4</ele></trkpt>
      <trkpt lat="45.968583" lon="7.114084"><ele>1360.0</ele></trkpt>
      <trkpt lat="45.968854" lon="7.114418"><ele>1354.4</ele></trkpt>
      <trkpt lat="45.969389" lon="7.114662"><ele>1346.8</ele></trkpt>
      <trkpt lat="45.970098" lon="7.115299"><ele>1337.0</ele></trkpt>
      <trkpt lat="45.970961" lon="7.116327"><ele>1325.0</ele></trkpt>
      <trkpt lat="45.971346" lon="7.116495"><ele>1317.6</ele></trkpt>
      <trkpt lat="45.971633" lon="7.116763"><ele>1312.6</ele></trkpt>
      <trkpt lat="45.971876" lon="7.117175"><ele>1308.2</ele></trkpt>
      <trkpt lat="45.971984" lon="7.117834"><ele>1306.2</ele></trkpt>
      <trkpt lat="45.972171" lon="7.118299"><ele>1303.8</ele></trkpt>
      <trkpt lat="45.972757" lon="7.118581"><ele>1295.0</ele></trkpt>
      <trkpt lat="45.973389" lon="7.119106"><ele>1285.6</ele></trkpt>
      <trkpt lat="45.973845" lon="7.119061"><ele>1279.2</ele></trkpt>
      <trkpt lat="45.974348" lon="7.119280"><ele>1272.4</ele></trkpt>
      <trkpt lat="45.975309" lon="7.120280"><ele>1257.2</ele></trkpt>
      <trkpt lat="45.976153" lon="7.120675"><ele>1246.0</ele></trkpt>
      <trkpt lat="45.976479" lon="7.121203"><ele>1243.4</ele></trkpt>
      <trkpt lat="45.976935" lon="7.121595"><ele>1241.2</ele></trkpt>
      <trkpt lat="45.977210" lon="7.122184"><ele>1239.0</ele></trkpt>
      <trkpt lat="45.977943" lon="7.123077"><ele>1235.2</ele></trkpt>
      <trkpt lat="45.980307" lon="7.125144"><ele>1219.2</ele></trkpt>
      <trkpt lat="45.980806" lon="7.125238"><ele>1216.4</ele></trkpt>
      <trkpt lat="45.981210" lon="7.125107"><ele>1215.2</ele></trkpt>
      <trkpt lat="45.981442" lon="7.124869"><ele>1212.2</ele></trkpt>
      <trkpt lat="45.981464" lon="7.124746"><ele>1211.4</ele></trkpt>
      <trkpt lat="45.981228" lon="7.124182"><ele>1212.2</ele></trkpt>
      <trkpt lat="45.981560" lon="7.123551"><ele>1206.4</ele></trkpt>
      <trkpt lat="45.982251" lon="7.123206"><ele>1206.2</ele></trkpt>
      <trkpt lat="45.982699" lon="7.122816"><ele>1207.6</ele></trkpt>
      <trkpt lat="45.983932" lon="7.122353"><ele>1205.8</ele></trkpt>
      <trkpt lat="45.984398" lon="7.121827"><ele>1204.0</ele></trkpt>
      <trkpt lat="45.985099" lon="7.121361"><ele>1200.2</ele></trkpt>
      <trkpt lat="45.985432" lon="7.121314"><ele>1198.0</ele></trkpt>
      <trkpt lat="45.986090" lon="7.121689"><ele>1196.0</ele></trkpt>
      <trkpt lat="45.986710" lon="7.121400"><ele>1192.4</ele></trkpt>
      <trkpt lat="45.987341" lon="7.121959"><ele>1187.4</ele></trkpt>
      <trkpt lat="45.987705" lon="7.122694"><ele>1181.6</ele></trkpt>
      <trkpt lat="45.988114" lon="7.122907"><ele>1176.4</ele></trkpt>
      <trkpt lat="45.988446" lon="7.123649"><ele>1170.2</ele></trkpt>
      <trkpt lat="45.989264" lon="7.123977"><ele>1162.8</ele></trkpt>
      <trkpt lat="45.989489" lon="7.124738"><ele>1158.4</ele></trkpt>
      <trkpt lat="45.989190" lon="7.125351"><ele>1154.4</ele></trkpt>
      <trkpt lat="45.988952" lon="7.125566"><ele>1155.4</ele></trkpt>
      <trkpt lat="45.988879" lon="7.125922"><ele>1157.4</ele></trkpt>
      <trkpt lat="45.989179" lon="7.126396"><ele>1156.4</ele></trkpt>
      <trkpt lat="45.989519" lon="7.126487"><ele>1154.2</ele></trkpt>
      <trkpt lat="45.989921" lon="7.126748"><ele>1150.6</ele></trkpt>
      <trkpt lat="45.990751" lon="7.126691"><ele>1144.6</ele></trkpt>
      <trkpt lat="45.991509" lon="7.126875"><ele>1138.4</ele></trkpt>
      <trkpt lat="45.992958" lon="7.126733"><ele>1127.8</ele></trkpt>
      <trkpt lat="45.994394" lon="7.127366"><ele>1119.0</ele></trkpt>
      <trkpt lat="45.995197" lon="7.127912"><ele>1113.6</ele></trkpt>
      <trkpt lat="45.995485" lon="7.128273"><ele>1113.2</ele></trkpt>
      <trkpt lat="45.995713" lon="7.128338"><ele>1112.8</ele></trkpt>
      <trkpt lat="45.996702" lon="7.128224"><ele>1111.0</ele></trkpt>
      <trkpt lat="45.997012" lon="7.128338"><ele>1111.4</ele></trkpt>
      <trkpt lat="45.997407" lon="7.128316"><ele>1115.6</ele></trkpt>
      <trkpt lat="45.997986" lon="7.128073"><ele>1119.0</ele></trkpt>
      <trkpt lat="45.998183" lon="7.128286"><ele>1117.0</ele></trkpt>
      <trkpt lat="45.998361" lon="7.127909"><ele>1117.4</ele></trkpt>
      <trkpt lat="45.999147" lon="7.127964"><ele>1113.8</ele></trkpt>
      <trkpt lat="45.999778" lon="7.128385"><ele>1103.4</ele></trkpt>
      <trkpt lat="46.000578" lon="7.128229"><ele>1097.2</ele></trkpt>
      <trkpt lat="46.000936" lon="7.127866"><ele>1092.4</ele></trkpt>
      <trkpt lat="46.001960" lon="7.127288"><ele>1077.0</ele></trkpt>
      <trkpt lat="46.002207" lon="7.127013"><ele>1073.0</ele></trkpt>
      <trkpt lat="46.002563" lon="7.126813"><ele>1067.2</ele></trkpt>
      <trkpt lat="46.002659" lon="7.126515"><ele>1063.8</ele></trkpt>
      <trkpt lat="46.002675" lon="7.125960"><ele>1061.6</ele></trkpt>
      <trkpt lat="46.002783" lon="7.125777"><ele>1062.4</ele></trkpt>
      <trkpt lat="46.002991" lon="7.125755"><ele>1061.8</ele></trkpt>
      <trkpt lat="46.003742" lon="7.125356"><ele>1058.2</ele></trkpt>
      <trkpt lat="46.004919" lon="7.124509"><ele>1055.8</ele></trkpt>
      <trkpt lat="46.005030" lon="7.124346"><ele>1055.4</ele></trkpt>
      <trkpt lat="46.005721" lon="7.124153"><ele>1062.2</ele></trkpt>
      <trkpt lat="46.006023" lon="7.123781"><ele>1065.2</ele></trkpt>
      <trkpt lat="46.006097" lon="7.123328"><ele>1074.2</ele></trkpt>
      <trkpt lat="46.006241" lon="7.123076"><ele>1080.8</ele></trkpt>
      <trkpt lat="46.006330" lon="7.123370"><ele>1085.0</ele></trkpt>
      <trkpt lat="46.006556" lon="7.123587"><ele>1088.6</ele></trkpt>
      <trkpt lat="46.006986" lon="7.123441"><ele>1092.4</ele></trkpt>
      <trkpt lat="46.007090" lon="7.123121"><ele>1095.4</ele></trkpt>
      <trkpt lat="46.007242" lon="7.123130"><ele>1097.4</ele></trkpt>
      <trkpt lat="46.007418" lon="7.123295"><ele>1102.0</ele></trkpt>
      <trkpt lat="46.007560" lon="7.123057"><ele>1107.0</ele></trkpt>
      <trkpt lat="46.007873" lon="7.122959"><ele>1108.0</ele></trkpt>
      <trkpt lat="46.008182" lon="7.122973"><ele>1108.6</ele></trkpt>
      <trkpt lat="46.008707" lon="7.123288"><ele>1112.2</ele></trkpt>
      <trkpt lat="46.008994" lon="7.123228"><ele>1122.6</ele></trkpt>
      <trkpt lat="46.009395" lon="7.123475"><ele>1135.0</ele></trkpt>
      <trkpt lat="46.009534" lon="7.123423"><ele>1138.0</ele></trkpt>
      <trkpt lat="46.009456" lon="7.123088"><ele>1150.0</ele></trkpt>
      <trkpt lat="46.009651" lon="7.122580"><ele>1160.4</ele></trkpt>
      <trkpt lat="46.009647" lon="7.121988"><ele>1164.4</ele></trkpt>
      <trkpt lat="46.010423" lon="7.120131"><ele>1191.2</ele></trkpt>
      <trkpt lat="46.011007" lon="7.119868"><ele>1200.6</ele></trkpt>
      <trkpt lat="46.011068" lon="7.119650"><ele>1204.0</ele></trkpt>
      <trkpt lat="46.010934" lon="7.118922"><ele>1211.2</ele></trkpt>
      <trkpt lat="46.010966" lon="7.118788"><ele>1212.8</ele></trkpt>
      <trkpt lat="46.011195" lon="7.118316"><ele>1218.0</ele></trkpt>
      <trkpt lat="46.011596" lon="7.117900"><ele>1222.0</ele></trkpt>
      <trkpt lat="46.011659" lon="7.117680"><ele>1222.8</ele></trkpt>
      <trkpt lat="46.011591" lon="7.118355"><ele>1228.8</ele></trkpt>
      <trkpt lat="46.011781" lon="7.118960"><ele>1237.0</ele></trkpt>
      <trkpt lat="46.011862" lon="7.119520"><ele>1241.4</ele></trkpt>
      <trkpt lat="46.012010" lon="7.119624"><ele>1239.8</ele></trkpt>
      <trkpt lat="46.012159" lon="7.119531"><ele>1241.2</ele></trkpt>
      <trkpt lat="46.012556" lon="7.119526"><ele>1250.0</ele></trkpt>
      <trkpt lat="46.012887" lon="7.119711"><ele>1256.4</ele></trkpt>
      <trkpt lat="46.013759" lon="7.120732"><ele>1277.8</ele></trkpt>
      <trkpt lat="46.013869" lon="7.120993"><ele>1282.2</ele></trkpt>
      <trkpt lat="46.013961" lon="7.120880"><ele>1283.6</ele></trkpt>
      <trkpt lat="46.013964" lon="7.120254"><ele>1292.2</ele></trkpt>
      <trkpt lat="46.014278" lon="7.119575"><ele>1304.8</ele></trkpt>
      <trkpt lat="46.014521" lon="7.119671"><ele>1311.8</ele></trkpt>
      <trkpt lat="46.014996" lon="7.119616"><ele>1316.8</ele></trkpt>
      <trkpt lat="46.015559" lon="7.119779"><ele>1325.2</ele></trkpt>
      <trkpt lat="46.015886" lon="7.119602"><ele>1334.6</ele></trkpt>
      <trkpt lat="46.016085" lon="7.119679"><ele>1331.8</ele></trkpt>
      <trkpt lat="46.016158" lon="7.119341"><ele>1325.4</ele></trkpt>
      <trkpt lat="46.016693" lon="7.119218"><ele>1329.2</ele></trkpt>
      <trkpt lat="46.017096" lon="7.118932"><ele>1326.8</ele></trkpt>
      <trkpt lat="46.017379" lon="7.118981"><ele>1330.4</ele></trkpt>
      <trkpt lat="46.017679" lon="7.118889"><ele>1332.8</ele></trkpt>
      <trkpt lat="46.018464" lon="7.119790"><ele>1353.2</ele></trkpt>
      <trkpt lat="46.018515" lon="7.119954"><ele>1358.0</ele></trkpt>
      <trkpt lat="46.018815" lon="7.119967"><ele>1360.4</ele></trkpt>
      <trkpt lat="46.018172" lon="7.119177"><ele>1361.4</ele></trkpt>
      <trkpt lat="46.018188" lon="7.118812"><ele>1364.8</ele></trkpt>
      <trkpt lat="46.018056" lon="7.118720"><ele>1367.0</ele></trkpt>
      <trkpt lat="46.018060" lon="7.118538"><ele>1369.2</ele></trkpt>
      <trkpt lat="46.018141" lon="7.118736"><ele>1373.6</ele></trkpt>
      <trkpt lat="46.018185" lon="7.118550"><ele>1377.0</ele></trkpt>
      <trkpt lat="46.018123" lon="7.118333"><ele>1381.4</ele></trkpt>
      <trkpt lat="46.018210" lon="7.118523"><ele>1385.8</ele></trkpt>
      <trkpt lat="46.017925" lon="7.118741"><ele>1389.2</ele></trkpt>
      <trkpt lat="46.018064" lon="7.118202"><ele>1397.0</ele></trkpt>
      <trkpt lat="46.018275" lon="7.118525"><ele>1404.4</ele></trkpt>
      <trkpt lat="46.018467" lon="7.118269"><ele>1406.0</ele></trkpt>
      <trkpt lat="46.019270" lon="7.118410"><ele>1408.6</ele></trkpt>
      <trkpt lat="46.019436" lon="7.118767"><ele>1406.0</ele></trkpt>
      <trkpt lat="46.019654" lon="7.118812"><ele>1409.2</ele></trkpt>
      <trkpt lat="46.019761" lon="7.118967"><ele>1408.8</ele></trkpt>
      <trkpt lat="46.020406" lon="7.118975"><ele>1410.2</ele></trkpt>
      <trkpt lat="46.020542" lon="7.118676"><ele>1407.8</ele></trkpt>
      <trkpt lat="46.021168" lon="7.119225"><ele>1401.2</ele></trkpt>
      <trkpt lat="46.021510" lon="7.119204"><ele>1401.6</ele></trkpt>
      <trkpt lat="46.021767" lon="7.119540"><ele>1403.2</ele></trkpt>
      <trkpt lat="46.022001" lon="7.119573"><ele>1406.8</ele></trkpt>
      <trkpt lat="46.022303" lon="7.119947"><ele>1407.8</ele></trkpt>
      <trkpt lat="46.022341" lon="7.120126"><ele>1402.8</ele></trkpt>
      <trkpt lat="46.022611" lon="7.120335"><ele>1409.6</ele></trkpt>
      <trkpt lat="46.022606" lon="7.120612"><ele>1413.8</ele></trkpt>
      <trkpt lat="46.022770" lon="7.120771"><ele>1414.8</ele></trkpt>
      <trkpt lat="46.023933" lon="7.120727"><ele>1428.0</ele></trkpt>
      <trkpt lat="46.024002" lon="7.120903"><ele>1428.8</ele></trkpt>
      <trkpt lat="46.024363" lon="7.121010"><ele>1432.4</ele></trkpt>
      <trkpt lat="46.024659" lon="7.121665"><ele>1441.4</ele></trkpt>
      <trkpt lat="46.025187" lon="7.121555"><ele>1451.4</ele></trkpt>
      <trkpt lat="46.025547" lon="7.121197"><ele>1458.2</ele></trkpt>
      <trkpt lat="46.026026" lon="7.121104"><ele>1467.2</ele></trkpt>
      <trkpt lat="46.025641" lon="7.121464"><ele>1472.2</ele></trkpt>
      <trkpt lat="46.025392" lon="7.122013"><ele>1476.2</ele></trkpt>
      <trkpt lat="46.025396" lon="7.122362"><ele>1475.4</ele></trkpt>
      <trkpt lat="46.025450" lon="7.122525"><ele>1475.8</ele></trkpt>
      <trkpt lat="46.025624" lon="7.122421"><ele>1474.0</ele></trkpt>
      <trkpt lat="46.025892" lon="7.122096"><ele>1472.2</ele></trkpt>
      <trkpt lat="46.025887" lon="7.121986"><ele>1472.2</ele></trkpt>
      <trkpt lat="46.025787" lon="7.121968"><ele>1471.2</ele></trkpt>
      <trkpt lat="46.025866" lon="7.122056"><ele>1470.4</ele></trkpt>
      <trkpt lat="46.025798" lon="7.121983"><ele>1470.6</ele></trkpt>
      <trkpt lat="46.025786" lon="7.122202"><ele>1470.0</ele></trkpt>
      <trkpt lat="46.025840" lon="7.122087"><ele>1470.2</ele></trkpt>
      <trkpt lat="46.025770" lon="7.121993"><ele>1469.4</ele></trkpt>
      <trkpt lat="46.025850" lon="7.122017"><ele>1469.0</ele></trkpt>
      <trkpt lat="46.025698" lon="7.122011"><ele>1468.4</ele></trkpt>
      <trkpt lat="46.025815" lon="7.122021"><ele>1468.4</ele></trkpt>
      <trkpt lat="46.025806" lon="7.122110"><ele>1468.4</ele></trkpt>
      <trkpt lat="46.025818" lon="7.122034"><ele>1468.6</ele></trkpt>
      <trkpt lat="46.025696" lon="7.122037"><ele>1468.4</ele></trkpt>
      <trkpt lat="46.025855" lon="7.122057"><ele>1469.2</ele></trkpt>
      <trkpt lat="46.025805" lon="7.122191"><ele>1469.2</ele></trkpt>
      <trkpt lat="46.025827" lon="7.122041"><ele>1469.8</ele></trkpt>
      <trkpt lat="46.025718" lon="7.122051"><ele>1469.8</ele></trkpt>
      <trkpt lat="46.025700" lon="7.121944"><ele>1469.6</ele></trkpt>
      <trkpt lat="46.025806" lon="7.122035"><ele>1470.2</ele></trkpt>
      <trkpt lat="46.025815" lon="7.121970"><ele>1469.8</ele></trkpt>
      <trkpt lat="46.025805" lon="7.122090"><ele>1469.4</ele></trkpt>
      <trkpt lat="46.025844" lon="7.121985"><ele>1469.8</ele></trkpt>
      <trkpt lat="46.025775" lon="7.121997"><ele>1468.4</ele></trkpt>
      <trkpt lat="46.025871" lon="7.121995"><ele>1468.2</ele></trkpt>
      <trkpt lat="46.025777" lon="7.121936"><ele>1467.8</ele></trkpt>
      <trkpt lat="46.025855" lon="7.122027"><ele>1469.0</ele></trkpt>
      <trkpt lat="46.025854" lon="7.121936"><ele>1469.2</ele></trkpt>
      <trkpt lat="46.025813" lon="7.121986"><ele>1469.0</ele></trkpt>
      <trkpt lat="46.025928" lon="7.122143"><ele>1469.8</ele></trkpt>
      <trkpt lat="46.025847" lon="7.122107"><ele>1469.6</ele></trkpt>
      <trkpt lat="46.025905" lon="7.121938"><ele>1470.4</ele></trkpt>
      <trkpt lat="46.025873" lon="7.122176"><ele>1471.0</ele></trkpt>
      <trkpt lat="46.025815" lon="7.122272"><ele>1471.0</ele></trkpt>
      <trkpt lat="46.025839" lon="7.122201"><ele>1472.4</ele></trkpt>
      <trkpt lat="46.025785" lon="7.122211"><ele>1472.8</ele></trkpt>
      <trkpt lat="46.025938" lon="7.122123"><ele>1472.8</ele></trkpt>
      <trkpt lat="46.025784" lon="7.122308"><ele>1473.2</ele></trkpt>
      <trkpt lat="46.025841" lon="7.122523"><ele>1473.2</ele></trkpt>
      <trkpt lat="46.026016" lon="7.122042"><ele>1474.6</ele></trkpt>
      <trkpt lat="46.025914" lon="7.121874"><ele>1474.8</ele></trkpt>
      <trkpt lat="46.025993" lon="7.121889"><ele>1474.4</ele></trkpt>
      <trkpt lat="46.025909" lon="7.121851"><ele>1473.8</ele></trkpt>
      <trkpt lat="46.025960" lon="7.121850"><ele>1473.0</ele></trkpt>
      <trkpt lat="46.025994" lon="7.121912"><ele>1472.4</ele></trkpt>
      <trkpt lat="46.025877" lon="7.121851"><ele>1472.2</ele></trkpt>
      <trkpt lat="46.025992" lon="7.121936"><ele>1472.8</ele></trkpt>
      <trkpt lat="46.026010" lon="7.122089"><ele>1472.8</ele></trkpt>
      <trkpt lat="46.025868" lon="7.122503"><ele>1475.0</ele></trkpt>
      <trkpt lat="46.026233" lon="7.122512"><ele>1478.8</ele></trkpt>
      <trkpt lat="46.026611" lon="7.121905"><ele>1477.4</ele></trkpt>
      <trkpt lat="46.026710" lon="7.121588"><ele>1478.4</ele></trkpt>
      <trkpt lat="46.026946" lon="7.121344"><ele>1479.8</ele></trkpt>
      <trkpt lat="46.027104" lon="7.120954"><ele>1480.2</ele></trkpt>
      <trkpt lat="46.027365" lon="7.120607"><ele>1480.6</ele></trkpt>
      <trkpt lat="46.027391" lon="7.120531"><ele>1480.6</ele></trkpt>
      <trkpt lat="46.027291" lon="7.120435"><ele>1480.4</ele></trkpt>
      <trkpt lat="46.027359" lon="7.120501"><ele>1481.4</ele></trkpt>
      <trkpt lat="46.027867" lon="7.120271"><ele>1479.6</ele></trkpt>
      <trkpt lat="46.028092" lon="7.119980"><ele>1480.0</ele></trkpt>
      <trkpt lat="46.028252" lon="7.118820"><ele>1480.8</ele></trkpt>
      <trkpt lat="46.028446" lon="7.118244"><ele>1481.0</ele></trkpt>
      <trkpt lat="46.029044" lon="7.117693"><ele>1480.6</ele></trkpt>
      <trkpt lat="46.029307" lon="7.117254"><ele>1481.8</ele></trkpt>
      <trkpt lat="46.029981" lon="7.116746"><ele>1480.8</ele></trkpt>
      <trkpt lat="46.030223" lon="7.116412"><ele>1481.4</ele></trkpt>
      <trkpt lat="46.030555" lon="7.115612"><ele>1482.0</ele></trkpt>
      <trkpt lat="46.030802" lon="7.114520"><ele>1482.6</ele></trkpt>
      <trkpt lat="46.030880" lon="7.113838"><ele>1483.8</ele></trkpt>
      <trkpt lat="46.031594" lon="7.111770"><ele>1494.8</ele></trkpt>
      <trkpt lat="46.031915" lon="7.109878"><ele>1494.6</ele></trkpt>
      <trkpt lat="46.031832" lon="7.108780"><ele>1496.4</ele></trkpt>
      <trkpt lat="46.031917" lon="7.108432"><ele>1497.4</ele></trkpt>
      <trkpt lat="46.031484" lon="7.108119"><ele>1502.2</ele></trkpt>
      <trkpt lat="46.031388" lon="7.107809"><ele>1504.8</ele></trkpt>
      <trkpt lat="46.031744" lon="7.106836"><ele>1508.4</ele></trkpt>
      <trkpt lat="46.031707" lon="7.106589"><ele>1506.0</ele></trkpt>
      <trkpt lat="46.032234" lon="7.106021"><ele>1500.4</ele></trkpt>
      <trkpt lat="46.032361" lon="7.104530"><ele>1501.4</ele></trkpt>
      <trkpt lat="46.032467" lon="7.104151"><ele>1501.6</ele></trkpt>
      <trkpt lat="46.032795" lon="7.103744"><ele>1505.0</ele></trkpt>
      <trkpt lat="46.033041" lon="7.103099"><ele>1505.4</ele></trkpt>
      <trkpt lat="46.033679" lon="7.102752"><ele>1496.8</ele></trkpt>
      <trkpt lat="46.034136" lon="7.101858"><ele>1488.2</ele></trkpt>
      <trkpt lat="46.034191" lon="7.101326"><ele>1484.6</ele></trkpt>
      <trkpt lat="46.033865" lon="7.100211"><ele>1476.2</ele></trkpt>
      <trkpt lat="46.033955" lon="7.099138"><ele>1469.2</ele></trkpt>
      <trkpt lat="46.034133" lon="7.099115"><ele>1468.8</ele></trkpt>
      <trkpt lat="46.034699" lon="7.098399"><ele>1461.2</ele></trkpt>
      <trkpt lat="46.036098" lon="7.097052"><ele>1444.8</ele></trkpt>
      <trkpt lat="46.036334" lon="7.096237"><ele>1440.8</ele></trkpt>
      <trkpt lat="46.037776" lon="7.095735"><ele>1437.4</ele></trkpt>
      <trkpt lat="46.039866" lon="7.094050"><ele>1418.0</ele></trkpt>
      <trkpt lat="46.039982" lon="7.093846"><ele>1416.8</ele></trkpt>
      <trkpt lat="46.039986" lon="7.093423"><ele>1415.2</ele></trkpt>
      <trkpt lat="46.040097" lon="7.093102"><ele>1413.8</ele></trkpt>
      <trkpt lat="46.040640" lon="7.092617"><ele>1411.4</ele></trkpt>
      <trkpt lat="46.041007" lon="7.092135"><ele>1409.6</ele></trkpt>
      <trkpt lat="46.041679" lon="7.090711"><ele>1404.4</ele></trkpt>
      <trkpt lat="46.042602" lon="7.089739"><ele>1399.4</ele></trkpt>
      <trkpt lat="46.042883" lon="7.089169"><ele>1396.8</ele></trkpt>
      <trkpt lat="46.043065" lon="7.089065"><ele>1396.2</ele></trkpt>
      <trkpt lat="46.043442" lon="7.089081"><ele>1395.0</ele></trkpt>
      <trkpt lat="46.044114" lon="7.088690"><ele>1394.2</ele></trkpt>
      <trkpt lat="46.044234" lon="7.088541"><ele>1396.0</ele></trkpt>
      <trkpt lat="46.044246" lon="7.088256"><ele>1398.0</ele></trkpt>
      <trkpt lat="46.044636" lon="7.087889"><ele>1398.8</ele></trkpt>
      <trkpt lat="46.044782" lon="7.087581"><ele>1397.8</ele></trkpt>
      <trkpt lat="46.045133" lon="7.087490"><ele>1397.0</ele></trkpt>
      <trkpt lat="46.045350" lon="7.087686"><ele>1391.4</ele></trkpt>
      <trkpt lat="46.045604" lon="7.087603"><ele>1385.0</ele></trkpt>
      <trkpt lat="46.046751" lon="7.085745"><ele>1370.4</ele></trkpt>
      <trkpt lat="46.046959" lon="7.085583"><ele>1371.8</ele></trkpt>
      <trkpt lat="46.047556" lon="7.085432"><ele>1358.6</ele></trkpt>
      <trkpt lat="46.047577" lon="7.085329"><ele>1354.4</ele></trkpt>
      <trkpt lat="46.047976" lon="7.085139"><ele>1343.0</ele></trkpt>
      <trkpt lat="46.048358" lon="7.084528"><ele>1333.6</ele></trkpt>
      <trkpt lat="46.048063" lon="7.083720"><ele>1329.0</ele></trkpt>
      <trkpt lat="46.048289" lon="7.083019"><ele>1330.2</ele></trkpt>
      <trkpt lat="46.048911" lon="7.082608"><ele>1336.8</ele></trkpt>
      <trkpt lat="46.049274" lon="7.082482"><ele>1343.2</ele></trkpt>
      <trkpt lat="46.049292" lon="7.081841"><ele>1336.2</ele></trkpt>
      <trkpt lat="46.049565" lon="7.081461"><ele>1330.8</ele></trkpt>
      <trkpt lat="46.049678" lon="7.081098"><ele>1328.4</ele></trkpt>
      <trkpt lat="46.049726" lon="7.080699"><ele>1330.0</ele></trkpt>
      <trkpt lat="46.049674" lon="7.079964"><ele>1333.6</ele></trkpt>
      <trkpt lat="46.049983" lon="7.079376"><ele>1338.0</ele></trkpt>
      <trkpt lat="46.050029" lon="7.078325"><ele>1341.6</ele></trkpt>
      <trkpt lat="46.050452" lon="7.077760"><ele>1344.6</ele></trkpt>
      <trkpt lat="46.050597" lon="7.076929"><ele>1348.8</ele></trkpt>
      <trkpt lat="46.051353" lon="7.076365"><ele>1353.0</ele></trkpt>
      <trkpt lat="46.051597" lon="7.075730"><ele>1356.2</ele></trkpt>
      <trkpt lat="46.052102" lon="7.074922"><ele>1359.8</ele></trkpt>
      <trkpt lat="46.052330" lon="7.074141"><ele>1363.4</ele></trkpt>
      <trkpt lat="46.052387" lon="7.073679"><ele>1365.2</ele></trkpt>
      <trkpt lat="46.052177" lon="7.072696"><ele>1368.6</ele></trkpt>
      <trkpt lat="46.051742" lon="7.071817"><ele>1370.4</ele></trkpt>
      <trkpt lat="46.050407" lon="7.070271"><ele>1387.2</ele></trkpt>
      <trkpt lat="46.049763" lon="7.069733"><ele>1393.6</ele></trkpt>
      <trkpt lat="46.049188" lon="7.068720"><ele>1403.4</ele></trkpt>
      <trkpt lat="46.048675" lon="7.068262"><ele>1408.8</ele></trkpt>
      <trkpt lat="46.048362" lon="7.067824"><ele>1412.6</ele></trkpt>
      <trkpt lat="46.048268" lon="7.067475"><ele>1415.4</ele></trkpt>
      <trkpt lat="46.047970" lon="7.067183"><ele>1418.4</ele></trkpt>
      <trkpt lat="46.047907" lon="7.066795"><ele>1421.2</ele></trkpt>
      <trkpt lat="46.047754" lon="7.066594"><ele>1423.8</ele></trkpt>
      <trkpt lat="46.047641" lon="7.065868"><ele>1428.2</ele></trkpt>
      <trkpt lat="46.047177" lon="7.065497"><ele>1442.6</ele></trkpt>
      <trkpt lat="46.047084" lon="7.065024"><ele>1449.2</ele></trkpt>
      <trkpt lat="46.046905" lon="7.064956"><ele>1455.0</ele></trkpt>
      <trkpt lat="46.046250" lon="7.063722"><ele>1484.0</ele></trkpt>
      <trkpt lat="46.046232" lon="7.063284"><ele>1489.6</ele></trkpt>
      <trkpt lat="46.046050" lon="7.062583"><ele>1498.2</ele></trkpt>
      <trkpt lat="46.045816" lon="7.062289"><ele>1504.6</ele></trkpt>
      <trkpt lat="46.045769" lon="7.062087"><ele>1508.0</ele></trkpt>
      <trkpt lat="46.045333" lon="7.061760"><ele>1519.0</ele></trkpt>
      <trkpt lat="46.045079" lon="7.061148"><ele>1530.6</ele></trkpt>
      <trkpt lat="46.044829" lon="7.060982"><ele>1539.6</ele></trkpt>
      <trkpt lat="46.044735" lon="7.060786"><ele>1545.4</ele></trkpt>
      <trkpt lat="46.044557" lon="7.060670"><ele>1553.6</ele></trkpt>
      <trkpt lat="46.044354" lon="7.060871"><ele>1561.2</ele></trkpt>
      <trkpt lat="46.044129" lon="7.060792"><ele>1569.0</ele></trkpt>
      <trkpt lat="46.044126" lon="7.060592"><ele>1571.6</ele></trkpt>
      <trkpt lat="46.043915" lon="7.060244"><ele>1577.8</ele></trkpt>
      <trkpt lat="46.043838" lon="7.059946"><ele>1579.6</ele></trkpt>
      <trkpt lat="46.044078" lon="7.059763"><ele>1584.2</ele></trkpt>
      <trkpt lat="46.044034" lon="7.059588"><ele>1587.6</ele></trkpt>
      <trkpt lat="46.043946" lon="7.059676"><ele>1592.0</ele></trkpt>
      <trkpt lat="46.043880" lon="7.059477"><ele>1596.0</ele></trkpt>
      <trkpt lat="46.044060" lon="7.059254"><ele>1599.8</ele></trkpt>
      <trkpt lat="46.044057" lon="7.059068"><ele>1606.0</ele></trkpt>
      <trkpt lat="46.044313" lon="7.058743"><ele>1613.0</ele></trkpt>
      <trkpt lat="46.044320" lon="7.058510"><ele>1617.2</ele></trkpt>
      <trkpt lat="46.044487" lon="7.058161"><ele>1623.2</ele></trkpt>
      <trkpt lat="46.044277" lon="7.058110"><ele>1629.0</ele></trkpt>
      <trkpt lat="46.044181" lon="7.057891"><ele>1631.6</ele></trkpt>
      <trkpt lat="46.044174" lon="7.057589"><ele>1633.8</ele></trkpt>
      <trkpt lat="46.044271" lon="7.057286"><ele>1634.8</ele></trkpt>
      <trkpt lat="46.044556" lon="7.057179"><ele>1631.0</ele></trkpt>
      <trkpt lat="46.044449" lon="7.056867"><ele>1620.0</ele></trkpt>
      <trkpt lat="46.044524" lon="7.056724"><ele>1621.8</ele></trkpt>
      <trkpt lat="46.044701" lon="7.056655"><ele>1622.4</ele></trkpt>
      <trkpt lat="46.044876" lon="7.056278"><ele>1617.4</ele></trkpt>
      <trkpt lat="46.045313" lon="7.055999"><ele>1612.0</ele></trkpt>
      <trkpt lat="46.045476" lon="7.056227"><ele>1607.8</ele></trkpt>
      <trkpt lat="46.045928" lon="7.056179"><ele>1613.2</ele></trkpt>
      <trkpt lat="46.046124" lon="7.056297"><ele>1620.4</ele></trkpt>
      <trkpt lat="46.046428" lon="7.056639"><ele>1621.4</ele></trkpt>
      <trkpt lat="46.046430" lon="7.056832"><ele>1625.6</ele></trkpt>
      <trkpt lat="46.046852" lon="7.056925"><ele>1638.4</ele></trkpt>
      <trkpt lat="46.047155" lon="7.057227"><ele>1649.0</ele></trkpt>
      <trkpt lat="46.047552" lon="7.057382"><ele>1664.4</ele></trkpt>
      <trkpt lat="46.048154" lon="7.057322"><ele>1689.0</ele></trkpt>
      <trkpt lat="46.048376" lon="7.057527"><ele>1698.2</ele></trkpt>
      <trkpt lat="46.048963" lon="7.057587"><ele>1715.0</ele></trkpt>
      <trkpt lat="46.049050" lon="7.057891"><ele>1719.4</ele></trkpt>
      <trkpt lat="46.049730" lon="7.058447"><ele>1736.8</ele></trkpt>
      <trkpt lat="46.050111" lon="7.058201"><ele>1747.8</ele></trkpt>
      <trkpt lat="46.049751" lon="7.057980"><ele>1760.6</ele></trkpt>
      <trkpt lat="46.049752" lon="7.057741"><ele>1766.6</ele></trkpt>
      <trkpt lat="46.049139" lon="7.056925"><ele>1779.8</ele></trkpt>
      <trkpt lat="46.049493" lon="7.056834"><ele>1792.2</ele></trkpt>
      <trkpt lat="46.049485" lon="7.056592"><ele>1802.6</ele></trkpt>
      <trkpt lat="46.049592" lon="7.056666"><ele>1806.4</ele></trkpt>
      <trkpt lat="46.049544" lon="7.056405"><ele>1811.4</ele></trkpt>
      <trkpt lat="46.049316" lon="7.056157"><ele>1824.6</ele></trkpt>
      <trkpt lat="46.049691" lon="7.055836"><ele>1836.6</ele></trkpt>
      <trkpt lat="46.049572" lon="7.055642"><ele>1846.6</ele></trkpt>
      <trkpt lat="46.049734" lon="7.055422"><ele>1851.6</ele></trkpt>
      <trkpt lat="46.050751" lon="7.055764"><ele>1879.0</ele></trkpt>
      <trkpt lat="46.051971" lon="7.055891"><ele>1894.0</ele></trkpt>
      <trkpt lat="46.052739" lon="7.056260"><ele>1902.2</ele></trkpt>
      <trkpt lat="46.053475" lon="7.056083"><ele>1910.6</ele></trkpt>
      <trkpt lat="46.054143" lon="7.055591"><ele>1920.2</ele></trkpt>
      <trkpt lat="46.055373" lon="7.055528"><ele>1932.8</ele></trkpt>
      <trkpt lat="46.056016" lon="7.055130"><ele>1939.4</ele></trkpt>
      <trkpt lat="46.056119" lon="7.054656"><ele>1942.8</ele></trkpt>
      <trkpt lat="46.056041" lon="7.054165"><ele>1946.4</ele></trkpt>
      <trkpt lat="46.056054" lon="7.053253"><ele>1953.6</ele></trkpt>
      <trkpt lat="46.055895" lon="7.052623"><ele>1957.6</ele></trkpt>
      <trkpt lat="46.055900" lon="7.051544"><ele>1966.2</ele></trkpt>
      <trkpt lat="46.055803" lon="7.050968"><ele>1971.4</ele></trkpt>
      <trkpt lat="46.055572" lon="7.050463"><ele>1976.4</ele></trkpt>
      <trkpt lat="46.055572" lon="7.050248"><ele>1978.0</ele></trkpt>
      <trkpt lat="46.055280" lon="7.049666"><ele>1983.2</ele></trkpt>
      <trkpt lat="46.055315" lon="7.048910"><ele>1990.6</ele></trkpt>
      <trkpt lat="46.055461" lon="7.048486"><ele>1994.4</ele></trkpt>
      <trkpt lat="46.055400" lon="7.048393"><ele>1993.8</ele></trkpt>
      <trkpt lat="46.055452" lon="7.048005"><ele>1995.2</ele></trkpt>
      <trkpt lat="46.055248" lon="7.047564"><ele>1997.8</ele></trkpt>
      <trkpt lat="46.055478" lon="7.046342"><ele>2002.8</ele></trkpt>
      <trkpt lat="46.055767" lon="7.046183"><ele>2002.6</ele></trkpt>
      <trkpt lat="46.055985" lon="7.046232"><ele>2005.4</ele></trkpt>
      <trkpt lat="46.056313" lon="7.045980"><ele>2005.8</ele></trkpt>
      <trkpt lat="46.056474" lon="7.045737"><ele>2006.4</ele></trkpt>
      <trkpt lat="46.056462" lon="7.045606"><ele>2008.8</ele></trkpt>
      <trkpt lat="46.056886" lon="7.044972"><ele>2017.2</ele></trkpt>
      <trkpt lat="46.057214" lon="7.044670"><ele>2026.2</ele></trkpt>
      <trkpt lat="46.057546" lon="7.044536"><ele>2034.2</ele></trkpt>
      <trkpt lat="46.057320" lon="7.044234"><ele>2045.2</ele></trkpt>
      <trkpt lat="46.057384" lon="7.044126"><ele>2046.8</ele></trkpt>
      <trkpt lat="46.057452" lon="7.044173"><ele>2042.6</ele></trkpt>
      <trkpt lat="46.057286" lon="7.044137"><ele>2043.0</ele></trkpt>
      <trkpt lat="46.057229" lon="7.043659"><ele>2035.8</ele></trkpt>
      <trkpt lat="46.057286" lon="7.043469"><ele>2033.6</ele></trkpt>
      <trkpt lat="46.057603" lon="7.043088"><ele>2029.6</ele></trkpt>
      <trkpt lat="46.057502" lon="7.042577"><ele>2021.2</ele></trkpt>
      <trkpt lat="46.057766" lon="7.042197"><ele>2018.6</ele></trkpt>
      <trkpt lat="46.057905" lon="7.041706"><ele>2021.0</ele></trkpt>
      <trkpt lat="46.057893" lon="7.040758"><ele>2020.6</ele></trkpt>
      <trkpt lat="46.057445" lon="7.040057"><ele>2011.2</ele></trkpt>
      <trkpt lat="46.057407" lon="7.039779"><ele>2006.2</ele></trkpt>
      <trkpt lat="46.057544" lon="7.039220"><ele>1997.2</ele></trkpt>
      <trkpt lat="46.057497" lon="7.039045"><ele>1993.6</ele></trkpt>
      <trkpt lat="46.057550" lon="7.038464"><ele>1984.0</ele></trkpt>
      <trkpt lat="46.057674" lon="7.038299"><ele>1980.6</ele></trkpt>
      <trkpt lat="46.057558" lon="7.037936"><ele>1974.2</ele></trkpt>
      <trkpt lat="46.057654" lon="7.037735"><ele>1969.8</ele></trkpt>
      <trkpt lat="46.057596" lon="7.037375"><ele>1965.2</ele></trkpt>
      <trkpt lat="46.057713" lon="7.036558"><ele>1947.6</ele></trkpt>
      <trkpt lat="46.057610" lon="7.035997"><ele>1937.4</ele></trkpt>
      <trkpt lat="46.057367" lon="7.035584"><ele>1927.4</ele></trkpt>
      <trkpt lat="46.057114" lon="7.035432"><ele>1918.0</ele></trkpt>
      <trkpt lat="46.056738" lon="7.035407"><ele>1909.2</ele></trkpt>
      <trkpt lat="46.056125" lon="7.035016"><ele>1891.4</ele></trkpt>
      <trkpt lat="46.055924" lon="7.034708"><ele>1884.8</ele></trkpt>
      <trkpt lat="46.055775" lon="7.034146"><ele>1880.8</ele></trkpt>
      <trkpt lat="46.055911" lon="7.033661"><ele>1876.2</ele></trkpt>
      <trkpt lat="46.055565" lon="7.033601"><ele>1877.8</ele></trkpt>
      <trkpt lat="46.055120" lon="7.033747"><ele>1883.0</ele></trkpt>
      <trkpt lat="46.054977" lon="7.033570"><ele>1887.2</ele></trkpt>
      <trkpt lat="46.055038" lon="7.033490"><ele>1886.6</ele></trkpt>
      <trkpt lat="46.055085" lon="7.033574"><ele>1886.2</ele></trkpt>
      <trkpt lat="46.055025" lon="7.033551"><ele>1886.6</ele></trkpt>
      <trkpt lat="46.055074" lon="7.033567"><ele>1886.8</ele></trkpt>
      <trkpt lat="46.055022" lon="7.033375"><ele>1886.4</ele></trkpt>
      <trkpt lat="46.055224" lon="7.033400"><ele>1884.0</ele></trkpt>
      <trkpt lat="46.055387" lon="7.033184"><ele>1880.0</ele></trkpt>
      <trkpt lat="46.055527" lon="7.033237"><ele>1881.2</ele></trkpt>
      <trkpt lat="46.055679" lon="7.033141"><ele>1881.4</ele></trkpt>
      <trkpt lat="46.055787" lon="7.032749"><ele>1879.6</ele></trkpt>
      <trkpt lat="46.055941" lon="7.032633"><ele>1876.4</ele></trkpt>
      <trkpt lat="46.056162" lon="7.032185"><ele>1870.8</ele></trkpt>
      <trkpt lat="46.056514" lon="7.031298"><ele>1856.4</ele></trkpt>
      <trkpt lat="46.056642" lon="7.030730"><ele>1852.0</ele></trkpt>
      <trkpt lat="46.057010" lon="7.030134"><ele>1849.4</ele></trkpt>
      <trkpt lat="46.057422" lon="7.029643"><ele>1842.4</ele></trkpt>
      <trkpt lat="46.058172" lon="7.029221"><ele>1838.4</ele></trkpt>
      <trkpt lat="46.058450" lon="7.027962"><ele>1828.4</ele></trkpt>
      <trkpt lat="46.058411" lon="7.026890"><ele>1809.6</ele></trkpt>
      <trkpt lat="46.057975" lon="7.026026"><ele>1788.0</ele></trkpt>
      <trkpt lat="46.057839" lon="7.025527"><ele>1778.4</ele></trkpt>
      <trkpt lat="46.056778" lon="7.024830"><ele>1740.8</ele></trkpt>
      <trkpt lat="46.056285" lon="7.024743"><ele>1733.2</ele></trkpt>
      <trkpt lat="46.056089" lon="7.024613"><ele>1730.2</ele></trkpt>
      <trkpt lat="46.055829" lon="7.024242"><ele>1726.4</ele></trkpt>
      <trkpt lat="46.055757" lon="7.023585"><ele>1721.8</ele></trkpt>
      <trkpt lat="46.055811" lon="7.022650"><ele>1716.6</ele></trkpt>
      <trkpt lat="46.055755" lon="7.022318"><ele>1714.6</ele></trkpt>
      <trkpt lat="46.055860" lon="7.021814"><ele>1712.6</ele></trkpt>
      <trkpt lat="46.056705" lon="7.020225"><ele>1699.6</ele></trkpt>
      <trkpt lat="46.056713" lon="7.019965"><ele>1693.8</ele></trkpt>
      <trkpt lat="46.056582" lon="7.019738"><ele>1690.6</ele></trkpt>
      <trkpt lat="46.056733" lon="7.019606"><ele>1688.8</ele></trkpt>
      <trkpt lat="46.056895" lon="7.019096"><ele>1682.6</ele></trkpt>
      <trkpt lat="46.057253" lon="7.018578"><ele>1675.2</ele></trkpt>
      <trkpt lat="46.057287" lon="7.018209"><ele>1670.2</ele></trkpt>
      <trkpt lat="46.057219" lon="7.017597"><ele>1663.8</ele></trkpt>
      <trkpt lat="46.057345" lon="7.016592"><ele>1653.0</ele></trkpt>
      <trkpt lat="46.057283" lon="7.015896"><ele>1651.6</ele></trkpt>
      <trkpt lat="46.057077" lon="7.015521"><ele>1642.0</ele></trkpt>
      <trkpt lat="46.057114" lon="7.015028"><ele>1639.8</ele></trkpt>
      <trkpt lat="46.056896" lon="7.014408"><ele>1637.0</ele></trkpt>
      <trkpt lat="46.057122" lon="7.014311"><ele>1632.2</ele></trkpt>
      <trkpt lat="46.057297" lon="7.014062"><ele>1630.2</ele></trkpt>
      <trkpt lat="46.057372" lon="7.013716"><ele>1632.6</ele></trkpt>
      <trkpt lat="46.057366" lon="7.012985"><ele>1636.2</ele></trkpt>
      <trkpt lat="46.057205" lon="7.012049"><ele>1624.0</ele></trkpt>
      <trkpt lat="46.057186" lon="7.011583"><ele>1613.4</ele></trkpt>
      <trkpt lat="46.057231" lon="7.011617"><ele>1610.0</ele></trkpt>
      <trkpt lat="46.057160" lon="7.011487"><ele>1606.2</ele></trkpt>
      <trkpt lat="46.057250" lon="7.010942"><ele>1593.0</ele></trkpt>
      <trkpt lat="46.057227" lon="7.010649"><ele>1589.4</ele></trkpt>
      <trkpt lat="46.057591" lon="7.010299"><ele>1584.6</ele></trkpt>
      <trkpt lat="46.057807" lon="7.009743"><ele>1581.0</ele></trkpt>
      <trkpt lat="46.057685" lon="7.008516"><ele>1573.0</ele></trkpt>
      <trkpt lat="46.057733" lon="7.008110"><ele>1563.4</ele></trkpt>
      <trkpt lat="46.057806" lon="7.008015"><ele>1559.8</ele></trkpt>
      <trkpt lat="46.057798" lon="7.007717"><ele>1554.0</ele></trkpt>
      <trkpt lat="46.057681" lon="7.007194"><ele>1549.4</ele></trkpt>
      <trkpt lat="46.057675" lon="7.006340"><ele>1540.4</ele></trkpt>
      <trkpt lat="46.057463" lon="7.005962"><ele>1538.4</ele></trkpt>
      <trkpt lat="46.057441" lon="7.005145"><ele>1530.8</ele></trkpt>
      <trkpt lat="46.057505" lon="7.004827"><ele>1527.2</ele></trkpt>
      <trkpt lat="46.057360" lon="7.004406"><ele>1524.8</ele></trkpt>
      <trkpt lat="46.057299" lon="7.003461"><ele>1525.2</ele></trkpt>
      <trkpt lat="46.057345" lon="7.003208"><ele>1528.2</ele></trkpt>
      <trkpt lat="46.057491" lon="7.003119"><ele>1532.0</ele></trkpt>
      <trkpt lat="46.057623" lon="7.002858"><ele>1533.6</ele></trkpt>
      <trkpt lat="46.057621" lon="7.001746"><ele>1538.0</ele></trkpt>
      <trkpt lat="46.057530" lon="7.001599"><ele>1540.4</ele></trkpt>
      <trkpt lat="46.057099" lon="7.001577"><ele>1547.2</ele></trkpt>
      <trkpt lat="46.056997" lon="7.001322"><ele>1542.4</ele></trkpt>
      <trkpt lat="46.057138" lon="7.001001"><ele>1537.8</ele></trkpt>
      <trkpt lat="46.056980" lon="7.000749"><ele>1536.6</ele></trkpt>
      <trkpt lat="46.056555" lon="7.000921"><ele>1536.4</ele></trkpt>
      <trkpt lat="46.056077" lon="7.000655"><ele>1536.4</ele></trkpt>
      <trkpt lat="46.055585" lon="7.000208"><ele>1536.6</ele></trkpt>
      <trkpt lat="46.055242" lon="7.000262"><ele>1533.8</ele></trkpt>
      <trkpt lat="46.054865" lon="7.000635"><ele>1533.0</ele></trkpt>
      <trkpt lat="46.053711" lon="7.000582"><ele>1534.6</ele></trkpt>
      <trkpt lat="46.053704" lon="7.000667"><ele>1533.6</ele></trkpt>
      <trkpt lat="46.053125" lon="7.000733"><ele>1534.6</ele></trkpt>
      <trkpt lat="46.052782" lon="7.000904"><ele>1535.4</ele></trkpt>
      <trkpt lat="46.052983" lon="7.000454"><ele>1518.6</ele></trkpt>
      <trkpt lat="46.052791" lon="7.000422"><ele>1510.6</ele></trkpt>
      <trkpt lat="46.052646" lon="7.000097"><ele>1496.8</ele></trkpt>
      <trkpt lat="46.052863" lon="7.000008"><ele>1485.6</ele></trkpt>
      <trkpt lat="46.052718" lon="6.999911"><ele>1481.4</ele></trkpt>
      <trkpt lat="46.052661" lon="6.999627"><ele>1480.0</ele></trkpt>
      <trkpt lat="46.052708" lon="6.999719"><ele>1475.8</ele></trkpt>
      <trkpt lat="46.052844" lon="6.999540"><ele>1475.6</ele></trkpt>
      <trkpt lat="46.053234" lon="6.999368"><ele>1467.0</ele></trkpt>
      <trkpt lat="46.052985" lon="6.999286"><ele>1457.4</ele></trkpt>
      <trkpt lat="46.053076" lon="6.999124"><ele>1451.4</ele></trkpt>
      <trkpt lat="46.052813" lon="6.999064"><ele>1447.2</ele></trkpt>
      <trkpt lat="46.052934" lon="6.998772"><ele>1437.6</ele></trkpt>
      <trkpt lat="46.052814" lon="6.998768"><ele>1432.6</ele></trkpt>
      <trkpt lat="46.052942" lon="6.998586"><ele>1425.6</ele></trkpt>
      <trkpt lat="46.052781" lon="6.998471"><ele>1415.0</ele></trkpt>
      <trkpt lat="46.052875" lon="6.998251"><ele>1408.2</ele></trkpt>
      <trkpt lat="46.052658" lon="6.998004"><ele>1399.8</ele></trkpt>
      <trkpt lat="46.052716" lon="6.997914"><ele>1396.2</ele></trkpt>
      <trkpt lat="46.052662" lon="6.997756"><ele>1390.4</ele></trkpt>
      <trkpt lat="46.052729" lon="6.997729"><ele>1386.0</ele></trkpt>
      <trkpt lat="46.052676" lon="6.997723"><ele>1384.8</ele></trkpt>
      <trkpt lat="46.052709" lon="6.997549"><ele>1382.6</ele></trkpt>
      <trkpt lat="46.052644" lon="6.997342"><ele>1373.8</ele></trkpt>
      <trkpt lat="46.052856" lon="6.997180"><ele>1370.2</ele></trkpt>
      <trkpt lat="46.053335" lon="6.997503"><ele>1362.6</ele></trkpt>
      <trkpt lat="46.054020" lon="6.997240"><ele>1349.8</ele></trkpt>
      <trkpt lat="46.054253" lon="6.997303"><ele>1346.6</ele></trkpt>
      <trkpt lat="46.054790" lon="6.997118"><ele>1338.4</ele></trkpt>
      <trkpt lat="46.055027" lon="6.997199"><ele>1333.4</ele></trkpt>
      <trkpt lat="46.055232" lon="6.997005"><ele>1330.0</ele></trkpt>
      <trkpt lat="46.055980" lon="6.996738"><ele>1312.6</ele></trkpt>
      <trkpt lat="46.056528" lon="6.996747"><ele>1299.4</ele></trkpt>
      <trkpt lat="46.056954" lon="6.996309"><ele>1295.2</ele></trkpt>
      <trkpt lat="46.057006" lon="6.995810"><ele>1297.2</ele></trkpt>
      <trkpt lat="46.056592" lon="6.995739"><ele>1303.6</ele></trkpt>
      <trkpt lat="46.056397" lon="6.995276"><ele>1303.8</ele></trkpt>
      <trkpt lat="46.056005" lon="6.995677"><ele>1309.2</ele></trkpt>
      <trkpt lat="46.056128" lon="6.995065"><ele>1310.6</ele></trkpt>
      <trkpt lat="46.056120" lon="6.994963"><ele>1311.0</ele></trkpt>
      <trkpt lat="46.055975" lon="6.994878"><ele>1310.6</ele></trkpt>
      <trkpt lat="46.054805" lon="6.994929"><ele>1308.2</ele></trkpt>
      <trkpt lat="46.054907" lon="6.994819"><ele>1305.0</ele></trkpt>
      <trkpt lat="46.054822" lon="6.994996"><ele>1304.8</ele></trkpt>
      <trkpt lat="46.054915" lon="6.994749"><ele>1304.0</ele></trkpt>
      <trkpt lat="46.054796" lon="6.994815"><ele>1304.2</ele></trkpt>
      <trkpt lat="46.054867" lon="6.994810"><ele>1304.0</ele></trkpt>
      <trkpt lat="46.054801" lon="6.994852"><ele>1303.8</ele></trkpt>
      <trkpt lat="46.054855" lon="6.994810"><ele>1303.8</ele></trkpt>
      <trkpt lat="46.054844" lon="6.994890"><ele>1303.6</ele></trkpt>
      <trkpt lat="46.054852" lon="6.994803"><ele>1303.6</ele></trkpt>
      <trkpt lat="46.054853" lon="6.994961"><ele>1303.4</ele></trkpt>
      <trkpt lat="46.054876" lon="6.994818"><ele>1303.8</ele></trkpt>
      <trkpt lat="46.054819" lon="6.994821"><ele>1303.6</ele></trkpt>
      <trkpt lat="46.054840" lon="6.994968"><ele>1304.0</ele></trkpt>
      <trkpt lat="46.055926" lon="6.994839"><ele>1307.2</ele></trkpt>
      <trkpt lat="46.056134" lon="6.994982"><ele>1306.0</ele></trkpt>
      <trkpt lat="46.056512" lon="6.994656"><ele>1291.6</ele></trkpt>
      <trkpt lat="46.056564" lon="6.994284"><ele>1288.0</ele></trkpt>
      <trkpt lat="46.056331" lon="6.993931"><ele>1288.6</ele></trkpt>
      <trkpt lat="46.055838" lon="6.993852"><ele>1291.2</ele></trkpt>
      <trkpt lat="46.055496" lon="6.993671"><ele>1293.6</ele></trkpt>
      <trkpt lat="46.054855" lon="6.993733"><ele>1296.6</ele></trkpt>
      <trkpt lat="46.054124" lon="6.993567"><ele>1301.4</ele></trkpt>
      <trkpt lat="46.053006" lon="6.993835"><ele>1305.0</ele></trkpt>
      <trkpt lat="46.052632" lon="6.994211"><ele>1308.4</ele></trkpt>
      <trkpt lat="46.052408" lon="6.994011"><ele>1309.2</ele></trkpt>
      <trkpt lat="46.051708" lon="6.994315"><ele>1312.2</ele></trkpt>
      <trkpt lat="46.048854" lon="6.994224"><ele>1324.4</ele></trkpt>
      <trkpt lat="46.048564" lon="6.994141"><ele>1326.4</ele></trkpt>
      <trkpt lat="46.047726" lon="6.994708"><ele>1329.8</ele></trkpt>
      <trkpt lat="46.046981" lon="6.994574"><ele>1334.0</ele></trkpt>
      <trkpt lat="46.046557" lon="6.994777"><ele>1336.4</ele></trkpt>
      <trkpt lat="46.046493" lon="6.994763"><ele>1337.2</ele></trkpt>
      <trkpt lat="46.046446" lon="6.994193"><ele>1336.8</ele></trkpt>
      <trkpt lat="46.046380" lon="6.994090"><ele>1336.6</ele></trkpt>
      <trkpt lat="46.045933" lon="6.994209"><ele>1339.2</ele></trkpt>
      <trkpt lat="46.045610" lon="6.994062"><ele>1342.8</ele></trkpt>
      <trkpt lat="46.045316" lon="6.993236"><ele>1348.2</ele></trkpt>
      <trkpt lat="46.044994" lon="6.992796"><ele>1356.0</ele></trkpt>
      <trkpt lat="46.044850" lon="6.992180"><ele>1364.2</ele></trkpt>
      <trkpt lat="46.044877" lon="6.992362"><ele>1360.6</ele></trkpt>
      <trkpt lat="46.044907" lon="6.992214"><ele>1361.8</ele></trkpt>
      <trkpt lat="46.045506" lon="6.991336"><ele>1374.4</ele></trkpt>
      <trkpt lat="46.045530" lon="6.991128"><ele>1376.6</ele></trkpt>
      <trkpt lat="46.045200" lon="6.990874"><ele>1390.4</ele></trkpt>
      <trkpt lat="46.044832" lon="6.990392"><ele>1403.6</ele></trkpt>
      <trkpt lat="46.045235" lon="6.990218"><ele>1412.4</ele></trkpt>
      <trkpt lat="46.045047" lon="6.990022"><ele>1414.6</ele></trkpt>
      <trkpt lat="46.045389" lon="6.989984"><ele>1417.2</ele></trkpt>
      <trkpt lat="46.045541" lon="6.989644"><ele>1424.8</ele></trkpt>
      <trkpt lat="46.045409" lon="6.989460"><ele>1435.0</ele></trkpt>
      <trkpt lat="46.045415" lon="6.989248"><ele>1440.8</ele></trkpt>
      <trkpt lat="46.045293" lon="6.989026"><ele>1451.0</ele></trkpt>
      <trkpt lat="46.045377" lon="6.989062"><ele>1453.2</ele></trkpt>
      <trkpt lat="46.045323" lon="6.988910"><ele>1456.4</ele></trkpt>
      <trkpt lat="46.045497" lon="6.988799"><ele>1466.6</ele></trkpt>
      <trkpt lat="46.045448" lon="6.988683"><ele>1472.8</ele></trkpt>
      <trkpt lat="46.045515" lon="6.988568"><ele>1479.6</ele></trkpt>
      <trkpt lat="46.045448" lon="6.988457"><ele>1486.6</ele></trkpt>
      <trkpt lat="46.045638" lon="6.988374"><ele>1496.6</ele></trkpt>
      <trkpt lat="46.045495" lon="6.988246"><ele>1502.4</ele></trkpt>
      <trkpt lat="46.045622" lon="6.988145"><ele>1510.2</ele></trkpt>
      <trkpt lat="46.045502" lon="6.987981"><ele>1518.2</ele></trkpt>
      <trkpt lat="46.045727" lon="6.987802"><ele>1531.8</ele></trkpt>
      <trkpt lat="46.045857" lon="6.987865"><ele>1537.6</ele></trkpt>
      <trkpt lat="46.046169" lon="6.987733"><ele>1551.0</ele></trkpt>
      <trkpt lat="46.046259" lon="6.987668"><ele>1554.4</ele></trkpt>
      <trkpt lat="46.046201" lon="6.987613"><ele>1559.0</ele></trkpt>
      <trkpt lat="46.046320" lon="6.987567"><ele>1562.2</ele></trkpt>
      <trkpt lat="46.045855" lon="6.987137"><ele>1580.0</ele></trkpt>
      <trkpt lat="46.045604" lon="6.986670"><ele>1600.8</ele></trkpt>
      <trkpt lat="46.045938" lon="6.986417"><ele>1615.0</ele></trkpt>
      <trkpt lat="46.046143" lon="6.986406"><ele>1624.8</ele></trkpt>
      <trkpt lat="46.046034" lon="6.986070"><ele>1639.4</ele></trkpt>
      <trkpt lat="46.045694" lon="6.985800"><ele>1655.6</ele></trkpt>
      <trkpt lat="46.045972" lon="6.985421"><ele>1667.6</ele></trkpt>
      <trkpt lat="46.046137" lon="6.985345"><ele>1670.8</ele></trkpt>
      <trkpt lat="46.045985" lon="6.985235"><ele>1676.8</ele></trkpt>
      <trkpt lat="46.045831" lon="6.985340"><ele>1683.6</ele></trkpt>
      <trkpt lat="46.045679" lon="6.985239"><ele>1688.0</ele></trkpt>
      <trkpt lat="46.045657" lon="6.985028"><ele>1693.6</ele></trkpt>
      <trkpt lat="46.045778" lon="6.985008"><ele>1697.6</ele></trkpt>
      <trkpt lat="46.045978" lon="6.984688"><ele>1707.8</ele></trkpt>
      <trkpt lat="46.045807" lon="6.984623"><ele>1717.2</ele></trkpt>
      <trkpt lat="46.045788" lon="6.984445"><ele>1721.0</ele></trkpt>
      <trkpt lat="46.045607" lon="6.984227"><ele>1730.8</ele></trkpt>
      <trkpt lat="46.045737" lon="6.984194"><ele>1735.2</ele></trkpt>
      <trkpt lat="46.045653" lon="6.984107"><ele>1739.4</ele></trkpt>
      <trkpt lat="46.045584" lon="6.983660"><ele>1751.6</ele></trkpt>
      <trkpt lat="46.045778" lon="6.983698"><ele>1758.4</ele></trkpt>
      <trkpt lat="46.045699" lon="6.983509"><ele>1764.0</ele></trkpt>
      <trkpt lat="46.045883" lon="6.983477"><ele>1771.6</ele></trkpt>
      <trkpt lat="46.045475" lon="6.982657"><ele>1794.4</ele></trkpt>
      <trkpt lat="46.045483" lon="6.982482"><ele>1798.4</ele></trkpt>
      <trkpt lat="46.045378" lon="6.982288"><ele>1803.4</ele></trkpt>
      <trkpt lat="46.045767" lon="6.982357"><ele>1815.6</ele></trkpt>
      <trkpt lat="46.045736" lon="6.982296"><ele>1818.0</ele></trkpt>
      <trkpt lat="46.045822" lon="6.982279"><ele>1819.8</ele></trkpt>
      <trkpt lat="46.046135" lon="6.982459"><ele>1827.0</ele></trkpt>
      <trkpt lat="46.046176" lon="6.982396"><ele>1827.6</ele></trkpt>
      <trkpt lat="46.045761" lon="6.981813"><ele>1847.4</ele></trkpt>
      <trkpt lat="46.045954" lon="6.981698"><ele>1853.8</ele></trkpt>
      <trkpt lat="46.045801" lon="6.981521"><ele>1863.8</ele></trkpt>
      <trkpt lat="46.046419" lon="6.981155"><ele>1881.6</ele></trkpt>
      <trkpt lat="46.046787" lon="6.981183"><ele>1893.8</ele></trkpt>
      <trkpt lat="46.046639" lon="6.980968"><ele>1898.2</ele></trkpt>
      <trkpt lat="46.046742" lon="6.980890"><ele>1900.4</ele></trkpt>
      <trkpt lat="46.047247" lon="6.980949"><ele>1916.2</ele></trkpt>
      <trkpt lat="46.047139" lon="6.980639"><ele>1920.8</ele></trkpt>
      <trkpt lat="46.046884" lon="6.980397"><ele>1928.6</ele></trkpt>
      <trkpt lat="46.046899" lon="6.980320"><ele>1930.6</ele></trkpt>
      <trkpt lat="46.047130" lon="6.980229"><ele>1933.8</ele></trkpt>
      <trkpt lat="46.047545" lon="6.979588"><ele>1945.6</ele></trkpt>
      <trkpt lat="46.047757" lon="6.979411"><ele>1950.8</ele></trkpt>
      <trkpt lat="46.048074" lon="6.979429"><ele>1955.2</ele></trkpt>
      <trkpt lat="46.048607" lon="6.979092"><ele>1970.4</ele></trkpt>
      <trkpt lat="46.048961" lon="6.979087"><ele>1978.8</ele></trkpt>
      <trkpt lat="46.049326" lon="6.978881"><ele>1988.0</ele></trkpt>
      <trkpt lat="46.049546" lon="6.978550"><ele>1993.0</ele></trkpt>
      <trkpt lat="46.049597" lon="6.978060"><ele>1997.6</ele></trkpt>
      <trkpt lat="46.049359" lon="6.977458"><ele>2008.4</ele></trkpt>
      <trkpt lat="46.049015" lon="6.976976"><ele>2019.2</ele></trkpt>
      <trkpt lat="46.048950" lon="6.976702"><ele>2023.0</ele></trkpt>
      <trkpt lat="46.048516" lon="6.976354"><ele>2027.8</ele></trkpt>
      <trkpt lat="46.048378" lon="6.975945"><ele>2028.6</ele></trkpt>
      <trkpt lat="46.047549" lon="6.974865"><ele>2035.0</ele></trkpt>
      <trkpt lat="46.047297" lon="6.974198"><ele>2042.6</ele></trkpt>
      <trkpt lat="46.046982" lon="6.973736"><ele>2043.0</ele></trkpt>
      <trkpt lat="46.046189" lon="6.972956"><ele>2035.4</ele></trkpt>
      <trkpt lat="46.045045" lon="6.972264"><ele>2036.0</ele></trkpt>
      <trkpt lat="46.044548" lon="6.971578"><ele>2040.2</ele></trkpt>
      <trkpt lat="46.044193" lon="6.971285"><ele>2044.0</ele></trkpt>
      <trkpt lat="46.043885" lon="6.971195"><ele>2045.6</ele></trkpt>
      <trkpt lat="46.043314" lon="6.971246"><ele>2049.6</ele></trkpt>
      <trkpt lat="46.042713" lon="6.971578"><ele>2057.0</ele></trkpt>
      <trkpt lat="46.042264" lon="6.971958"><ele>2063.8</ele></trkpt>
      <trkpt lat="46.041849" lon="6.972109"><ele>2069.4</ele></trkpt>
      <trkpt lat="46.041285" lon="6.971627"><ele>2075.2</ele></trkpt>
      <trkpt lat="46.041110" lon="6.971612"><ele>2074.8</ele></trkpt>
      <trkpt lat="46.040881" lon="6.971137"><ele>2070.8</ele></trkpt>
      <trkpt lat="46.040675" lon="6.971022"><ele>2067.6</ele></trkpt>
      <trkpt lat="46.040608" lon="6.970874"><ele>2065.4</ele></trkpt>
      <trkpt lat="46.040570" lon="6.970426"><ele>2056.8</ele></trkpt>
      <trkpt lat="46.040121" lon="6.970320"><ele>2045.2</ele></trkpt>
      <trkpt lat="46.039519" lon="6.970611"><ele>2026.4</ele></trkpt>
      <trkpt lat="46.039207" lon="6.970603"><ele>2022.6</ele></trkpt>
      <trkpt lat="46.038982" lon="6.970403"><ele>2018.0</ele></trkpt>
      <trkpt lat="46.039173" lon="6.969367"><ele>2006.2</ele></trkpt>
      <trkpt lat="46.039461" lon="6.969382"><ele>2007.4</ele></trkpt>
      <trkpt lat="46.039804" lon="6.969047"><ele>2002.8</ele></trkpt>
      <trkpt lat="46.039816" lon="6.968667"><ele>1999.2</ele></trkpt>
      <trkpt lat="46.039488" lon="6.968373"><ele>1994.8</ele></trkpt>
      <trkpt lat="46.039275" lon="6.967530"><ele>1978.0</ele></trkpt>
      <trkpt lat="46.040051" lon="6.967848"><ele>1959.2</ele></trkpt>
      <trkpt lat="46.039397" lon="6.967022"><ele>1941.8</ele></trkpt>
      <trkpt lat="46.039495" lon="6.966975"><ele>1939.8</ele></trkpt>
      <trkpt lat="46.040057" lon="6.967175"><ele>1926.0</ele></trkpt>
      <trkpt lat="46.040470" lon="6.966789"><ele>1909.2</ele></trkpt>
      <trkpt lat="46.040103" lon="6.966253"><ele>1897.6</ele></trkpt>
      <trkpt lat="46.040111" lon="6.965978"><ele>1891.6</ele></trkpt>
      <trkpt lat="46.040312" lon="6.965377"><ele>1884.6</ele></trkpt>
      <trkpt lat="46.040437" lon="6.965289"><ele>1885.4</ele></trkpt>
      <trkpt lat="46.040838" lon="6.965295"><ele>1882.0</ele></trkpt>
      <trkpt lat="46.041130" lon="6.965511"><ele>1875.8</ele></trkpt>
      <trkpt lat="46.040912" lon="6.964872"><ele>1859.8</ele></trkpt>
      <trkpt lat="46.041071" lon="6.964934"><ele>1855.4</ele></trkpt>
      <trkpt lat="46.041037" lon="6.964726"><ele>1851.0</ele></trkpt>
      <trkpt lat="46.041410" lon="6.965064"><ele>1842.2</ele></trkpt>
      <trkpt lat="46.041275" lon="6.964779"><ele>1838.4</ele></trkpt>
      <trkpt lat="46.041687" lon="6.965080"><ele>1826.2</ele></trkpt>
      <trkpt lat="46.042030" lon="6.965068"><ele>1819.6</ele></trkpt>
      <trkpt lat="46.042038" lon="6.964866"><ele>1815.2</ele></trkpt>
      <trkpt lat="46.042930" lon="6.964968"><ele>1793.0</ele></trkpt>
      <trkpt lat="46.042793" lon="6.964799"><ele>1788.2</ele></trkpt>
      <trkpt lat="46.042722" lon="6.964358"><ele>1784.0</ele></trkpt>
      <trkpt lat="46.042271" lon="6.964188"><ele>1789.4</ele></trkpt>
      <trkpt lat="46.042286" lon="6.963910"><ele>1790.0</ele></trkpt>
      <trkpt lat="46.042421" lon="6.963622"><ele>1789.4</ele></trkpt>
      <trkpt lat="46.042417" lon="6.962642"><ele>1783.4</ele></trkpt>
      <trkpt lat="46.042833" lon="6.961941"><ele>1780.6</ele></trkpt>
      <trkpt lat="46.042991" lon="6.961164"><ele>1777.4</ele></trkpt>
      <trkpt lat="46.042640" lon="6.960388"><ele>1773.2</ele></trkpt>
      <trkpt lat="46.042429" lon="6.958520"><ele>1766.8</ele></trkpt>
      <trkpt lat="46.041969" lon="6.956903"><ele>1758.0</ele></trkpt>
      <trkpt lat="46.041998" lon="6.956829"><ele>1756.4</ele></trkpt>
      <trkpt lat="46.042389" lon="6.957067"><ele>1748.0</ele></trkpt>
      <trkpt lat="46.042381" lon="6.956916"><ele>1744.6</ele></trkpt>
      <trkpt lat="46.042690" lon="6.957358"><ele>1735.4</ele></trkpt>
      <trkpt lat="46.042589" lon="6.956671"><ele>1725.4</ele></trkpt>
      <trkpt lat="46.042850" lon="6.956899"><ele>1717.6</ele></trkpt>
      <trkpt lat="46.042465" lon="6.955827"><ele>1702.2</ele></trkpt>
      <trkpt lat="46.042375" lon="6.955383"><ele>1696.8</ele></trkpt>
      <trkpt lat="46.042628" lon="6.955601"><ele>1687.6</ele></trkpt>
      <trkpt lat="46.042365" lon="6.954588"><ele>1673.8</ele></trkpt>
      <trkpt lat="46.042370" lon="6.954260"><ele>1669.8</ele></trkpt>
      <trkpt lat="46.042583" lon="6.954062"><ele>1661.8</ele></trkpt>
      <trkpt lat="46.042619" lon="6.952762"><ele>1649.0</ele></trkpt>
      <trkpt lat="46.042955" lon="6.952442"><ele>1647.2</ele></trkpt>
      <trkpt lat="46.043127" lon="6.952010"><ele>1647.8</ele></trkpt>
      <trkpt lat="46.043471" lon="6.951653"><ele>1648.4</ele></trkpt>
      <trkpt lat="46.043568" lon="6.951050"><ele>1645.8</ele></trkpt>
      <trkpt lat="46.043760" lon="6.950781"><ele>1640.2</ele></trkpt>
      <trkpt lat="46.043378" lon="6.950343"><ele>1631.8</ele></trkpt>
      <trkpt lat="46.043247" lon="6.949958"><ele>1627.0</ele></trkpt>
      <trkpt lat="46.043327" lon="6.949917"><ele>1625.6</ele></trkpt>
      <trkpt lat="46.043623" lon="6.950206"><ele>1622.0</ele></trkpt>
      <trkpt lat="46.043705" lon="6.950205"><ele>1621.4</ele></trkpt>
      <trkpt lat="46.043733" lon="6.950099"><ele>1620.2</ele></trkpt>
      <trkpt lat="46.043584" lon="6.949897"><ele>1615.8</ele></trkpt>
      <trkpt lat="46.043393" lon="6.949252"><ele>1607.0</ele></trkpt>
      <trkpt lat="46.043400" lon="6.948662"><ele>1600.8</ele></trkpt>
      <trkpt lat="46.043290" lon="6.948130"><ele>1599.2</ele></trkpt>
      <trkpt lat="46.042281" lon="6.946796"><ele>1582.8</ele></trkpt>
      <trkpt lat="46.041355" lon="6.946212"><ele>1569.4</ele></trkpt>
      <trkpt lat="46.041141" lon="6.945932"><ele>1565.4</ele></trkpt>
      <trkpt lat="46.041258" lon="6.945816"><ele>1563.8</ele></trkpt>
      <trkpt lat="46.041426" lon="6.945979"><ele>1560.2</ele></trkpt>
      <trkpt lat="46.041968" lon="6.946148"><ele>1550.8</ele></trkpt>
      <trkpt lat="46.042054" lon="6.946082"><ele>1550.2</ele></trkpt>
      <trkpt lat="46.041992" lon="6.945854"><ele>1548.4</ele></trkpt>
      <trkpt lat="46.041788" lon="6.945682"><ele>1544.2</ele></trkpt>
      <trkpt lat="46.041467" lon="6.945604"><ele>1538.6</ele></trkpt>
      <trkpt lat="46.040661" lon="6.945023"><ele>1522.2</ele></trkpt>
      <trkpt lat="46.040056" lon="6.944401"><ele>1508.6</ele></trkpt>
      <trkpt lat="46.039708" lon="6.943839"><ele>1499.6</ele></trkpt>
      <trkpt lat="46.039537" lon="6.943740"><ele>1497.2</ele></trkpt>
      <trkpt lat="46.039466" lon="6.943588"><ele>1496.2</ele></trkpt>
      <trkpt lat="46.039551" lon="6.943471"><ele>1495.2</ele></trkpt>
      <trkpt lat="46.040162" lon="6.943987"><ele>1486.4</ele></trkpt>
      <trkpt lat="46.040254" lon="6.943930"><ele>1485.6</ele></trkpt>
      <trkpt lat="46.040255" lon="6.943833"><ele>1484.8</ele></trkpt>
      <trkpt lat="46.040031" lon="6.943650"><ele>1481.0</ele></trkpt>
      <trkpt lat="46.039696" lon="6.943150"><ele>1472.4</ele></trkpt>
      <trkpt lat="46.039716" lon="6.943005"><ele>1467.6</ele></trkpt>
      <trkpt lat="46.039571" lon="6.942702"><ele>1458.0</ele></trkpt>
      <trkpt lat="46.039578" lon="6.942550"><ele>1455.8</ele></trkpt>
      <trkpt lat="46.040281" lon="6.942704"><ele>1437.8</ele></trkpt>
      <trkpt lat="46.039737" lon="6.941913"><ele>1417.2</ele></trkpt>
      <trkpt lat="46.039569" lon="6.941810"><ele>1411.6</ele></trkpt>
      <trkpt lat="46.039205" lon="6.941332"><ele>1402.4</ele></trkpt>
      <trkpt lat="46.039210" lon="6.941194"><ele>1396.8</ele></trkpt>
      <trkpt lat="46.038628" lon="6.940748"><ele>1378.2</ele></trkpt>
      <trkpt lat="46.038592" lon="6.940688"><ele>1376.0</ele></trkpt>
      <trkpt lat="46.038821" lon="6.940658"><ele>1368.4</ele></trkpt>
      <trkpt lat="46.038198" lon="6.940019"><ele>1347.0</ele></trkpt>
      <trkpt lat="46.037969" lon="6.939563"><ele>1342.0</ele></trkpt>
      <trkpt lat="46.037537" lon="6.939025"><ele>1330.4</ele></trkpt>
      <trkpt lat="46.036816" lon="6.938484"><ele>1317.2</ele></trkpt>
      <trkpt lat="46.036619" lon="6.937969"><ele>1309.6</ele></trkpt>
      <trkpt lat="46.035941" lon="6.937379"><ele>1291.4</ele></trkpt>
      <trkpt lat="46.035560" lon="6.936767"><ele>1281.8</ele></trkpt>
      <trkpt lat="46.035365" lon="6.936627"><ele>1280.4</ele></trkpt>
      <trkpt lat="46.035405" lon="6.936225"><ele>1277.2</ele></trkpt>
      <trkpt lat="46.035220" lon="6.935992"><ele>1274.0</ele></trkpt>
      <trkpt lat="46.035273" lon="6.935594"><ele>1269.0</ele></trkpt>
      <trkpt lat="46.035080" lon="6.935095"><ele>1265.4</ele></trkpt>
      <trkpt lat="46.034419" lon="6.934277"><ele>1267.0</ele></trkpt>
      <trkpt lat="46.034482" lon="6.933963"><ele>1266.8</ele></trkpt>
      <trkpt lat="46.034395" lon="6.933862"><ele>1267.6</ele></trkpt>
      <trkpt lat="46.034421" lon="6.933551"><ele>1269.0</ele></trkpt>
      <trkpt lat="46.033581" lon="6.932911"><ele>1269.8</ele></trkpt>
      <trkpt lat="46.033387" lon="6.932512"><ele>1271.4</ele></trkpt>
      <trkpt lat="46.033255" lon="6.931932"><ele>1271.6</ele></trkpt>
      <trkpt lat="46.033111" lon="6.931901"><ele>1272.2</ele></trkpt>
      <trkpt lat="46.033073" lon="6.932221"><ele>1274.0</ele></trkpt>
      <trkpt lat="46.032939" lon="6.932360"><ele>1273.6</ele></trkpt>
      <trkpt lat="46.032564" lon="6.931935"><ele>1272.2</ele></trkpt>
      <trkpt lat="46.032362" lon="6.932261"><ele>1272.8</ele></trkpt>
      <trkpt lat="46.032661" lon="6.932402"><ele>1269.8</ele></trkpt>
      <trkpt lat="46.032601" lon="6.932216"><ele>1269.2</ele></trkpt>
      <trkpt lat="46.032526" lon="6.932377"><ele>1268.2</ele></trkpt>
      <trkpt lat="46.032676" lon="6.932333"><ele>1268.0</ele></trkpt>
      <trkpt lat="46.032578" lon="6.932409"><ele>1266.8</ele></trkpt>
      <trkpt lat="46.032518" lon="6.932344"><ele>1265.8</ele></trkpt>
      <trkpt lat="46.032612" lon="6.932359"><ele>1264.6</ele></trkpt>
      <trkpt lat="46.032531" lon="6.932441"><ele>1264.8</ele></trkpt>
      <trkpt lat="46.032616" lon="6.932281"><ele>1263.4</ele></trkpt>
      <trkpt lat="46.032572" lon="6.932415"><ele>1262.6</ele></trkpt>
      <trkpt lat="46.032312" lon="6.932221"><ele>1263.8</ele></trkpt>
      <trkpt lat="46.032093" lon="6.932342"><ele>1263.2</ele></trkpt>
      <trkpt lat="46.030116" lon="6.930193"><ele>1274.8</ele></trkpt>
      <trkpt lat="46.029931" lon="6.929878"><ele>1275.4</ele></trkpt>
      <trkpt lat="46.029688" lon="6.929691"><ele>1275.8</ele></trkpt>
      <trkpt lat="46.028928" lon="6.928680"><ele>1279.6</ele></trkpt>
      <trkpt lat="46.028844" lon="6.928256"><ele>1280.4</ele></trkpt>
      <trkpt lat="46.028569" lon="6.927763"><ele>1283.2</ele></trkpt>
      <trkpt lat="46.027825" lon="6.927677"><ele>1287.2</ele></trkpt>
      <trkpt lat="46.027334" lon="6.927787"><ele>1289.8</ele></trkpt>
      <trkpt lat="46.027457" lon="6.927882"><ele>1293.8</ele></trkpt>
      <trkpt lat="46.027758" lon="6.927882"><ele>1298.0</ele></trkpt>
      <trkpt lat="46.027855" lon="6.928032"><ele>1305.8</ele></trkpt>
      <trkpt lat="46.027800" lon="6.928261"><ele>1307.8</ele></trkpt>
      <trkpt lat="46.027482" lon="6.928365"><ele>1311.0</ele></trkpt>
      <trkpt lat="46.026764" lon="6.928057"><ele>1312.0</ele></trkpt>
      <trkpt lat="46.026260" lon="6.927698"><ele>1310.8</ele></trkpt>
      <trkpt lat="46.025767" lon="6.927631"><ele>1311.2</ele></trkpt>
      <trkpt lat="46.024938" lon="6.927180"><ele>1309.0</ele></trkpt>
      <trkpt lat="46.024769" lon="6.926943"><ele>1309.6</ele></trkpt>
      <trkpt lat="46.024305" lon="6.925606"><ele>1309.8</ele></trkpt>
      <trkpt lat="46.024267" lon="6.925242"><ele>1310.4</ele></trkpt>
      <trkpt lat="46.024128" lon="6.925008"><ele>1310.4</ele></trkpt>
      <trkpt lat="46.023780" lon="6.924735"><ele>1311.8</ele></trkpt>
      <trkpt lat="46.023677" lon="6.924552"><ele>1311.8</ele></trkpt>
      <trkpt lat="46.022820" lon="6.923971"><ele>1319.6</ele></trkpt>
      <trkpt lat="46.022608" lon="6.923685"><ele>1321.4</ele></trkpt>
      <trkpt lat="46.021997" lon="6.923236"><ele>1327.0</ele></trkpt>
      <trkpt lat="46.021179" lon="6.922434"><ele>1333.2</ele></trkpt>
      <trkpt lat="46.020588" lon="6.922177"><ele>1338.0</ele></trkpt>
      <trkpt lat="46.020337" lon="6.921928"><ele>1341.0</ele></trkpt>
      <trkpt lat="46.019736" lon="6.921828"><ele>1342.8</ele></trkpt>
      <trkpt lat="46.018895" lon="6.920989"><ele>1347.0</ele></trkpt>
      <trkpt lat="46.018431" lon="6.920852"><ele>1351.0</ele></trkpt>
      <trkpt lat="46.017940" lon="6.920976"><ele>1356.6</ele></trkpt>
      <trkpt lat="46.017101" lon="6.920939"><ele>1360.8</ele></trkpt>
      <trkpt lat="46.016542" lon="6.920720"><ele>1364.8</ele></trkpt>
      <trkpt lat="46.016002" lon="6.920896"><ele>1369.0</ele></trkpt>
      <trkpt lat="46.015414" lon="6.921596"><ele>1373.6</ele></trkpt>
      <trkpt lat="46.014888" lon="6.921973"><ele>1378.4</ele></trkpt>
      <trkpt lat="46.014202" lon="6.922014"><ele>1374.2</ele></trkpt>
      <trkpt lat="46.013963" lon="6.922170"><ele>1378.0</ele></trkpt>
      <trkpt lat="46.013873" lon="6.922315"><ele>1380.2</ele></trkpt>
      <trkpt lat="46.012874" lon="6.923023"><ele>1389.0</ele></trkpt>
      <trkpt lat="46.012216" lon="6.924026"><ele>1400.2</ele></trkpt>
      <trkpt lat="46.011830" lon="6.924257"><ele>1405.8</ele></trkpt>
      <trkpt lat="46.011399" lon="6.924279"><ele>1409.8</ele></trkpt>
      <trkpt lat="46.010848" lon="6.924478"><ele>1416.2</ele></trkpt>
      <trkpt lat="46.010271" lon="6.924192"><ele>1418.6</ele></trkpt>
      <trkpt lat="46.008926" lon="6.924466"><ele>1425.8</ele></trkpt>
      <trkpt lat="46.007632" lon="6.923887"><ele>1433.8</ele></trkpt>
      <trkpt lat="46.007130" lon="6.923431"><ele>1439.6</ele></trkpt>
      <trkpt lat="46.006434" lon="6.923265"><ele>1445.6</ele></trkpt>
      <trkpt lat="46.006044" lon="6.923413"><ele>1448.6</ele></trkpt>
      <trkpt lat="46.005557" lon="6.924488"><ele>1455.4</ele></trkpt>
      <trkpt lat="46.005307" lon="6.924640"><ele>1458.2</ele></trkpt>
      <trkpt lat="46.004477" lon="6.924190"><ele>1464.8</ele></trkpt>
      <trkpt lat="46.003910" lon="6.923717"><ele>1469.2</ele></trkpt>
      <trkpt lat="46.002899" lon="6.923747"><ele>1465.8</ele></trkpt>
      <trkpt lat="46.002552" lon="6.923667"><ele>1464.4</ele></trkpt>
      <trkpt lat="46.001098" lon="6.923998"><ele>1455.6</ele></trkpt>
      <trkpt lat="46.000585" lon="6.924232"><ele>1450.2</ele></trkpt>
      <trkpt lat="46.000151" lon="6.924268"><ele>1445.0</ele></trkpt>
      <trkpt lat="45.999541" lon="6.924144"><ele>1443.0</ele></trkpt>
      <trkpt lat="45.999265" lon="6.924381"><ele>1439.8</ele></trkpt>
      <trkpt lat="45.998595" lon="6.924406"><ele>1438.8</ele></trkpt>
      <trkpt lat="45.998479" lon="6.924483"><ele>1439.2</ele></trkpt>
      <trkpt lat="45.998261" lon="6.925029"><ele>1436.8</ele></trkpt>
      <trkpt lat="45.997764" lon="6.925846"><ele>1431.0</ele></trkpt>
      <trkpt lat="45.996813" lon="6.926399"><ele>1422.8</ele></trkpt>
      <trkpt lat="45.996590" lon="6.926405"><ele>1423.6</ele></trkpt>
      <trkpt lat="45.996341" lon="6.926121"><ele>1428.4</ele></trkpt>
      <trkpt lat="45.995838" lon="6.926442"><ele>1431.4</ele></trkpt>
      <trkpt lat="45.995213" lon="6.926212"><ele>1437.2</ele></trkpt>
      <trkpt lat="45.994744" lon="6.925774"><ele>1442.6</ele></trkpt>
      <trkpt lat="45.994764" lon="6.925649"><ele>1445.0</ele></trkpt>
      <trkpt lat="45.994551" lon="6.925413"><ele>1449.6</ele></trkpt>
      <trkpt lat="45.994640" lon="6.925287"><ele>1458.6</ele></trkpt>
      <trkpt lat="45.994499" lon="6.924969"><ele>1464.0</ele></trkpt>
      <trkpt lat="45.994680" lon="6.924815"><ele>1466.2</ele></trkpt>
      <trkpt lat="45.994695" lon="6.924597"><ele>1468.4</ele></trkpt>
      <trkpt lat="45.994297" lon="6.924097"><ele>1481.6</ele></trkpt>
      <trkpt lat="45.994367" lon="6.923993"><ele>1484.6</ele></trkpt>
      <trkpt lat="45.994285" lon="6.924013"><ele>1486.4</ele></trkpt>
      <trkpt lat="45.994160" lon="6.923813"><ele>1491.8</ele></trkpt>
      <trkpt lat="45.994147" lon="6.923575"><ele>1496.6</ele></trkpt>
      <trkpt lat="45.993601" lon="6.922944"><ele>1512.8</ele></trkpt>
      <trkpt lat="45.993083" lon="6.922584"><ele>1522.6</ele></trkpt>
      <trkpt lat="45.992689" lon="6.922533"><ele>1527.6</ele></trkpt>
      <trkpt lat="45.992689" lon="6.922455"><ele>1528.6</ele></trkpt>
      <trkpt lat="45.992458" lon="6.922336"><ele>1534.0</ele></trkpt>
      <trkpt lat="45.992263" lon="6.921952"><ele>1545.0</ele></trkpt>
      <trkpt lat="45.992064" lon="6.921808"><ele>1550.4</ele></trkpt>
      <trkpt lat="45.992233" lon="6.921721"><ele>1556.0</ele></trkpt>
      <trkpt lat="45.992225" lon="6.921644"><ele>1557.2</ele></trkpt>
      <trkpt lat="45.992069" lon="6.921617"><ele>1561.4</ele></trkpt>
      <trkpt lat="45.991917" lon="6.921375"><ele>1562.4</ele></trkpt>
      <trkpt lat="45.991599" lon="6.921478"><ele>1573.0</ele></trkpt>
      <trkpt lat="45.991390" lon="6.921269"><ele>1580.8</ele></trkpt>
      <trkpt lat="45.991111" lon="6.921188"><ele>1587.2</ele></trkpt>
      <trkpt lat="45.991068" lon="6.920858"><ele>1593.8</ele></trkpt>
      <trkpt lat="45.990923" lon="6.920733"><ele>1598.2</ele></trkpt>
      <trkpt lat="45.990588" lon="6.920866"><ele>1606.2</ele></trkpt>
      <trkpt lat="45.990525" lon="6.920724"><ele>1612.8</ele></trkpt>
      <trkpt lat="45.990177" lon="6.920696"><ele>1620.8</ele></trkpt>
      <trkpt lat="45.989961" lon="6.920482"><ele>1628.6</ele></trkpt>
      <trkpt lat="45.989467" lon="6.920264"><ele>1642.0</ele></trkpt>
      <trkpt lat="45.989406" lon="6.920180"><ele>1644.2</ele></trkpt>
      <trkpt lat="45.989477" lon="6.920090"><ele>1646.4</ele></trkpt>
      <trkpt lat="45.989421" lon="6.919978"><ele>1651.6</ele></trkpt>
      <trkpt lat="45.989059" lon="6.919828"><ele>1664.0</ele></trkpt>
      <trkpt lat="45.989001" lon="6.919616"><ele>1668.2</ele></trkpt>
      <trkpt lat="45.988410" lon="6.919063"><ele>1679.4</ele></trkpt>
      <trkpt lat="45.988248" lon="6.918655"><ele>1688.0</ele></trkpt>
      <trkpt lat="45.988113" lon="6.918683"><ele>1689.2</ele></trkpt>
      <trkpt lat="45.988022" lon="6.918451"><ele>1694.6</ele></trkpt>
      <trkpt lat="45.987697" lon="6.918245"><ele>1702.6</ele></trkpt>
      <trkpt lat="45.987667" lon="6.917817"><ele>1710.6</ele></trkpt>
      <trkpt lat="45.987496" lon="6.917808"><ele>1711.8</ele></trkpt>
      <trkpt lat="45.987310" lon="6.917539"><ele>1715.4</ele></trkpt>
      <trkpt lat="45.987056" lon="6.917504"><ele>1718.0</ele></trkpt>
      <trkpt lat="45.986797" lon="6.917738"><ele>1719.2</ele></trkpt>
      <trkpt lat="45.986690" lon="6.917593"><ele>1716.6</ele></trkpt>
      <trkpt lat="45.986450" lon="6.917523"><ele>1710.2</ele></trkpt>
      <trkpt lat="45.986288" lon="6.917281"><ele>1705.4</ele></trkpt>
      <trkpt lat="45.985732" lon="6.917240"><ele>1696.4</ele></trkpt>
      <trkpt lat="45.985351" lon="6.917095"><ele>1695.6</ele></trkpt>
      <trkpt lat="45.985170" lon="6.917152"><ele>1698.4</ele></trkpt>
      <trkpt lat="45.984950" lon="6.917007"><ele>1698.2</ele></trkpt>
      <trkpt lat="45.984703" lon="6.917012"><ele>1693.4</ele></trkpt>
      <trkpt lat="45.984530" lon="6.917128"><ele>1688.6</ele></trkpt>
      <trkpt lat="45.984488" lon="6.917281"><ele>1685.6</ele></trkpt>
      <trkpt lat="45.984332" lon="6.917085"><ele>1679.0</ele></trkpt>
      <trkpt lat="45.984146" lon="6.916487"><ele>1666.4</ele></trkpt>
      <trkpt lat="45.983998" lon="6.916688"><ele>1660.8</ele></trkpt>
      <trkpt lat="45.983918" lon="6.917220"><ele>1648.2</ele></trkpt>
      <trkpt lat="45.983824" lon="6.917109"><ele>1642.8</ele></trkpt>
      <trkpt lat="45.983589" lon="6.917211"><ele>1632.6</ele></trkpt>
      <trkpt lat="45.983477" lon="6.917368"><ele>1629.6</ele></trkpt>
      <trkpt lat="45.983314" lon="6.917364"><ele>1622.8</ele></trkpt>
      <trkpt lat="45.983297" lon="6.917289"><ele>1621.6</ele></trkpt>
      <trkpt lat="45.983190" lon="6.917362"><ele>1617.8</ele></trkpt>
      <trkpt lat="45.982916" lon="6.917128"><ele>1606.8</ele></trkpt>
      <trkpt lat="45.982578" lon="6.917071"><ele>1603.8</ele></trkpt>
      <trkpt lat="45.982161" lon="6.916630"><ele>1587.8</ele></trkpt>
      <trkpt lat="45.981781" lon="6.916881"><ele>1579.8</ele></trkpt>
      <trkpt lat="45.981438" lon="6.916814"><ele>1571.6</ele></trkpt>
      <trkpt lat="45.981402" lon="6.916978"><ele>1564.2</ele></trkpt>
      <trkpt lat="45.981258" lon="6.916756"><ele>1559.4</ele></trkpt>
      <trkpt lat="45.981043" lon="6.916737"><ele>1551.6</ele></trkpt>
      <trkpt lat="45.980907" lon="6.916592"><ele>1543.2</ele></trkpt>
      <trkpt lat="45.980624" lon="6.916554"><ele>1533.2</ele></trkpt>
      <trkpt lat="45.980453" lon="6.916641"><ele>1531.0</ele></trkpt>
      <trkpt lat="45.980370" lon="6.916246"><ele>1517.6</ele></trkpt>
      <trkpt lat="45.980072" lon="6.916168"><ele>1506.6</ele></trkpt>
      <trkpt lat="45.979913" lon="6.916254"><ele>1508.0</ele></trkpt>
      <trkpt lat="45.979896" lon="6.916016"><ele>1499.6</ele></trkpt>
      <trkpt lat="45.979699" lon="6.915956"><ele>1489.0</ele></trkpt>
      <trkpt lat="45.979601" lon="6.916097"><ele>1486.2</ele></trkpt>
      <trkpt lat="45.979511" lon="6.915859"><ele>1478.6</ele></trkpt>
      <trkpt lat="45.978968" lon="6.915939"><ele>1468.8</ele></trkpt>
      <trkpt lat="45.978773" lon="6.915822"><ele>1466.6</ele></trkpt>
      <trkpt lat="45.978545" lon="6.915858"><ele>1459.6</ele></trkpt>
      <trkpt lat="45.978528" lon="6.915545"><ele>1457.6</ele></trkpt>
      <trkpt lat="45.978159" lon="6.915095"><ele>1451.6</ele></trkpt>
      <trkpt lat="45.978027" lon="6.914593"><ele>1457.8</ele></trkpt>
      <trkpt lat="45.977474" lon="6.913297"><ele>1473.2</ele></trkpt>
      <trkpt lat="45.976879" lon="6.912346"><ele>1490.2</ele></trkpt>
      <trkpt lat="45.976824" lon="6.912027"><ele>1493.4</ele></trkpt>
      <trkpt lat="45.976634" lon="6.911876"><ele>1496.8</ele></trkpt>
      <trkpt lat="45.976585" lon="6.911604"><ele>1499.8</ele></trkpt>
      <trkpt lat="45.976488" lon="6.911511"><ele>1502.2</ele></trkpt>
      <trkpt lat="45.976535" lon="6.911426"><ele>1504.4</ele></trkpt>
      <trkpt lat="45.976360" lon="6.911480"><ele>1509.2</ele></trkpt>
      <trkpt lat="45.976097" lon="6.911336"><ele>1517.8</ele></trkpt>
      <trkpt lat="45.976119" lon="6.911042"><ele>1517.0</ele></trkpt>
      <trkpt lat="45.976024" lon="6.910725"><ele>1523.0</ele></trkpt>
      <trkpt lat="45.975640" lon="6.910322"><ele>1524.6</ele></trkpt>
      <trkpt lat="45.975218" lon="6.910102"><ele>1524.2</ele></trkpt>
      <trkpt lat="45.974999" lon="6.909695"><ele>1524.4</ele></trkpt>
      <trkpt lat="45.974527" lon="6.909581"><ele>1521.6</ele></trkpt>
      <trkpt lat="45.974263" lon="6.909151"><ele>1521.0</ele></trkpt>
      <trkpt lat="45.973990" lon="6.909059"><ele>1522.8</ele></trkpt>
      <trkpt lat="45.973712" lon="6.908785"><ele>1524.6</ele></trkpt>
      <trkpt lat="45.973270" lon="6.907923"><ele>1524.0</ele></trkpt>
      <trkpt lat="45.973028" lon="6.907881"><ele>1525.0</ele></trkpt>
      <trkpt lat="45.972844" lon="6.907495"><ele>1529.8</ele></trkpt>
      <trkpt lat="45.972667" lon="6.907456"><ele>1530.2</ele></trkpt>
      <trkpt lat="45.972554" lon="6.907222"><ele>1530.0</ele></trkpt>
      <trkpt lat="45.972173" lon="6.907032"><ele>1530.4</ele></trkpt>
      <trkpt lat="45.972217" lon="6.906756"><ele>1534.0</ele></trkpt>
      <trkpt lat="45.972011" lon="6.906228"><ele>1530.6</ele></trkpt>
      <trkpt lat="45.971486" lon="6.906342"><ele>1539.6</ele></trkpt>
      <trkpt lat="45.971250" lon="6.905957"><ele>1546.2</ele></trkpt>
      <trkpt lat="45.971172" lon="6.905667"><ele>1548.8</ele></trkpt>
      <trkpt lat="45.970955" lon="6.905527"><ele>1555.6</ele></trkpt>
      <trkpt lat="45.970765" lon="6.904966"><ele>1561.4</ele></trkpt>
      <trkpt lat="45.970398" lon="6.904671"><ele>1565.4</ele></trkpt>
      <trkpt lat="45.969898" lon="6.903939"><ele>1570.6</ele></trkpt>
      <trkpt lat="45.969757" lon="6.903889"><ele>1573.2</ele></trkpt>
      <trkpt lat="45.969102" lon="6.902997"><ele>1582.4</ele></trkpt>
      <trkpt lat="45.968987" lon="6.902984"><ele>1584.4</ele></trkpt>
      <trkpt lat="45.968645" lon="6.902616"><ele>1588.0</ele></trkpt>
      <trkpt lat="45.968220" lon="6.902045"><ele>1592.2</ele></trkpt>
      <trkpt lat="45.966383" lon="6.900838"><ele>1589.8</ele></trkpt>
      <trkpt lat="45.966255" lon="6.900359"><ele>1598.0</ele></trkpt>
      <trkpt lat="45.966376" lon="6.900253"><ele>1605.0</ele></trkpt>
      <trkpt lat="45.966264" lon="6.899752"><ele>1616.2</ele></trkpt>
      <trkpt lat="45.965674" lon="6.898439"><ele>1638.6</ele></trkpt>
      <trkpt lat="45.965870" lon="6.898246"><ele>1649.0</ele></trkpt>
      <trkpt lat="45.965732" lon="6.897996"><ele>1653.4</ele></trkpt>
      <trkpt lat="45.965553" lon="6.897926"><ele>1655.8</ele></trkpt>
      <trkpt lat="45.965434" lon="6.897727"><ele>1659.4</ele></trkpt>
      <trkpt lat="45.965473" lon="6.897632"><ele>1661.4</ele></trkpt>
      <trkpt lat="45.965581" lon="6.897681"><ele>1663.8</ele></trkpt>
      <trkpt lat="45.965549" lon="6.897347"><ele>1669.0</ele></trkpt>
      <trkpt lat="45.965793" lon="6.897458"><ele>1673.0</ele></trkpt>
      <trkpt lat="45.965985" lon="6.897336"><ele>1681.0</ele></trkpt>
      <trkpt lat="45.966148" lon="6.897456"><ele>1687.0</ele></trkpt>
      <trkpt lat="45.966154" lon="6.897314"><ele>1688.8</ele></trkpt>
      <trkpt lat="45.966192" lon="6.897393"><ele>1691.2</ele></trkpt>
      <trkpt lat="45.966289" lon="6.897319"><ele>1695.6</ele></trkpt>
      <trkpt lat="45.966238" lon="6.897239"><ele>1699.4</ele></trkpt>
      <trkpt lat="45.966316" lon="6.897015"><ele>1703.8</ele></trkpt>
      <trkpt lat="45.965980" lon="6.896372"><ele>1714.0</ele></trkpt>
      <trkpt lat="45.965834" lon="6.895883"><ele>1717.0</ele></trkpt>
      <trkpt lat="45.965635" lon="6.895815"><ele>1720.2</ele></trkpt>
      <trkpt lat="45.965435" lon="6.895531"><ele>1723.6</ele></trkpt>
      <trkpt lat="45.965253" lon="6.894987"><ele>1732.4</ele></trkpt>
      <trkpt lat="45.964995" lon="6.894732"><ele>1740.0</ele></trkpt>
      <trkpt lat="45.965044" lon="6.894615"><ele>1742.6</ele></trkpt>
      <trkpt lat="45.964835" lon="6.894363"><ele>1748.6</ele></trkpt>
      <trkpt lat="45.964798" lon="6.894100"><ele>1753.4</ele></trkpt>
      <trkpt lat="45.964443" lon="6.893402"><ele>1759.0</ele></trkpt>
      <trkpt lat="45.964390" lon="6.892511"><ele>1770.0</ele></trkpt>
      <trkpt lat="45.964323" lon="6.892420"><ele>1770.4</ele></trkpt>
      <trkpt lat="45.964053" lon="6.890841"><ele>1794.0</ele></trkpt>
      <trkpt lat="45.963926" lon="6.889637"><ele>1812.6</ele></trkpt>
      <trkpt lat="45.963545" lon="6.889331"><ele>1822.4</ele></trkpt>
      <trkpt lat="45.963244" lon="6.888563"><ele>1838.6</ele></trkpt>
      <trkpt lat="45.963040" lon="6.888260"><ele>1844.8</ele></trkpt>
      <trkpt lat="45.962047" lon="6.887654"><ele>1859.2</ele></trkpt>
      <trkpt lat="45.961912" lon="6.887209"><ele>1865.8</ele></trkpt>
      <trkpt lat="45.962026" lon="6.886253"><ele>1880.8</ele></trkpt>
      <trkpt lat="45.961888" lon="6.886270"><ele>1883.6</ele></trkpt>
      <trkpt lat="45.961421" lon="6.886777"><ele>1891.0</ele></trkpt>
      <trkpt lat="45.961105" lon="6.886873"><ele>1892.8</ele></trkpt>
      <trkpt lat="45.960855" lon="6.887231"><ele>1886.2</ele></trkpt>
      <trkpt lat="45.960041" lon="6.887423"><ele>1877.2</ele></trkpt>
      <trkpt lat="45.960122" lon="6.887421"><ele>1876.6</ele></trkpt>
      <trkpt lat="45.960063" lon="6.887549"><ele>1875.4</ele></trkpt>
      <trkpt lat="45.960229" lon="6.887640"><ele>1868.2</ele></trkpt>
      <trkpt lat="45.960192" lon="6.887695"><ele>1867.8</ele></trkpt>
      <trkpt lat="45.959906" lon="6.887720"><ele>1864.8</ele></trkpt>
      <trkpt lat="45.959642" lon="6.887482"><ele>1863.2</ele></trkpt>
      <trkpt lat="45.959492" lon="6.887197"><ele>1860.6</ele></trkpt>
      <trkpt lat="45.959532" lon="6.886528"><ele>1854.6</ele></trkpt>
      <trkpt lat="45.959476" lon="6.886299"><ele>1852.6</ele></trkpt>
      <trkpt lat="45.958877" lon="6.885524"><ele>1836.2</ele></trkpt>
      <trkpt lat="45.958145" lon="6.885183"><ele>1817.6</ele></trkpt>
      <trkpt lat="45.957460" lon="6.884042"><ele>1799.4</ele></trkpt>
      <trkpt lat="45.957010" lon="6.882947"><ele>1782.0</ele></trkpt>
      <trkpt lat="45.956772" lon="6.882771"><ele>1776.2</ele></trkpt>
      <trkpt lat="45.956598" lon="6.882435"><ele>1769.8</ele></trkpt>
      <trkpt lat="45.956696" lon="6.881525"><ele>1758.2</ele></trkpt>
      <trkpt lat="45.956889" lon="6.881212"><ele>1753.8</ele></trkpt>
      <trkpt lat="45.956800" lon="6.881130"><ele>1752.6</ele></trkpt>
      <trkpt lat="45.956775" lon="6.881194"><ele>1752.0</ele></trkpt>
      <trkpt lat="45.956876" lon="6.880817"><ele>1749.0</ele></trkpt>
      <trkpt lat="45.956785" lon="6.880864"><ele>1745.6</ele></trkpt>
      <trkpt lat="45.956729" lon="6.881269"><ele>1746.6</ele></trkpt>
      <trkpt lat="45.956452" lon="6.881741"><ele>1744.6</ele></trkpt>
      <trkpt lat="45.956005" lon="6.882966"><ele>1734.2</ele></trkpt>
      <trkpt lat="45.956158" lon="6.884340"><ele>1719.2</ele></trkpt>
      <trkpt lat="45.956566" lon="6.885598"><ele>1704.8</ele></trkpt>
      <trkpt lat="45.956512" lon="6.886051"><ele>1699.4</ele></trkpt>
      <trkpt lat="45.956411" lon="6.885685"><ele>1693.4</ele></trkpt>
      <trkpt lat="45.956012" lon="6.885302"><ele>1684.6</ele></trkpt>
      <trkpt lat="45.955846" lon="6.884919"><ele>1680.0</ele></trkpt>
      <trkpt lat="45.955967" lon="6.885607"><ele>1668.8</ele></trkpt>
      <trkpt lat="45.955621" lon="6.885509"><ele>1660.0</ele></trkpt>
      <trkpt lat="45.955639" lon="6.885018"><ele>1653.4</ele></trkpt>
      <trkpt lat="45.955475" lon="6.884638"><ele>1648.0</ele></trkpt>
      <trkpt lat="45.955486" lon="6.885103"><ele>1642.6</ele></trkpt>
      <trkpt lat="45.955370" lon="6.885313"><ele>1638.0</ele></trkpt>
      <trkpt lat="45.955400" lon="6.884886"><ele>1632.2</ele></trkpt>
      <trkpt lat="45.955111" lon="6.884522"><ele>1624.4</ele></trkpt>
      <trkpt lat="45.954885" lon="6.883864"><ele>1615.4</ele></trkpt>
      <trkpt lat="45.954835" lon="6.884470"><ele>1608.8</ele></trkpt>
      <trkpt lat="45.954978" lon="6.884832"><ele>1604.6</ele></trkpt>
      <trkpt lat="45.955053" lon="6.885912"><ele>1592.4</ele></trkpt>
      <trkpt lat="45.954988" lon="6.886226"><ele>1588.0</ele></trkpt>
      <trkpt lat="45.954935" lon="6.885845"><ele>1582.0</ele></trkpt>
      <trkpt lat="45.954665" lon="6.885171"><ele>1572.8</ele></trkpt>
      <trkpt lat="45.954370" lon="6.884852"><ele>1569.8</ele></trkpt>
      <trkpt lat="45.954218" lon="6.884441"><ele>1561.8</ele></trkpt>
      <trkpt lat="45.953889" lon="6.884174"><ele>1557.0</ele></trkpt>
      <trkpt lat="45.953896" lon="6.884032"><ele>1554.6</ele></trkpt>
      <trkpt lat="45.953734" lon="6.884164"><ele>1544.6</ele></trkpt>
      <trkpt lat="45.953618" lon="6.883935"><ele>1537.6</ele></trkpt>
      <trkpt lat="45.953539" lon="6.884225"><ele>1531.0</ele></trkpt>
      <trkpt lat="45.953468" lon="6.884046"><ele>1525.2</ele></trkpt>
      <trkpt lat="45.953394" lon="6.884203"><ele>1521.8</ele></trkpt>
      <trkpt lat="45.953396" lon="6.884076"><ele>1519.6</ele></trkpt>
      <trkpt lat="45.953311" lon="6.884076"><ele>1517.2</ele></trkpt>
      <trkpt lat="45.953293" lon="6.884324"><ele>1512.6</ele></trkpt>
      <trkpt lat="45.953115" lon="6.884392"><ele>1503.6</ele></trkpt>
      <trkpt lat="45.953010" lon="6.884929"><ele>1490.0</ele></trkpt>
      <trkpt lat="45.952928" lon="6.884829"><ele>1485.6</ele></trkpt>
      <trkpt lat="45.952865" lon="6.884474"><ele>1478.4</ele></trkpt>
      <trkpt lat="45.952837" lon="6.884655"><ele>1473.4</ele></trkpt>
      <trkpt lat="45.952569" lon="6.884452"><ele>1463.6</ele></trkpt>
      <trkpt lat="45.952554" lon="6.884692"><ele>1457.0</ele></trkpt>
      <trkpt lat="45.952344" lon="6.884619"><ele>1449.8</ele></trkpt>
      <trkpt lat="45.952238" lon="6.884851"><ele>1441.0</ele></trkpt>
      <trkpt lat="45.952103" lon="6.884808"><ele>1437.6</ele></trkpt>
      <trkpt lat="45.952168" lon="6.884142"><ele>1431.0</ele></trkpt>
      <trkpt lat="45.951751" lon="6.883714"><ele>1426.8</ele></trkpt>
      <trkpt lat="45.951556" lon="6.882760"><ele>1419.2</ele></trkpt>
      <trkpt lat="45.951592" lon="6.882432"><ele>1417.0</ele></trkpt>
      <trkpt lat="45.951521" lon="6.881813"><ele>1413.4</ele></trkpt>
      <trkpt lat="45.951423" lon="6.881589"><ele>1411.2</ele></trkpt>
      <trkpt lat="45.951299" lon="6.880676"><ele>1401.4</ele></trkpt>
      <trkpt lat="45.951219" lon="6.880707"><ele>1401.4</ele></trkpt>
      <trkpt lat="45.950385" lon="6.880098"><ele>1392.4</ele></trkpt>
      <trkpt lat="45.949737" lon="6.880419"><ele>1384.8</ele></trkpt>
      <trkpt lat="45.949261" lon="6.880979"><ele>1381.2</ele></trkpt>
      <trkpt lat="45.948860" lon="6.880943"><ele>1377.8</ele></trkpt>
      <trkpt lat="45.948697" lon="6.880718"><ele>1376.0</ele></trkpt>
      <trkpt lat="45.948581" lon="6.880301"><ele>1373.0</ele></trkpt>
      <trkpt lat="45.948199" lon="6.880134"><ele>1369.2</ele></trkpt>
      <trkpt lat="45.947828" lon="6.879752"><ele>1364.4</ele></trkpt>
      <trkpt lat="45.947822" lon="6.879152"><ele>1361.0</ele></trkpt>
      <trkpt lat="45.947220" lon="6.878816"><ele>1357.0</ele></trkpt>
      <trkpt lat="45.947062" lon="6.878479"><ele>1355.0</ele></trkpt>
      <trkpt lat="45.946740" lon="6.878522"><ele>1352.6</ele></trkpt>
      <trkpt lat="45.946597" lon="6.878220"><ele>1350.4</ele></trkpt>
      <trkpt lat="45.946032" lon="6.877843"><ele>1346.6</ele></trkpt>
      <trkpt lat="45.945924" lon="6.877244"><ele>1341.8</ele></trkpt>
      <trkpt lat="45.945792" lon="6.877061"><ele>1339.8</ele></trkpt>
      <trkpt lat="45.945447" lon="6.877094"><ele>1335.0</ele></trkpt>
      <trkpt lat="45.945247" lon="6.876915"><ele>1330.0</ele></trkpt>
      <trkpt lat="45.944888" lon="6.876852"><ele>1320.8</ele></trkpt>
      <trkpt lat="45.944768" lon="6.876714"><ele>1317.0</ele></trkpt>
      <trkpt lat="45.943891" lon="6.876333"><ele>1296.4</ele></trkpt>
      <trkpt lat="45.943566" lon="6.876029"><ele>1287.2</ele></trkpt>
      <trkpt lat="45.942915" lon="6.875803"><ele>1274.2</ele></trkpt>
      <trkpt lat="45.942678" lon="6.875860"><ele>1268.6</ele></trkpt>
      <trkpt lat="45.942599" lon="6.875716"><ele>1265.4</ele></trkpt>
      <trkpt lat="45.942649" lon="6.875161"><ele>1255.0</ele></trkpt>
      <trkpt lat="45.942309" lon="6.874823"><ele>1248.4</ele></trkpt>
      <trkpt lat="45.941830" lon="6.874868"><ele>1240.2</ele></trkpt>
      <trkpt lat="45.941597" lon="6.875073"><ele>1233.0</ele></trkpt>
      <trkpt lat="45.941154" lon="6.874825"><ele>1221.8</ele></trkpt>
      <trkpt lat="45.939888" lon="6.873873"><ele>1205.0</ele></trkpt>
      <trkpt lat="45.939016" lon="6.872592"><ele>1207.8</ele></trkpt>
      <trkpt lat="45.938386" lon="6.871955"><ele>1199.8</ele></trkpt>
      <trkpt lat="45.937951" lon="6.871803"><ele>1193.0</ele></trkpt>
      <trkpt lat="45.937713" lon="6.871973"><ele>1188.6</ele></trkpt>
      <trkpt lat="45.937661" lon="6.871902"><ele>1187.6</ele></trkpt>
      <trkpt lat="45.937490" lon="6.872018"><ele>1185.0</ele></trkpt>
      <trkpt lat="45.937297" lon="6.871973"><ele>1180.6</ele></trkpt>
      <trkpt lat="45.937160" lon="6.872096"><ele>1178.6</ele></trkpt>
      <trkpt lat="45.937236" lon="6.871982"><ele>1177.8</ele></trkpt>
      <trkpt lat="45.937261" lon="6.872170"><ele>1177.0</ele></trkpt>
      <trkpt lat="45.937563" lon="6.872375"><ele>1171.6</ele></trkpt>
      <trkpt lat="45.937590" lon="6.872559"><ele>1170.0</ele></trkpt>
      <trkpt lat="45.937469" lon="6.872705"><ele>1168.2</ele></trkpt>
      <trkpt lat="45.937057" lon="6.872712"><ele>1161.2</ele></trkpt>
      <trkpt lat="45.936202" lon="6.872240"><ele>1149.4</ele></trkpt>
      <trkpt lat="45.935848" lon="6.871710"><ele>1142.8</ele></trkpt>
      <trkpt lat="45.934573" lon="6.870849"><ele>1130.4</ele></trkpt>
      <trkpt lat="45.934306" lon="6.870687"><ele>1128.8</ele></trkpt>
      <trkpt lat="45.933813" lon="6.870630"><ele>1125.4</ele></trkpt>
      <trkpt lat="45.933067" lon="6.870764"><ele>1121.8</ele></trkpt>
      <trkpt lat="45.932239" lon="6.870769"><ele>1105.0</ele></trkpt>
      <trkpt lat="45.931339" lon="6.870976"><ele>1085.8</ele></trkpt>
      <trkpt lat="45.931045" lon="6.870859"><ele>1080.8</ele></trkpt>
      <trkpt lat="45.931205" lon="6.871208"><ele>1077.2</ele></trkpt>
      <trkpt lat="45.931149" lon="6.871398"><ele>1077.2</ele></trkpt>
      <trkpt lat="45.931002" lon="6.871399"><ele>1074.4</ele></trkpt>
      <trkpt lat="45.930858" lon="6.871710"><ele>1065.4</ele></trkpt>
      <trkpt lat="45.930729" lon="6.872186"><ele>1059.6</ele></trkpt>
      <trkpt lat="45.930738" lon="6.872552"><ele>1062.2</ele></trkpt>
      <trkpt lat="45.930597" lon="6.872632"><ele>1055.2</ele></trkpt>
      <trkpt lat="45.929747" lon="6.872284"><ele>1047.4</ele></trkpt>
      <trkpt lat="45.929639" lon="6.872595"><ele>1048.0</ele></trkpt>
      <trkpt lat="45.929483" lon="6.872598"><ele>1046.8</ele></trkpt>
      <trkpt lat="45.928560" lon="6.872357"><ele>1044.8</ele></trkpt>
      <trkpt lat="45.927405" lon="6.871842"><ele>1043.8</ele></trkpt>
      <trkpt lat="45.925235" lon="6.871280"><ele>1043.2</ele></trkpt>
      <trkpt lat="45.925070" lon="6.871162"><ele>1043.0</ele></trkpt>
      <trkpt lat="45.925040" lon="6.870934"><ele>1043.0</ele></trkpt>
      <trkpt lat="45.925263" lon="6.869900"><ele>1044.6</ele></trkpt>
      <trkpt lat="45.925206" lon="6.869807"><ele>1044.4</ele></trkpt>
      <trkpt lat="45.923665" lon="6.869880"><ele>1040.2</ele></trkpt>
      <trkpt lat="45.923480" lon="6.869712"><ele>1040.0</ele></trkpt>
      <trkpt lat="45.923662" lon="6.869110"><ele>1041.4</ele></trkpt>
    </trkseg>
  </trk>
</gpx>
