<?xml version="1.0" encoding="UTF-8"?>
<gpx version="1.1" creator="gpx-processor" xmlns="http://www.topografix.com/GPX/1/1">
  <metadata><name>Volvic Running</name></metadata>
  <trk>
    <name>Volvic Running</name>
    <trkseg>
      <trkpt lat="45.874401" lon="3.042935"><ele>479.4</ele></trkpt>
      <trkpt lat="45.872532" lon="3.039780"><ele>493.0</ele></trkpt>
      <trkpt lat="45.872575" lon="3.039592"><ele>496.0</ele></trkpt>
      <trkpt lat="45.872912" lon="3.039480"><ele>497.2</ele></trkpt>
      <trkpt lat="45.872694" lon="3.038920"><ele>503.6</ele></trkpt>
      <trkpt lat="45.872695" lon="3.038424"><ele>507.0</ele></trkpt>
      <trkpt lat="45.872573" lon="3.037659"><ele>512.8</ele></trkpt>
      <trkpt lat="45.872880" lon="3.037047"><ele>515.6</ele></trkpt>
      <trkpt lat="45.873132" lon="3.036844"><ele>518.6</ele></trkpt>
      <trkpt lat="45.873178" lon="3.036459"><ele>521.8</ele></trkpt>
      <trkpt lat="45.872923" lon="3.036298"><ele>522.8</ele></trkpt>
      <trkpt lat="45.872528" lon="3.035625"><ele>529.8</ele></trkpt>
      <trkpt lat="45.872065" lon="3.035393"><ele>530.8</ele></trkpt>
      <trkpt lat="45.871965" lon="3.035065"><ele>538.2</ele></trkpt>
      <trkpt lat="45.872233" lon="3.034222"><ele>555.0</ele></trkpt>
      <trkpt lat="45.872261" lon="3.033908"><ele>558.2</ele></trkpt>
      <trkpt lat="45.872954" lon="3.033498"><ele>571.0</ele></trkpt>
      <trkpt lat="45.873486" lon="3.032714"><ele>578.0</ele></trkpt>
      <trkpt lat="45.874506" lon="3.031770"><ele>580.6</ele></trkpt>
      <trkpt lat="45.874945" lon="3.031472"><ele>582.8</ele></trkpt>
      <trkpt lat="45.875232" lon="3.030975"><ele>583.8</ele></trkpt>
      <trkpt lat="45.875326" lon="3.030520"><ele>583.0</ele></trkpt>
      <trkpt lat="45.875222" lon="3.029561"><ele>584.0</ele></trkpt>
      <trkpt lat="45.875102" lon="3.028976"><ele>585.4</ele></trkpt>
      <trkpt lat="45.874849" lon="3.028567"><ele>584.0</ele></trkpt>
      <trkpt lat="45.874538" lon="3.027733"><ele>587.4</ele></trkpt>
      <trkpt lat="45.874530" lon="3.027344"><ele>590.2</ele></trkpt>
      <trkpt lat="45.874704" lon="3.027052"><ele>594.4</ele></trkpt>
      <trkpt lat="45.875383" lon="3.026938"><ele>600.0</ele></trkpt>
      <trkpt lat="45.875735" lon="3.026422"><ele>600.0</ele></trkpt>
      <trkpt lat="45.876116" lon="3.025268"><ele>601.8</ele></trkpt>
      <trkpt lat="45.876195" lon="3.023334"><ele>605.0</ele></trkpt>
      <trkpt lat="45.876273" lon="3.022919"><ele>606.4</ele></trkpt>
      <trkpt lat="45.876762" lon="3.022290"><ele>607.6</ele></trkpt>
      <trkpt lat="45.877459" lon="3.021952"><ele>612.4</ele></trkpt>
      <trkpt lat="45.877746" lon="3.021448"><ele>607.2</ele></trkpt>
      <trkpt lat="45.877828" lon="3.021025"><ele>606.8</ele></trkpt>
      <trkpt lat="45.877838" lon="3.020766"><ele>608.4</ele></trkpt>
      <trkpt lat="45.877710" lon="3.020259"><ele>612.8</ele></trkpt>
      <trkpt lat="45.876930" lon="3.019238"><ele>615.2</ele></trkpt>
      <trkpt lat="45.876784" lon="3.018796"><ele>615.2</ele></trkpt>
      <trkpt lat="45.877046" lon="3.017708"><ele>629.6</ele></trkpt>
      <trkpt lat="45.877264" lon="3.017210"><ele>637.6</ele></trkpt>
      <trkpt lat="45.878118" lon="3.015953"><ele>653.8</ele></trkpt>
      <trkpt lat="45.878336" lon="3.015917"><ele>657.8</ele></trkpt>
      <trkpt lat="45.878989" lon="3.016220"><ele>665.8</ele></trkpt>
      <trkpt lat="45.879358" lon="3.016284"><ele>669.4</ele></trkpt>
      <trkpt lat="45.879731" lon="3.016190"><ele>671.8</ele></trkpt>
      <trkpt lat="45.879832" lon="3.015981"><ele>676.0</ele></trkpt>
      <trkpt lat="45.879755" lon="3.015711"><ele>678.8</ele></trkpt>
      <trkpt lat="45.879296" lon="3.015119"><ele>677.8</ele></trkpt>
      <trkpt lat="45.879226" lon="3.013925"><ele>691.2</ele></trkpt>
      <trkpt lat="45.879974" lon="3.010970"><ele>720.6</ele></trkpt>
      <trkpt lat="45.878097" lon="3.007809"><ele>711.4</ele></trkpt>
      <trkpt lat="45.877253" lon="3.006782"><ele>703.4</ele></trkpt>
      <trkpt lat="45.877137" lon="3.005219"><ele>700.0</ele></trkpt>
      <trkpt lat="45.876997" lon="3.004481"><ele>701.6</ele></trkpt>
      <trkpt lat="45.876012" lon="3.002915"><ele>702.2</ele></trkpt>
      <trkpt lat="45.875993" lon="3.001502"><ele>715.8</ele></trkpt>
      <trkpt lat="45.875840" lon="3.001044"><ele>719.6</ele></trkpt>
      <trkpt lat="45.875599" lon="2.999658"><ele>737.4</ele></trkpt>
      <trkpt lat="45.875630" lon="2.999455"><ele>740.0</ele></trkpt>
      <trkpt lat="45.875337" lon="2.998958"><ele>741.4</ele></trkpt>
      <trkpt lat="45.875584" lon="2.998752"><ele>745.4</ele></trkpt>
      <trkpt lat="45.876098" lon="2.997255"><ele>750.4</ele></trkpt>
      <trkpt lat="45.876040" lon="2.995847"><ele>760.0</ele></trkpt>
      <trkpt lat="45.876189" lon="2.995254"><ele>758.6</ele></trkpt>
      <trkpt lat="45.876170" lon="2.994619"><ele>761.4</ele></trkpt>
      <trkpt lat="45.876383" lon="2.993073"><ele>766.0</ele></trkpt>
      <trkpt lat="45.876403" lon="2.992188"><ele>766.6</ele></trkpt>
      <trkpt lat="45.876579" lon="2.991053"><ele>763.8</ele></trkpt>
      <trkpt lat="45.876958" lon="2.989959"><ele>760.4</ele></trkpt>
      <trkpt lat="45.877171" lon="2.988474"><ele>761.0</ele></trkpt>
      <trkpt lat="45.877469" lon="2.985897"><ele>765.6</ele></trkpt>
      <trkpt lat="45.877563" lon="2.983976"><ele>773.2</ele></trkpt>
      <trkpt lat="45.877534" lon="2.982813"><ele>781.8</ele></trkpt>
      <trkpt lat="45.877579" lon="2.982684"><ele>782.6</ele></trkpt>
      <trkpt lat="45.877769" lon="2.982736"><ele>783.4</ele></trkpt>
      <trkpt lat="45.878072" lon="2.982437"><ele>789.0</ele></trkpt>
      <trkpt lat="45.878077" lon="2.982129"><ele>791.0</ele></trkpt>
      <trkpt lat="45.877943" lon="2.981590"><ele>794.0</ele></trkpt>
      <trkpt lat="45.877996" lon="2.981403"><ele>797.0</ele></trkpt>
      <trkpt lat="45.877621" lon="2.980945"><ele>797.4</ele></trkpt>
      <trkpt lat="45.877289" lon="2.980745"><ele>794.6</ele></trkpt>
      <trkpt lat="45.876700" lon="2.980925"><ele>796.2</ele></trkpt>
      <trkpt lat="45.875723" lon="2.980910"><ele>804.4</ele></trkpt>
      <trkpt lat="45.875655" lon="2.981523"><ele>807.0</ele></trkpt>
      <trkpt lat="45.875365" lon="2.982205"><ele>806.8</ele></trkpt>
      <trkpt lat="45.875205" lon="2.982223"><ele>808.4</ele></trkpt>
      <trkpt lat="45.875187" lon="2.982472"><ele>807.6</ele></trkpt>
      <trkpt lat="45.874902" lon="2.982845"><ele>805.4</ele></trkpt>
      <trkpt lat="45.873619" lon="2.983897"><ele>802.4</ele></trkpt>
      <trkpt lat="45.872847" lon="2.985700"><ele>794.2</ele></trkpt>
      <trkpt lat="45.872241" lon="2.984939"><ele>798.0</ele></trkpt>
      <trkpt lat="45.871862" lon="2.984946"><ele>801.4</ele></trkpt>
      <trkpt lat="45.871047" lon="2.984577"><ele>809.6</ele></trkpt>
      <trkpt lat="45.870572" lon="2.984284"><ele>811.8</ele></trkpt>
      <trkpt lat="45.870216" lon="2.983885"><ele>811.6</ele></trkpt>
      <trkpt lat="45.869779" lon="2.983641"><ele>811.6</ele></trkpt>
      <trkpt lat="45.869196" lon="2.983813"><ele>813.8</ele></trkpt>
      <trkpt lat="45.868941" lon="2.983701"><ele>815.2</ele></trkpt>
      <trkpt lat="45.868727" lon="2.983523"><ele>816.0</ele></trkpt>
      <trkpt lat="45.868540" lon="2.983206"><ele>817.0</ele></trkpt>
      <trkpt lat="45.868399" lon="2.983366"><ele>817.0</ele></trkpt>
      <trkpt lat="45.868089" lon="2.983401"><ele>819.2</ele></trkpt>
      <trkpt lat="45.867931" lon="2.983606"><ele>820.4</ele></trkpt>
      <trkpt lat="45.867664" lon="2.984112"><ele>825.0</ele></trkpt>
      <trkpt lat="45.867590" lon="2.984530"><ele>825.2</ele></trkpt>
      <trkpt lat="45.867478" lon="2.984673"><ele>826.0</ele></trkpt>
      <trkpt lat="45.867348" lon="2.985114"><ele>825.0</ele></trkpt>
      <trkpt lat="45.866372" lon="2.986539"><ele>849.0</ele></trkpt>
      <trkpt lat="45.866263" lon="2.986489"><ele>851.8</ele></trkpt>
      <trkpt lat="45.866089" lon="2.986641"><ele>854.4</ele></trkpt>
      <trkpt lat="45.865748" lon="2.986652"><ele>861.6</ele></trkpt>
      <trkpt lat="45.865189" lon="2.986519"><ele>870.2</ele></trkpt>
      <trkpt lat="45.864933" lon="2.986356"><ele>874.6</ele></trkpt>
      <trkpt lat="45.863827" lon="2.986376"><ele>890.8</ele></trkpt>
      <trkpt lat="45.863629" lon="2.986500"><ele>893.0</ele></trkpt>
      <trkpt lat="45.863533" lon="2.986862"><ele>891.6</ele></trkpt>
      <trkpt lat="45.863330" lon="2.987178"><ele>897.8</ele></trkpt>
      <trkpt lat="45.863039" lon="2.987312"><ele>909.0</ele></trkpt>
      <trkpt lat="45.862796" lon="2.987298"><ele>919.6</ele></trkpt>
      <trkpt lat="45.862482" lon="2.986635"><ele>934.0</ele></trkpt>
      <trkpt lat="45.862276" lon="2.986533"><ele>935.4</ele></trkpt>
      <trkpt lat="45.861692" lon="2.985835"><ele>932.6</ele></trkpt>
      <trkpt lat="45.860418" lon="2.985455"><ele>928.2</ele></trkpt>
      <trkpt lat="45.860189" lon="2.985561"><ele>933.6</ele></trkpt>
      <trkpt lat="45.860039" lon="2.985811"><ele>937.2</ele></trkpt>
      <trkpt lat="45.860082" lon="2.986311"><ele>936.4</ele></trkpt>
      <trkpt lat="45.860194" lon="2.986613"><ele>940.0</ele></trkpt>
      <trkpt lat="45.859962" lon="2.987045"><ele>946.2</ele></trkpt>
      <trkpt lat="45.859653" lon="2.987261"><ele>953.6</ele></trkpt>
      <trkpt lat="45.859064" lon="2.987161"><ele>952.6</ele></trkpt>
      <trkpt lat="45.859113" lon="2.986549"><ele>953.6</ele></trkpt>
      <trkpt lat="45.858796" lon="2.984948"><ele>961.2</ele></trkpt>
      <trkpt lat="45.858528" lon="2.984016"><ele>952.4</ele></trkpt>
      <trkpt lat="45.858111" lon="2.983292"><ele>940.0</ele></trkpt>
      <trkpt lat="45.857950" lon="2.982731"><ele>930.6</ele></trkpt>
      <trkpt lat="45.857981" lon="2.982125"><ele>924.0</ele></trkpt>
      <trkpt lat="45.858402" lon="2.981717"><ele>930.4</ele></trkpt>
      <trkpt lat="45.858523" lon="2.981425"><ele>926.8</ele></trkpt>
      <trkpt lat="45.858691" lon="2.981252"><ele>924.0</ele></trkpt>
      <trkpt lat="45.858694" lon="2.980906"><ele>914.0</ele></trkpt>
      <trkpt lat="45.858566" lon="2.980584"><ele>903.8</ele></trkpt>
      <trkpt lat="45.858174" lon="2.980315"><ele>898.2</ele></trkpt>
      <trkpt lat="45.857355" lon="2.980286"><ele>889.4</ele></trkpt>
      <trkpt lat="45.857291" lon="2.980136"><ele>888.0</ele></trkpt>
      <trkpt lat="45.857630" lon="2.979401"><ele>886.6</ele></trkpt>
      <trkpt lat="45.858147" lon="2.978884"><ele>886.0</ele></trkpt>
      <trkpt lat="45.858435" lon="2.976885"><ele>877.6</ele></trkpt>
      <trkpt lat="45.858571" lon="2.976483"><ele>874.8</ele></trkpt>
      <trkpt lat="45.858858" lon="2.976176"><ele>874.0</ele></trkpt>
      <trkpt lat="45.859065" lon="2.975748"><ele>873.6</ele></trkpt>
      <trkpt lat="45.859167" lon="2.974743"><ele>868.4</ele></trkpt>
      <trkpt lat="45.859156" lon="2.973935"><ele>867.4</ele></trkpt>
      <trkpt lat="45.859241" lon="2.973631"><ele>866.2</ele></trkpt>
      <trkpt lat="45.859786" lon="2.973354"><ele>866.0</ele></trkpt>
      <trkpt lat="45.859955" lon="2.972886"><ele>867.6</ele></trkpt>
      <trkpt lat="45.860137" lon="2.972654"><ele>868.8</ele></trkpt>
      <trkpt lat="45.860271" lon="2.972197"><ele>869.8</ele></trkpt>
      <trkpt lat="45.861039" lon="2.970922"><ele>862.2</ele></trkpt>
      <trkpt lat="45.861126" lon="2.970464"><ele>862.0</ele></trkpt>
      <trkpt lat="45.861855" lon="2.970012"><ele>857.2</ele></trkpt>
      <trkpt lat="45.862347" lon="2.969194"><ele>859.2</ele></trkpt>
      <trkpt lat="45.862837" lon="2.968803"><ele>855.4</ele></trkpt>
      <trkpt lat="45.863087" lon="2.968372"><ele>853.0</ele></trkpt>
      <trkpt lat="45.863575" lon="2.968018"><ele>851.8</ele></trkpt>
      <trkpt lat="45.863827" lon="2.967962"><ele>852.0</ele></trkpt>
      <trkpt lat="45.865105" lon="2.968673"><ele>847.8</ele></trkpt>
      <trkpt lat="45.865241" lon="2.968662"><ele>849.2</ele></trkpt>
      <trkpt lat="45.865719" lon="2.967394"><ele>850.8</ele></trkpt>
      <trkpt lat="45.865984" lon="2.966981"><ele>848.8</ele></trkpt>
      <trkpt lat="45.865551" lon="2.967063"><ele>851.8</ele></trkpt>
      <trkpt lat="45.864747" lon="2.966762"><ele>856.6</ele></trkpt>
      <trkpt lat="45.864410" lon="2.966154"><ele>861.6</ele></trkpt>
      <trkpt lat="45.864240" lon="2.966009"><ele>862.6</ele></trkpt>
      <trkpt lat="45.864121" lon="2.965451"><ele>865.6</ele></trkpt>
      <trkpt lat="45.863605" lon="2.965239"><ele>868.0</ele></trkpt>
      <trkpt lat="45.863124" lon="2.964859"><ele>873.0</ele></trkpt>
      <trkpt lat="45.862926" lon="2.964362"><ele>877.4</ele></trkpt>
      <trkpt lat="45.862531" lon="2.963723"><ele>887.8</ele></trkpt>
      <trkpt lat="45.862078" lon="2.963415"><ele>894.0</ele></trkpt>
      <trkpt lat="45.861841" lon="2.962901"><ele>898.4</ele></trkpt>
      <trkpt lat="45.861338" lon="2.962330"><ele>899.4</ele></trkpt>
      <trkpt lat="45.860884" lon="2.961638"><ele>901.2</ele></trkpt>
      <trkpt lat="45.860444" lon="2.960659"><ele>906.6</ele></trkpt>
      <trkpt lat="45.859782" lon="2.959594"><ele>917.4</ele></trkpt>
      <trkpt lat="45.859478" lon="2.958569"><ele>924.8</ele></trkpt>
      <trkpt lat="45.859230" lon="2.958253"><ele>926.4</ele></trkpt>
      <trkpt lat="45.857792" lon="2.957799"><ele>953.0</ele></trkpt>
      <trkpt lat="45.856715" lon="2.957931"><ele>966.4</ele></trkpt>
      <trkpt lat="45.855692" lon="2.958192"><ele>978.4</ele></trkpt>
      <trkpt lat="45.855306" lon="2.957965"><ele>984.2</ele></trkpt>
      <trkpt lat="45.854836" lon="2.957912"><ele>990.8</ele></trkpt>
      <trkpt lat="45.854191" lon="2.957244"><ele>1006.2</ele></trkpt>
      <trkpt lat="45.852799" lon="2.957432"><ele>1023.0</ele></trkpt>
      <trkpt lat="45.853218" lon="2.956605"><ele>1028.8</ele></trkpt>
      <trkpt lat="45.853745" lon="2.955851"><ele>1037.6</ele></trkpt>
      <trkpt lat="45.854808" lon="2.955374"><ele>1029.0</ele></trkpt>
      <trkpt lat="45.855137" lon="2.954392"><ele>1036.2</ele></trkpt>
      <trkpt lat="45.855236" lon="2.952856"><ele>1062.0</ele></trkpt>
      <trkpt lat="45.855134" lon="2.952256"><ele>1076.8</ele></trkpt>
      <trkpt lat="45.855014" lon="2.952057"><ele>1086.8</ele></trkpt>
      <trkpt lat="45.854925" lon="2.951639"><ele>1099.6</ele></trkpt>
      <trkpt lat="45.855081" lon="2.951198"><ele>1101.4</ele></trkpt>
      <trkpt lat="45.855030" lon="2.950611"><ele>1111.2</ele></trkpt>
      <trkpt lat="45.855118" lon="2.950379"><ele>1107.0</ele></trkpt>
      <trkpt lat="45.855003" lon="2.950134"><ele>1115.0</ele></trkpt>
      <trkpt lat="45.855068" lon="2.949852"><ele>1112.8</ele></trkpt>
      <trkpt lat="45.854991" lon="2.949579"><ele>1118.8</ele></trkpt>
      <trkpt lat="45.854988" lon="2.948813"><ele>1119.0</ele></trkpt>
      <trkpt lat="45.854755" lon="2.948232"><ele>1126.6</ele></trkpt>
      <trkpt lat="45.854893" lon="2.947472"><ele>1105.0</ele></trkpt>
      <trkpt lat="45.854376" lon="2.946635"><ele>1104.8</ele></trkpt>
      <trkpt lat="45.853598" lon="2.945753"><ele>1113.4</ele></trkpt>
      <trkpt lat="45.853300" lon="2.945508"><ele>1115.4</ele></trkpt>
      <trkpt lat="45.852901" lon="2.945483"><ele>1117.8</ele></trkpt>
      <trkpt lat="45.852830" lon="2.945658"><ele>1119.0</ele></trkpt>
      <trkpt lat="45.853129" lon="2.946276"><ele>1127.6</ele></trkpt>
      <trkpt lat="45.853394" lon="2.946471"><ele>1130.8</ele></trkpt>
      <trkpt lat="45.853759" lon="2.947501"><ele>1144.8</ele></trkpt>
      <trkpt lat="45.853717" lon="2.947666"><ele>1146.6</ele></trkpt>
      <trkpt lat="45.853815" lon="2.948301"><ele>1153.0</ele></trkpt>
      <trkpt lat="45.853589" lon="2.948825"><ele>1157.2</ele></trkpt>
      <trkpt lat="45.853682" lon="2.948941"><ele>1162.0</ele></trkpt>
      <trkpt lat="45.853683" lon="2.949326"><ele>1169.0</ele></trkpt>
      <trkpt lat="45.853539" lon="2.949924"><ele>1175.4</ele></trkpt>
      <trkpt lat="45.852854" lon="2.950877"><ele>1186.4</ele></trkpt>
      <trkpt lat="45.852150" lon="2.951321"><ele>1177.4</ele></trkpt>
      <trkpt lat="45.851583" lon="2.951224"><ele>1159.6</ele></trkpt>
      <trkpt lat="45.851417" lon="2.951023"><ele>1153.8</ele></trkpt>
      <trkpt lat="45.851234" lon="2.950577"><ele>1144.2</ele></trkpt>
      <trkpt lat="45.850942" lon="2.950772"><ele>1135.4</ele></trkpt>
      <trkpt lat="45.850486" lon="2.950743"><ele>1120.0</ele></trkpt>
      <trkpt lat="45.850312" lon="2.950314"><ele>1115.8</ele></trkpt>
      <trkpt lat="45.850167" lon="2.950234"><ele>1109.6</ele></trkpt>
      <trkpt lat="45.850024" lon="2.949989"><ele>1104.8</ele></trkpt>
      <trkpt lat="45.849951" lon="2.949554"><ele>1106.4</ele></trkpt>
      <trkpt lat="45.849646" lon="2.949017"><ele>1094.2</ele></trkpt>
      <trkpt lat="45.849382" lon="2.946754"><ele>1074.8</ele></trkpt>
      <trkpt lat="45.849430" lon="2.946118"><ele>1072.8</ele></trkpt>
      <trkpt lat="45.849632" lon="2.945885"><ele>1072.0</ele></trkpt>
      <trkpt lat="45.849823" lon="2.945223"><ele>1066.0</ele></trkpt>
      <trkpt lat="45.850254" lon="2.944773"><ele>1055.8</ele></trkpt>
      <trkpt lat="45.850637" lon="2.944553"><ele>1046.0</ele></trkpt>
      <trkpt lat="45.850775" lon="2.944145"><ele>1037.4</ele></trkpt>
      <trkpt lat="45.850553" lon="2.944064"><ele>1038.0</ele></trkpt>
      <trkpt lat="45.850045" lon="2.943246"><ele>1019.4</ele></trkpt>
      <trkpt lat="45.848956" lon="2.942530"><ele>1002.6</ele></trkpt>
      <trkpt lat="45.848792" lon="2.942211"><ele>994.2</ele></trkpt>
      <trkpt lat="45.848498" lon="2.942084"><ele>989.0</ele></trkpt>
      <trkpt lat="45.848195" lon="2.941676"><ele>978.8</ele></trkpt>
      <trkpt lat="45.848007" lon="2.941658"><ele>977.0</ele></trkpt>
      <trkpt lat="45.847751" lon="2.942197"><ele>980.4</ele></trkpt>
      <trkpt lat="45.847482" lon="2.942279"><ele>980.2</ele></trkpt>
      <trkpt lat="45.847062" lon="2.941720"><ele>968.0</ele></trkpt>
      <trkpt lat="45.846808" lon="2.941594"><ele>965.4</ele></trkpt>
      <trkpt lat="45.846188" lon="2.941619"><ele>958.4</ele></trkpt>
      <trkpt lat="45.845939" lon="2.941538"><ele>954.2</ele></trkpt>
      <trkpt lat="45.845260" lon="2.941005"><ele>950.2</ele></trkpt>
      <trkpt lat="45.844123" lon="2.940384"><ele>948.4</ele></trkpt>
      <trkpt lat="45.843797" lon="2.939183"><ele>948.0</ele></trkpt>
      <trkpt lat="45.843610" lon="2.938077"><ele>943.6</ele></trkpt>
      <trkpt lat="45.843312" lon="2.937054"><ele>938.0</ele></trkpt>
      <trkpt lat="45.843302" lon="2.935364"><ele>934.8</ele></trkpt>
      <trkpt lat="45.842949" lon="2.933414"><ele>926.6</ele></trkpt>
      <trkpt lat="45.842058" lon="2.930712"><ele>904.4</ele></trkpt>
      <trkpt lat="45.841433" lon="2.929795"><ele>892.8</ele></trkpt>
      <trkpt lat="45.840860" lon="2.929813"><ele>895.4</ele></trkpt>
      <trkpt lat="45.840518" lon="2.930025"><ele>898.4</ele></trkpt>
      <trkpt lat="45.838747" lon="2.930616"><ele>906.4</ele></trkpt>
      <trkpt lat="45.838201" lon="2.930992"><ele>911.0</ele></trkpt>
      <trkpt lat="45.837895" lon="2.931733"><ele>908.4</ele></trkpt>
      <trkpt lat="45.837785" lon="2.932586"><ele>907.6</ele></trkpt>
      <trkpt lat="45.837641" lon="2.933051"><ele>908.4</ele></trkpt>
      <trkpt lat="45.837135" lon="2.933734"><ele>913.4</ele></trkpt>
      <trkpt lat="45.836983" lon="2.934216"><ele>919.6</ele></trkpt>
      <trkpt lat="45.836661" lon="2.934470"><ele>921.6</ele></trkpt>
      <trkpt lat="45.836043" lon="2.935319"><ele>924.8</ele></trkpt>
      <trkpt lat="45.835679" lon="2.936268"><ele>932.8</ele></trkpt>
      <trkpt lat="45.835628" lon="2.936651"><ele>933.0</ele></trkpt>
      <trkpt lat="45.835469" lon="2.937075"><ele>934.6</ele></trkpt>
      <trkpt lat="45.834684" lon="2.938681"><ele>938.4</ele></trkpt>
      <trkpt lat="45.834160" lon="2.939176"><ele>939.8</ele></trkpt>
      <trkpt lat="45.833680" lon="2.939080"><ele>943.8</ele></trkpt>
      <trkpt lat="45.833267" lon="2.939277"><ele>946.2</ele></trkpt>
      <trkpt lat="45.832150" lon="2.940472"><ele>952.0</ele></trkpt>
      <trkpt lat="45.830515" lon="2.942588"><ele>961.4</ele></trkpt>
      <trkpt lat="45.829262" lon="2.943530"><ele>969.8</ele></trkpt>
      <trkpt lat="45.828680" lon="2.943769"><ele>974.2</ele></trkpt>
      <trkpt lat="45.828296" lon="2.943680"><ele>977.0</ele></trkpt>
      <trkpt lat="45.827854" lon="2.944135"><ele>981.8</ele></trkpt>
      <trkpt lat="45.827177" lon="2.944453"><ele>982.6</ele></trkpt>
      <trkpt lat="45.826175" lon="2.944350"><ele>984.6</ele></trkpt>
      <trkpt lat="45.825695" lon="2.944538"><ele>987.8</ele></trkpt>
      <trkpt lat="45.825093" lon="2.944610"><ele>989.2</ele></trkpt>
      <trkpt lat="45.824347" lon="2.944941"><ele>989.4</ele></trkpt>
      <trkpt lat="45.824006" lon="2.945210"><ele>988.0</ele></trkpt>
      <trkpt lat="45.823759" lon="2.945253"><ele>987.4</ele></trkpt>
      <trkpt lat="45.823412" lon="2.945519"><ele>989.6</ele></trkpt>
      <trkpt lat="45.823520" lon="2.945495"><ele>989.6</ele></trkpt>
      <trkpt lat="45.823389" lon="2.945444"><ele>988.6</ele></trkpt>
      <trkpt lat="45.823174" lon="2.945544"><ele>990.0</ele></trkpt>
      <trkpt lat="45.823160" lon="2.945632"><ele>991.4</ele></trkpt>
      <trkpt lat="45.821818" lon="2.946635"><ele>986.4</ele></trkpt>
      <trkpt lat="45.820992" lon="2.947440"><ele>981.6</ele></trkpt>
      <trkpt lat="45.819648" lon="2.949628"><ele>974.4</ele></trkpt>
      <trkpt lat="45.818789" lon="2.950257"><ele>968.0</ele></trkpt>
      <trkpt lat="45.818450" lon="2.950411"><ele>967.0</ele></trkpt>
      <trkpt lat="45.818000" lon="2.950057"><ele>968.8</ele></trkpt>
      <trkpt lat="45.816946" lon="2.950057"><ele>969.2</ele></trkpt>
      <trkpt lat="45.816500" lon="2.949870"><ele>967.0</ele></trkpt>
      <trkpt lat="45.816318" lon="2.949681"><ele>967.0</ele></trkpt>
      <trkpt lat="45.816230" lon="2.948812"><ele>968.2</ele></trkpt>
      <trkpt lat="45.816258" lon="2.948737"><ele>968.4</ele></trkpt>
      <trkpt lat="45.816365" lon="2.948817"><ele>969.2</ele></trkpt>
      <trkpt lat="45.816436" lon="2.949174"><ele>969.2</ele></trkpt>
      <trkpt lat="45.816678" lon="2.949685"><ele>969.8</ele></trkpt>
      <trkpt lat="45.816773" lon="2.949433"><ele>971.6</ele></trkpt>
      <trkpt lat="45.816830" lon="2.948859"><ele>972.2</ele></trkpt>
      <trkpt lat="45.816926" lon="2.948743"><ele>970.2</ele></trkpt>
      <trkpt lat="45.817210" lon="2.948641"><ele>965.2</ele></trkpt>
      <trkpt lat="45.817524" lon="2.948992"><ele>964.8</ele></trkpt>
      <trkpt lat="45.817746" lon="2.949107"><ele>965.6</ele></trkpt>
      <trkpt lat="45.818672" lon="2.948806"><ele>961.4</ele></trkpt>
      <trkpt lat="45.819099" lon="2.948520"><ele>963.2</ele></trkpt>
      <trkpt lat="45.819211" lon="2.948277"><ele>965.2</ele></trkpt>
      <trkpt lat="45.819183" lon="2.947892"><ele>962.4</ele></trkpt>
      <trkpt lat="45.819340" lon="2.947554"><ele>966.4</ele></trkpt>
      <trkpt lat="45.819336" lon="2.947293"><ele>967.2</ele></trkpt>
      <trkpt lat="45.819087" lon="2.946221"><ele>973.4</ele></trkpt>
      <trkpt lat="45.818653" lon="2.945175"><ele>975.6</ele></trkpt>
      <trkpt lat="45.818527" lon="2.945122"><ele>974.6</ele></trkpt>
      <trkpt lat="45.818134" lon="2.945305"><ele>970.4</ele></trkpt>
      <trkpt lat="45.817903" lon="2.945181"><ele>974.8</ele></trkpt>
      <trkpt lat="45.817574" lon="2.945962"><ele>970.0</ele></trkpt>
      <trkpt lat="45.817255" lon="2.945834"><ele>973.2</ele></trkpt>
      <trkpt lat="45.816465" lon="2.946604"><ele>966.6</ele></trkpt>
      <trkpt lat="45.816250" lon="2.946586"><ele>966.6</ele></trkpt>
      <trkpt lat="45.815990" lon="2.946389"><ele>966.6</ele></trkpt>
      <trkpt lat="45.815749" lon="2.946762"><ele>966.0</ele></trkpt>
      <trkpt lat="45.815737" lon="2.946164"><ele>966.4</ele></trkpt>
      <trkpt lat="45.815831" lon="2.946218"><ele>966.6</ele></trkpt>
      <trkpt lat="45.815590" lon="2.946595"><ele>965.8</ele></trkpt>
      <trkpt lat="45.815640" lon="2.946463"><ele>966.0</ele></trkpt>
      <trkpt lat="45.815610" lon="2.946591"><ele>965.8</ele></trkpt>
      <trkpt lat="45.815832" lon="2.946704"><ele>966.0</ele></trkpt>
      <trkpt lat="45.815772" lon="2.947167"><ele>967.0</ele></trkpt>
      <trkpt lat="45.816243" lon="2.948108"><ele>968.4</ele></trkpt>
      <trkpt lat="45.816204" lon="2.949115"><ele>968.0</ele></trkpt>
      <trkpt lat="45.815843" lon="2.949252"><ele>969.8</ele></trkpt>
      <trkpt lat="45.814959" lon="2.951215"><ele>959.4</ele></trkpt>
      <trkpt lat="45.814820" lon="2.952467"><ele>963.2</ele></trkpt>
      <trkpt lat="45.814344" lon="2.952560"><ele>960.0</ele></trkpt>
      <trkpt lat="45.814357" lon="2.952902"><ele>960.4</ele></trkpt>
      <trkpt lat="45.814270" lon="2.953177"><ele>960.0</ele></trkpt>
      <trkpt lat="45.814129" lon="2.953197"><ele>959.0</ele></trkpt>
      <trkpt lat="45.813276" lon="2.952575"><ele>963.4</ele></trkpt>
      <trkpt lat="45.813089" lon="2.952536"><ele>964.8</ele></trkpt>
      <trkpt lat="45.812770" lon="2.951694"><ele>960.6</ele></trkpt>
      <trkpt lat="45.811861" lon="2.950884"><ele>966.8</ele></trkpt>
      <trkpt lat="45.811453" lon="2.950724"><ele>964.4</ele></trkpt>
      <trkpt lat="45.809207" lon="2.951128"><ele>966.4</ele></trkpt>
      <trkpt lat="45.808500" lon="2.950863"><ele>964.6</ele></trkpt>
      <trkpt lat="45.808108" lon="2.950828"><ele>964.2</ele></trkpt>
      <trkpt lat="45.807464" lon="2.950548"><ele>960.0</ele></trkpt>
      <trkpt lat="45.805171" lon="2.949995"><ele>955.0</ele></trkpt>
      <trkpt lat="45.804574" lon="2.950390"><ele>957.2</ele></trkpt>
      <trkpt lat="45.804059" lon="2.950503"><ele>961.4</ele></trkpt>
      <trkpt lat="45.803622" lon="2.950869"><ele>972.2</ele></trkpt>
      <trkpt lat="45.803404" lon="2.951211"><ele>976.2</ele></trkpt>
      <trkpt lat="45.803048" lon="2.951050"><ele>980.0</ele></trkpt>
      <trkpt lat="45.802401" lon="2.951264"><ele>985.6</ele></trkpt>
      <trkpt lat="45.801847" lon="2.951198"><ele>992.0</ele></trkpt>
      <trkpt lat="45.801473" lon="2.951281"><ele>995.0</ele></trkpt>
      <trkpt lat="45.801076" lon="2.951187"><ele>996.8</ele></trkpt>
      <trkpt lat="45.800904" lon="2.951297"><ele>998.0</ele></trkpt>
      <trkpt lat="45.800612" lon="2.950972"><ele>999.0</ele></trkpt>
      <trkpt lat="45.799653" lon="2.950848"><ele>1009.0</ele></trkpt>
      <trkpt lat="45.799422" lon="2.950442"><ele>1011.6</ele></trkpt>
      <trkpt lat="45.799082" lon="2.950197"><ele>1016.2</ele></trkpt>
      <trkpt lat="45.799027" lon="2.949982"><ele>1019.4</ele></trkpt>
      <trkpt lat="45.798868" lon="2.949952"><ele>1021.2</ele></trkpt>
      <trkpt lat="45.798476" lon="2.950005"><ele>1021.6</ele></trkpt>
      <trkpt lat="45.798253" lon="2.950302"><ele>1015.8</ele></trkpt>
      <trkpt lat="45.797813" lon="2.950169"><ele>1018.4</ele></trkpt>
      <trkpt lat="45.797521" lon="2.950362"><ele>1015.2</ele></trkpt>
      <trkpt lat="45.796551" lon="2.950447"><ele>1014.4</ele></trkpt>
      <trkpt lat="45.796037" lon="2.950660"><ele>1013.6</ele></trkpt>
      <trkpt lat="45.795969" lon="2.950897"><ele>1013.6</ele></trkpt>
      <trkpt lat="45.796684" lon="2.952046"><ele>1006.8</ele></trkpt>
      <trkpt lat="45.797512" lon="2.952829"><ele>1003.8</ele></trkpt>
      <trkpt lat="45.797760" lon="2.952900"><ele>1004.0</ele></trkpt>
      <trkpt lat="45.797997" lon="2.953665"><ele>1005.6</ele></trkpt>
      <trkpt lat="45.798348" lon="2.953905"><ele>1004.8</ele></trkpt>
      <trkpt lat="45.798514" lon="2.954175"><ele>1004.8</ele></trkpt>
      <trkpt lat="45.799054" lon="2.954533"><ele>1004.2</ele></trkpt>
      <trkpt lat="45.799110" lon="2.954782"><ele>1005.6</ele></trkpt>
      <trkpt lat="45.799828" lon="2.955956"><ele>1013.0</ele></trkpt>
      <trkpt lat="45.800030" lon="2.956520"><ele>1015.0</ele></trkpt>
      <trkpt lat="45.800159" lon="2.957600"><ele>1018.2</ele></trkpt>
      <trkpt lat="45.800161" lon="2.958293"><ele>1022.8</ele></trkpt>
      <trkpt lat="45.800318" lon="2.958898"><ele>1023.8</ele></trkpt>
      <trkpt lat="45.800220" lon="2.959830"><ele>1030.4</ele></trkpt>
      <trkpt lat="45.800270" lon="2.960245"><ele>1033.2</ele></trkpt>
      <trkpt lat="45.800147" lon="2.961323"><ele>1038.6</ele></trkpt>
      <trkpt lat="45.799977" lon="2.961632"><ele>1041.0</ele></trkpt>
      <trkpt lat="45.799982" lon="2.962367"><ele>1043.0</ele></trkpt>
      <trkpt lat="45.799890" lon="2.962805"><ele>1047.4</ele></trkpt>
      <trkpt lat="45.799744" lon="2.962968"><ele>1050.8</ele></trkpt>
      <trkpt lat="45.799623" lon="2.963763"><ele>1054.8</ele></trkpt>
      <trkpt lat="45.799284" lon="2.964363"><ele>1058.8</ele></trkpt>
      <trkpt lat="45.798690" lon="2.964447"><ele>1070.6</ele></trkpt>
      <trkpt lat="45.798405" lon="2.964201"><ele>1072.0</ele></trkpt>
      <trkpt lat="45.797707" lon="2.964188"><ele>1079.0</ele></trkpt>
      <trkpt lat="45.797538" lon="2.964025"><ele>1080.8</ele></trkpt>
      <trkpt lat="45.797105" lon="2.964191"><ele>1079.4</ele></trkpt>
      <trkpt lat="45.796393" lon="2.964218"><ele>1081.0</ele></trkpt>
      <trkpt lat="45.795903" lon="2.964412"><ele>1079.2</ele></trkpt>
      <trkpt lat="45.795340" lon="2.964804"><ele>1077.6</ele></trkpt>
      <trkpt lat="45.794734" lon="2.965405"><ele>1071.2</ele></trkpt>
      <trkpt lat="45.794436" lon="2.965891"><ele>1068.0</ele></trkpt>
      <trkpt lat="45.793637" lon="2.967695"><ele>1080.2</ele></trkpt>
      <trkpt lat="45.793246" lon="2.968798"><ele>1090.6</ele></trkpt>
      <trkpt lat="45.792974" lon="2.970185"><ele>1075.0</ele></trkpt>
      <trkpt lat="45.792730" lon="2.970888"><ele>1063.2</ele></trkpt>
      <trkpt lat="45.792472" lon="2.972509"><ele>1037.0</ele></trkpt>
      <trkpt lat="45.792455" lon="2.973132"><ele>1026.2</ele></trkpt>
      <trkpt lat="45.792312" lon="2.974086"><ele>1015.6</ele></trkpt>
      <trkpt lat="45.792304" lon="2.977550"><ele>975.8</ele></trkpt>
      <trkpt lat="45.792189" lon="2.977884"><ele>972.4</ele></trkpt>
      <trkpt lat="45.791361" lon="2.979304"><ele>963.0</ele></trkpt>
      <trkpt lat="45.791303" lon="2.979889"><ele>958.2</ele></trkpt>
      <trkpt lat="45.791550" lon="2.980486"><ele>954.8</ele></trkpt>
      <trkpt lat="45.792260" lon="2.981290"><ele>955.2</ele></trkpt>
      <trkpt lat="45.793213" lon="2.982804"><ele>952.6</ele></trkpt>
      <trkpt lat="45.793718" lon="2.984458"><ele>948.0</ele></trkpt>
      <trkpt lat="45.794411" lon="2.986021"><ele>947.2</ele></trkpt>
      <trkpt lat="45.794529" lon="2.986487"><ele>947.2</ele></trkpt>
      <trkpt lat="45.795360" lon="2.987019"><ele>947.4</ele></trkpt>
      <trkpt lat="45.795818" lon="2.987503"><ele>948.2</ele></trkpt>
      <trkpt lat="45.794896" lon="2.989833"><ele>940.0</ele></trkpt>
      <trkpt lat="45.794793" lon="2.990540"><ele>939.6</ele></trkpt>
      <trkpt lat="45.794469" lon="2.990923"><ele>938.0</ele></trkpt>
      <trkpt lat="45.794369" lon="2.991231"><ele>938.0</ele></trkpt>
      <trkpt lat="45.794144" lon="2.991518"><ele>938.0</ele></trkpt>
      <trkpt lat="45.793510" lon="2.992136"><ele>934.4</ele></trkpt>
      <trkpt lat="45.793181" lon="2.993225"><ele>930.0</ele></trkpt>
      <trkpt lat="45.793069" lon="2.993364"><ele>929.6</ele></trkpt>
      <trkpt lat="45.792758" lon="2.993482"><ele>929.4</ele></trkpt>
      <trkpt lat="45.792586" lon="2.993713"><ele>929.2</ele></trkpt>
      <trkpt lat="45.792369" lon="2.994455"><ele>927.2</ele></trkpt>
      <trkpt lat="45.792352" lon="2.995250"><ele>925.8</ele></trkpt>
      <trkpt lat="45.792287" lon="2.995468"><ele>926.2</ele></trkpt>
      <trkpt lat="45.792154" lon="2.995576"><ele>927.0</ele></trkpt>
      <trkpt lat="45.791769" lon="2.995535"><ele>926.6</ele></trkpt>
      <trkpt lat="45.791395" lon="2.995818"><ele>922.0</ele></trkpt>
      <trkpt lat="45.791303" lon="2.996643"><ele>916.4</ele></trkpt>
      <trkpt lat="45.791177" lon="2.996984"><ele>913.4</ele></trkpt>
      <trkpt lat="45.790555" lon="2.996547"><ele>914.2</ele></trkpt>
      <trkpt lat="45.790386" lon="2.996694"><ele>914.4</ele></trkpt>
      <trkpt lat="45.790190" lon="2.997130"><ele>914.0</ele></trkpt>
      <trkpt lat="45.789925" lon="2.997000"><ele>914.2</ele></trkpt>
      <trkpt lat="45.789730" lon="2.997242"><ele>913.2</ele></trkpt>
      <trkpt lat="45.789423" lon="2.997138"><ele>913.0</ele></trkpt>
      <trkpt lat="45.789147" lon="2.997213"><ele>913.4</ele></trkpt>
      <trkpt lat="45.789008" lon="2.997118"><ele>913.2</ele></trkpt>
      <trkpt lat="45.788802" lon="2.997221"><ele>911.8</ele></trkpt>
      <trkpt lat="45.788045" lon="2.996015"><ele>911.0</ele></trkpt>
      <trkpt lat="45.787662" lon="2.996194"><ele>909.2</ele></trkpt>
      <trkpt lat="45.787384" lon="2.996058"><ele>908.2</ele></trkpt>
      <trkpt lat="45.786844" lon="2.995168"><ele>909.0</ele></trkpt>
      <trkpt lat="45.786068" lon="2.994498"><ele>906.4</ele></trkpt>
      <trkpt lat="45.785408" lon="2.994426"><ele>902.2</ele></trkpt>
      <trkpt lat="45.783601" lon="2.993339"><ele>900.6</ele></trkpt>
      <trkpt lat="45.781005" lon="2.993593"><ele>894.2</ele></trkpt>
      <trkpt lat="45.780418" lon="2.993380"><ele>896.6</ele></trkpt>
      <trkpt lat="45.780206" lon="2.993188"><ele>898.6</ele></trkpt>
      <trkpt lat="45.779645" lon="2.991693"><ele>903.0</ele></trkpt>
      <trkpt lat="45.779386" lon="2.991613"><ele>904.6</ele></trkpt>
      <trkpt lat="45.779297" lon="2.991462"><ele>905.8</ele></trkpt>
      <trkpt lat="45.779273" lon="2.991063"><ele>908.2</ele></trkpt>
      <trkpt lat="45.778704" lon="2.990950"><ele>911.0</ele></trkpt>
      <trkpt lat="45.778080" lon="2.991058"><ele>907.8</ele></trkpt>
      <trkpt lat="45.777222" lon="2.993360"><ele>902.8</ele></trkpt>
      <trkpt lat="45.776395" lon="2.993304"><ele>896.6</ele></trkpt>
      <trkpt lat="45.776221" lon="2.995147"><ele>894.4</ele></trkpt>
      <trkpt lat="45.775994" lon="2.995847"><ele>885.4</ele></trkpt>
      <trkpt lat="45.775838" lon="2.996052"><ele>881.0</ele></trkpt>
      <trkpt lat="45.775212" lon="2.995223"><ele>877.8</ele></trkpt>
      <trkpt lat="45.775067" lon="2.994870"><ele>875.8</ele></trkpt>
      <trkpt lat="45.774765" lon="2.994623"><ele>873.8</ele></trkpt>
      <trkpt lat="45.774615" lon="2.994169"><ele>876.0</ele></trkpt>
      <trkpt lat="45.774490" lon="2.993381"><ele>880.0</ele></trkpt>
      <trkpt lat="45.774102" lon="2.992498"><ele>880.4</ele></trkpt>
      <trkpt lat="45.773704" lon="2.992090"><ele>878.2</ele></trkpt>
      <trkpt lat="45.772987" lon="2.990840"><ele>879.4</ele></trkpt>
      <trkpt lat="45.773142" lon="2.990179"><ele>886.6</ele></trkpt>
      <trkpt lat="45.773219" lon="2.989289"><ele>892.0</ele></trkpt>
      <trkpt lat="45.773524" lon="2.988457"><ele>897.2</ele></trkpt>
      <trkpt lat="45.773925" lon="2.987771"><ele>899.4</ele></trkpt>
      <trkpt lat="45.774097" lon="2.987053"><ele>898.4</ele></trkpt>
      <trkpt lat="45.773837" lon="2.985424"><ele>904.6</ele></trkpt>
      <trkpt lat="45.773873" lon="2.985001"><ele>906.4</ele></trkpt>
      <trkpt lat="45.774095" lon="2.984656"><ele>909.4</ele></trkpt>
      <trkpt lat="45.775044" lon="2.983696"><ele>918.0</ele></trkpt>
      <trkpt lat="45.775342" lon="2.983257"><ele>923.2</ele></trkpt>
      <trkpt lat="45.775337" lon="2.983130"><ele>924.8</ele></trkpt>
      <trkpt lat="45.775027" lon="2.983009"><ele>924.6</ele></trkpt>
      <trkpt lat="45.774767" lon="2.982772"><ele>925.6</ele></trkpt>
      <trkpt lat="45.773613" lon="2.982467"><ele>926.2</ele></trkpt>
      <trkpt lat="45.772592" lon="2.981795"><ele>926.2</ele></trkpt>
      <trkpt lat="45.771959" lon="2.981561"><ele>928.4</ele></trkpt>
      <trkpt lat="45.771868" lon="2.981319"><ele>930.6</ele></trkpt>
      <trkpt lat="45.771373" lon="2.981020"><ele>933.0</ele></trkpt>
      <trkpt lat="45.770936" lon="2.980429"><ele>936.0</ele></trkpt>
      <trkpt lat="45.769816" lon="2.979604"><ele>932.0</ele></trkpt>
      <trkpt lat="45.768112" lon="2.979441"><ele>937.0</ele></trkpt>
      <trkpt lat="45.766568" lon="2.978848"><ele>937.6</ele></trkpt>
      <trkpt lat="45.765669" lon="2.979037"><ele>933.2</ele></trkpt>
      <trkpt lat="45.765135" lon="2.978777"><ele>932.8</ele></trkpt>
      <trkpt lat="45.764168" lon="2.978158"><ele>932.0</ele></trkpt>
      <trkpt lat="45.763771" lon="2.977466"><ele>932.0</ele></trkpt>
      <trkpt lat="45.763071" lon="2.977014"><ele>932.0</ele></trkpt>
      <trkpt lat="45.762739" lon="2.976639"><ele>933.4</ele></trkpt>
      <trkpt lat="45.761052" lon="2.975638"><ele>939.2</ele></trkpt>
      <trkpt lat="45.760497" lon="2.974972"><ele>945.2</ele></trkpt>
      <trkpt lat="45.760115" lon="2.974809"><ele>946.2</ele></trkpt>
      <trkpt lat="45.759978" lon="2.974451"><ele>947.8</ele></trkpt>
      <trkpt lat="45.759479" lon="2.974132"><ele>948.4</ele></trkpt>
      <trkpt lat="45.758979" lon="2.973953"><ele>949.2</ele></trkpt>
      <trkpt lat="45.758613" lon="2.974096"><ele>951.8</ele></trkpt>
      <trkpt lat="45.757559" lon="2.974133"><ele>954.8</ele></trkpt>
      <trkpt lat="45.756438" lon="2.973925"><ele>960.4</ele></trkpt>
      <trkpt lat="45.756672" lon="2.972689"><ele>964.8</ele></trkpt>
      <trkpt lat="45.756902" lon="2.971961"><ele>965.4</ele></trkpt>
      <trkpt lat="45.757177" lon="2.970360"><ele>964.0</ele></trkpt>
      <trkpt lat="45.757562" lon="2.969038"><ele>966.0</ele></trkpt>
      <trkpt lat="45.757628" lon="2.968489"><ele>966.2</ele></trkpt>
      <trkpt lat="45.757744" lon="2.968246"><ele>967.0</ele></trkpt>
      <trkpt lat="45.757751" lon="2.967832"><ele>968.2</ele></trkpt>
      <trkpt lat="45.758198" lon="2.966386"><ele>973.0</ele></trkpt>
      <trkpt lat="45.758280" lon="2.965943"><ele>971.6</ele></trkpt>
      <trkpt lat="45.758245" lon="2.965735"><ele>971.4</ele></trkpt>
      <trkpt lat="45.758407" lon="2.965467"><ele>972.0</ele></trkpt>
      <trkpt lat="45.758457" lon="2.965095"><ele>972.6</ele></trkpt>
      <trkpt lat="45.758571" lon="2.964990"><ele>974.0</ele></trkpt>
      <trkpt lat="45.759098" lon="2.965018"><ele>973.4</ele></trkpt>
      <trkpt lat="45.759402" lon="2.964802"><ele>975.8</ele></trkpt>
      <trkpt lat="45.760232" lon="2.964617"><ele>980.8</ele></trkpt>
      <trkpt lat="45.760844" lon="2.964109"><ele>984.2</ele></trkpt>
      <trkpt lat="45.761192" lon="2.963166"><ele>992.2</ele></trkpt>
      <trkpt lat="45.761389" lon="2.962957"><ele>995.2</ele></trkpt>
      <trkpt lat="45.761591" lon="2.962440"><ele>1000.0</ele></trkpt>
      <trkpt lat="45.761728" lon="2.961627"><ele>1006.6</ele></trkpt>
      <trkpt lat="45.762195" lon="2.960858"><ele>1015.8</ele></trkpt>
      <trkpt lat="45.762111" lon="2.960323"><ele>1023.2</ele></trkpt>
      <trkpt lat="45.762183" lon="2.959897"><ele>1029.0</ele></trkpt>
      <trkpt lat="45.762099" lon="2.959533"><ele>1032.6</ele></trkpt>
      <trkpt lat="45.762156" lon="2.958722"><ele>1045.4</ele></trkpt>
      <trkpt lat="45.762423" lon="2.958274"><ele>1053.0</ele></trkpt>
      <trkpt lat="45.762523" lon="2.957944"><ele>1059.4</ele></trkpt>
      <trkpt lat="45.762855" lon="2.957526"><ele>1061.8</ele></trkpt>
      <trkpt lat="45.762845" lon="2.957139"><ele>1064.6</ele></trkpt>
      <trkpt lat="45.763467" lon="2.956282"><ele>1078.0</ele></trkpt>
      <trkpt lat="45.763884" lon="2.956146"><ele>1079.0</ele></trkpt>
      <trkpt lat="45.764175" lon="2.956397"><ele>1079.8</ele></trkpt>
      <trkpt lat="45.764132" lon="2.956318"><ele>1079.6</ele></trkpt>
      <trkpt lat="45.764273" lon="2.956313"><ele>1081.4</ele></trkpt>
      <trkpt lat="45.764486" lon="2.955684"><ele>1082.8</ele></trkpt>
      <trkpt lat="45.764586" lon="2.955634"><ele>1083.0</ele></trkpt>
      <trkpt lat="45.764834" lon="2.955840"><ele>1087.4</ele></trkpt>
      <trkpt lat="45.764955" lon="2.956101"><ele>1093.0</ele></trkpt>
      <trkpt lat="45.765017" lon="2.956396"><ele>1097.2</ele></trkpt>
      <trkpt lat="45.764931" lon="2.956652"><ele>1097.4</ele></trkpt>
      <trkpt lat="45.765189" lon="2.957529"><ele>1114.0</ele></trkpt>
      <trkpt lat="45.765398" lon="2.957766"><ele>1120.8</ele></trkpt>
      <trkpt lat="45.765877" lon="2.957887"><ele>1128.6</ele></trkpt>
      <trkpt lat="45.766107" lon="2.958123"><ele>1131.0</ele></trkpt>
      <trkpt lat="45.766299" lon="2.958494"><ele>1134.2</ele></trkpt>
      <trkpt lat="45.766406" lon="2.958469"><ele>1136.6</ele></trkpt>
      <trkpt lat="45.766471" lon="2.957528"><ele>1139.4</ele></trkpt>
      <trkpt lat="45.766586" lon="2.957439"><ele>1140.4</ele></trkpt>
      <trkpt lat="45.767079" lon="2.957491"><ele>1147.8</ele></trkpt>
      <trkpt lat="45.767190" lon="2.957939"><ele>1155.6</ele></trkpt>
      <trkpt lat="45.767463" lon="2.958145"><ele>1165.8</ele></trkpt>
      <trkpt lat="45.767783" lon="2.957996"><ele>1173.2</ele></trkpt>
      <trkpt lat="45.767799" lon="2.958196"><ele>1177.6</ele></trkpt>
      <trkpt lat="45.767669" lon="2.958381"><ele>1176.6</ele></trkpt>
      <trkpt lat="45.767630" lon="2.958685"><ele>1181.0</ele></trkpt>
      <trkpt lat="45.767437" lon="2.958850"><ele>1176.0</ele></trkpt>
      <trkpt lat="45.767381" lon="2.959378"><ele>1182.8</ele></trkpt>
      <trkpt lat="45.767447" lon="2.959477"><ele>1187.8</ele></trkpt>
      <trkpt lat="45.767447" lon="2.959824"><ele>1194.8</ele></trkpt>
      <trkpt lat="45.767339" lon="2.960077"><ele>1194.6</ele></trkpt>
      <trkpt lat="45.767252" lon="2.960096"><ele>1190.2</ele></trkpt>
      <trkpt lat="45.767276" lon="2.960447"><ele>1199.6</ele></trkpt>
      <trkpt lat="45.767871" lon="2.959478"><ele>1212.8</ele></trkpt>
      <trkpt lat="45.768059" lon="2.959814"><ele>1238.0</ele></trkpt>
      <trkpt lat="45.767923" lon="2.960010"><ele>1236.6</ele></trkpt>
      <trkpt lat="45.767799" lon="2.960032"><ele>1228.8</ele></trkpt>
      <trkpt lat="45.767720" lon="2.960561"><ele>1242.4</ele></trkpt>
      <trkpt lat="45.767760" lon="2.960654"><ele>1248.2</ele></trkpt>
      <trkpt lat="45.767936" lon="2.960212"><ele>1245.4</ele></trkpt>
      <trkpt lat="45.768578" lon="2.959530"><ele>1258.2</ele></trkpt>
      <trkpt lat="45.768986" lon="2.959487"><ele>1275.8</ele></trkpt>
      <trkpt lat="45.768924" lon="2.959652"><ele>1280.4</ele></trkpt>
      <trkpt lat="45.768710" lon="2.959758"><ele>1273.6</ele></trkpt>
      <trkpt lat="45.768726" lon="2.959896"><ele>1278.6</ele></trkpt>
      <trkpt lat="45.768834" lon="2.959938"><ele>1285.8</ele></trkpt>
      <trkpt lat="45.769135" lon="2.959856"><ele>1295.2</ele></trkpt>
      <trkpt lat="45.769414" lon="2.959526"><ele>1293.6</ele></trkpt>
      <trkpt lat="45.769612" lon="2.959473"><ele>1301.6</ele></trkpt>
      <trkpt lat="45.769614" lon="2.959628"><ele>1308.6</ele></trkpt>
      <trkpt lat="45.769397" lon="2.959809"><ele>1304.4</ele></trkpt>
      <trkpt lat="45.769330" lon="2.959935"><ele>1306.8</ele></trkpt>
      <trkpt lat="45.769360" lon="2.960050"><ele>1314.4</ele></trkpt>
      <trkpt lat="45.769276" lon="2.960121"><ele>1314.2</ele></trkpt>
      <trkpt lat="45.769369" lon="2.960201"><ele>1323.2</ele></trkpt>
      <trkpt lat="45.769585" lon="2.959973"><ele>1322.2</ele></trkpt>
      <trkpt lat="45.769556" lon="2.960141"><ele>1329.0</ele></trkpt>
      <trkpt lat="45.769411" lon="2.960187"><ele>1324.4</ele></trkpt>
      <trkpt lat="45.769479" lon="2.960404"><ele>1340.0</ele></trkpt>
      <trkpt lat="45.769835" lon="2.959981"><ele>1338.2</ele></trkpt>
      <trkpt lat="45.769833" lon="2.960424"><ele>1360.2</ele></trkpt>
      <trkpt lat="45.769534" lon="2.960638"><ele>1355.2</ele></trkpt>
      <trkpt lat="45.769311" lon="2.960948"><ele>1351.4</ele></trkpt>
      <trkpt lat="45.769282" lon="2.961153"><ele>1352.2</ele></trkpt>
      <trkpt lat="45.769384" lon="2.961242"><ele>1359.2</ele></trkpt>
      <trkpt lat="45.769919" lon="2.960889"><ele>1379.4</ele></trkpt>
      <trkpt lat="45.770129" lon="2.960902"><ele>1387.0</ele></trkpt>
      <trkpt lat="45.770356" lon="2.961455"><ele>1401.6</ele></trkpt>
      <trkpt lat="45.770843" lon="2.962113"><ele>1409.6</ele></trkpt>
      <trkpt lat="45.770768" lon="2.963000"><ele>1413.0</ele></trkpt>
      <trkpt lat="45.771329" lon="2.964173"><ele>1425.2</ele></trkpt>
      <trkpt lat="45.771440" lon="2.964639"><ele>1434.0</ele></trkpt>
      <trkpt lat="45.771605" lon="2.964032"><ele>1435.2</ele></trkpt>
      <trkpt lat="45.772167" lon="2.963512"><ele>1440.0</ele></trkpt>
      <trkpt lat="45.772289" lon="2.962976"><ele>1430.0</ele></trkpt>
      <trkpt lat="45.772823" lon="2.962671"><ele>1421.8</ele></trkpt>
      <trkpt lat="45.772894" lon="2.962718"><ele>1421.8</ele></trkpt>
      <trkpt lat="45.773087" lon="2.962451"><ele>1417.2</ele></trkpt>
      <trkpt lat="45.773319" lon="2.962721"><ele>1416.0</ele></trkpt>
      <trkpt lat="45.773349" lon="2.961989"><ele>1413.4</ele></trkpt>
      <trkpt lat="45.773766" lon="2.961839"><ele>1405.4</ele></trkpt>
      <trkpt lat="45.773511" lon="2.960892"><ele>1403.6</ele></trkpt>
      <trkpt lat="45.772687" lon="2.959881"><ele>1396.4</ele></trkpt>
      <trkpt lat="45.771797" lon="2.959680"><ele>1395.4</ele></trkpt>
      <trkpt lat="45.771474" lon="2.959938"><ele>1398.0</ele></trkpt>
      <trkpt lat="45.771056" lon="2.960460"><ele>1404.2</ele></trkpt>
      <trkpt lat="45.770689" lon="2.960594"><ele>1401.4</ele></trkpt>
      <trkpt lat="45.770640" lon="2.961112"><ele>1406.6</ele></trkpt>
      <trkpt lat="45.770793" lon="2.961593"><ele>1407.2</ele></trkpt>
      <trkpt lat="45.770815" lon="2.962044"><ele>1409.2</ele></trkpt>
      <trkpt lat="45.770371" lon="2.961516"><ele>1402.2</ele></trkpt>
      <trkpt lat="45.769969" lon="2.960748"><ele>1378.0</ele></trkpt>
      <trkpt lat="45.769556" lon="2.961096"><ele>1367.6</ele></trkpt>
      <trkpt lat="45.769251" lon="2.961175"><ele>1350.6</ele></trkpt>
      <trkpt lat="45.769213" lon="2.961060"><ele>1346.6</ele></trkpt>
      <trkpt lat="45.769277" lon="2.960869"><ele>1348.0</ele></trkpt>
      <trkpt lat="45.769762" lon="2.960402"><ele>1355.8</ele></trkpt>
      <trkpt lat="45.769767" lon="2.959875"><ele>1329.2</ele></trkpt>
      <trkpt lat="45.769368" lon="2.960298"><ele>1328.8</ele></trkpt>
      <trkpt lat="45.769310" lon="2.960160"><ele>1318.0</ele></trkpt>
      <trkpt lat="45.769495" lon="2.959688"><ele>1304.0</ele></trkpt>
      <trkpt lat="45.769294" lon="2.959908"><ele>1303.6</ele></trkpt>
      <trkpt lat="45.769143" lon="2.959930"><ele>1299.6</ele></trkpt>
      <trkpt lat="45.769304" lon="2.959784"><ele>1298.8</ele></trkpt>
      <trkpt lat="45.769554" lon="2.959182"><ele>1285.8</ele></trkpt>
      <trkpt lat="45.769104" lon="2.959641"><ele>1286.0</ele></trkpt>
      <trkpt lat="45.768588" lon="2.959873"><ele>1270.2</ele></trkpt>
      <trkpt lat="45.768557" lon="2.959766"><ele>1264.6</ele></trkpt>
      <trkpt lat="45.768854" lon="2.959593"><ele>1275.0</ele></trkpt>
      <trkpt lat="45.768956" lon="2.959313"><ele>1266.6</ele></trkpt>
      <trkpt lat="45.768874" lon="2.959233"><ele>1258.6</ele></trkpt>
      <trkpt lat="45.768592" lon="2.959385"><ele>1252.4</ele></trkpt>
      <trkpt lat="45.767930" lon="2.960063"><ele>1239.2</ele></trkpt>
      <trkpt lat="45.767582" lon="2.960674"><ele>1232.4</ele></trkpt>
      <trkpt lat="45.767561" lon="2.960364"><ele>1223.0</ele></trkpt>
      <trkpt lat="45.767858" lon="2.959312"><ele>1206.0</ele></trkpt>
      <trkpt lat="45.767803" lon="2.959237"><ele>1201.2</ele></trkpt>
      <trkpt lat="45.767445" lon="2.960179"><ele>1205.8</ele></trkpt>
      <trkpt lat="45.767190" lon="2.960523"><ele>1196.0</ele></trkpt>
      <trkpt lat="45.767135" lon="2.960370"><ele>1189.4</ele></trkpt>
      <trkpt lat="45.767317" lon="2.959644"><ele>1184.2</ele></trkpt>
      <trkpt lat="45.767261" lon="2.959079"><ele>1172.4</ele></trkpt>
      <trkpt lat="45.767729" lon="2.957646"><ele>1166.2</ele></trkpt>
      <trkpt lat="45.767444" lon="2.957975"><ele>1163.2</ele></trkpt>
      <trkpt lat="45.767234" lon="2.958028"><ele>1157.2</ele></trkpt>
      <trkpt lat="45.767095" lon="2.957880"><ele>1152.6</ele></trkpt>
      <trkpt lat="45.766901" lon="2.957367"><ele>1143.6</ele></trkpt>
      <trkpt lat="45.766428" lon="2.957467"><ele>1138.6</ele></trkpt>
      <trkpt lat="45.766352" lon="2.958077"><ele>1137.0</ele></trkpt>
      <trkpt lat="45.766135" lon="2.958502"><ele>1130.0</ele></trkpt>
      <trkpt lat="45.765830" lon="2.958027"><ele>1127.0</ele></trkpt>
      <trkpt lat="45.765281" lon="2.957927"><ele>1118.0</ele></trkpt>
      <trkpt lat="45.765030" lon="2.957689"><ele>1109.6</ele></trkpt>
      <trkpt lat="45.764833" lon="2.956873"><ele>1096.0</ele></trkpt>
      <trkpt lat="45.764829" lon="2.955849"><ele>1087.4</ele></trkpt>
      <trkpt lat="45.764404" lon="2.955606"><ele>1082.4</ele></trkpt>
      <trkpt lat="45.764299" lon="2.955382"><ele>1080.8</ele></trkpt>
      <trkpt lat="45.764497" lon="2.955188"><ele>1078.6</ele></trkpt>
      <trkpt lat="45.764462" lon="2.954925"><ele>1076.6</ele></trkpt>
      <trkpt lat="45.764615" lon="2.954466"><ele>1067.8</ele></trkpt>
      <trkpt lat="45.764626" lon="2.953992"><ele>1059.8</ele></trkpt>
      <trkpt lat="45.764489" lon="2.953802"><ele>1059.4</ele></trkpt>
      <trkpt lat="45.764463" lon="2.953176"><ele>1051.6</ele></trkpt>
      <trkpt lat="45.764282" lon="2.952632"><ele>1046.6</ele></trkpt>
      <trkpt lat="45.764269" lon="2.952312"><ele>1040.0</ele></trkpt>
      <trkpt lat="45.763715" lon="2.951785"><ele>1032.6</ele></trkpt>
      <trkpt lat="45.763614" lon="2.951538"><ele>1031.8</ele></trkpt>
      <trkpt lat="45.763520" lon="2.951186"><ele>1032.0</ele></trkpt>
      <trkpt lat="45.763522" lon="2.950624"><ele>1029.8</ele></trkpt>
      <trkpt lat="45.763413" lon="2.950213"><ele>1030.2</ele></trkpt>
      <trkpt lat="45.763595" lon="2.949455"><ele>1025.6</ele></trkpt>
      <trkpt lat="45.763630" lon="2.948828"><ele>1022.0</ele></trkpt>
      <trkpt lat="45.763482" lon="2.947234"><ele>1016.0</ele></trkpt>
      <trkpt lat="45.763485" lon="2.946141"><ele>1012.6</ele></trkpt>
      <trkpt lat="45.763831" lon="2.946173"><ele>1007.6</ele></trkpt>
      <trkpt lat="45.764337" lon="2.945525"><ele>1007.4</ele></trkpt>
      <trkpt lat="45.764362" lon="2.943745"><ele>998.4</ele></trkpt>
      <trkpt lat="45.764605" lon="2.942767"><ele>995.0</ele></trkpt>
      <trkpt lat="45.764978" lon="2.942351"><ele>991.4</ele></trkpt>
      <trkpt lat="45.765292" lon="2.941721"><ele>987.0</ele></trkpt>
      <trkpt lat="45.765869" lon="2.940162"><ele>979.2</ele></trkpt>
      <trkpt lat="45.766151" lon="2.939853"><ele>978.0</ele></trkpt>
      <trkpt lat="45.766418" lon="2.939328"><ele>975.4</ele></trkpt>
      <trkpt lat="45.766815" lon="2.939069"><ele>970.2</ele></trkpt>
      <trkpt lat="45.767000" lon="2.938832"><ele>967.8</ele></trkpt>
      <trkpt lat="45.767593" lon="2.938515"><ele>965.2</ele></trkpt>
      <trkpt lat="45.768272" lon="2.937906"><ele>960.6</ele></trkpt>
      <trkpt lat="45.770203" lon="2.938078"><ele>950.8</ele></trkpt>
      <trkpt lat="45.771871" lon="2.937717"><ele>945.8</ele></trkpt>
      <trkpt lat="45.772405" lon="2.937835"><ele>945.8</ele></trkpt>
      <trkpt lat="45.772593" lon="2.937476"><ele>946.0</ele></trkpt>
      <trkpt lat="45.772774" lon="2.937321"><ele>946.8</ele></trkpt>
      <trkpt lat="45.773426" lon="2.937281"><ele>949.2</ele></trkpt>
      <trkpt lat="45.773675" lon="2.936942"><ele>950.4</ele></trkpt>
      <trkpt lat="45.774235" lon="2.936844"><ele>953.8</ele></trkpt>
      <trkpt lat="45.774241" lon="2.936571"><ele>954.8</ele></trkpt>
      <trkpt lat="45.773771" lon="2.936081"><ele>954.6</ele></trkpt>
      <trkpt lat="45.773611" lon="2.935801"><ele>953.8</ele></trkpt>
      <trkpt lat="45.773096" lon="2.935514"><ele>948.2</ele></trkpt>
      <trkpt lat="45.772943" lon="2.935119"><ele>947.4</ele></trkpt>
      <trkpt lat="45.772953" lon="2.934734"><ele>946.6</ele></trkpt>
      <trkpt lat="45.772826" lon="2.934300"><ele>943.0</ele></trkpt>
      <trkpt lat="45.772842" lon="2.934100"><ele>942.2</ele></trkpt>
      <trkpt lat="45.773210" lon="2.933518"><ele>946.6</ele></trkpt>
      <trkpt lat="45.773464" lon="2.932723"><ele>948.2</ele></trkpt>
      <trkpt lat="45.773977" lon="2.931825"><ele>951.0</ele></trkpt>
      <trkpt lat="45.774031" lon="2.931590"><ele>951.2</ele></trkpt>
      <trkpt lat="45.774272" lon="2.931368"><ele>951.4</ele></trkpt>
      <trkpt lat="45.774452" lon="2.931368"><ele>950.8</ele></trkpt>
      <trkpt lat="45.774670" lon="2.931191"><ele>948.8</ele></trkpt>
      <trkpt lat="45.774894" lon="2.930840"><ele>945.6</ele></trkpt>
      <trkpt lat="45.775613" lon="2.930135"><ele>939.2</ele></trkpt>
      <trkpt lat="45.775932" lon="2.929990"><ele>937.4</ele></trkpt>
      <trkpt lat="45.776490" lon="2.930662"><ele>938.2</ele></trkpt>
      <trkpt lat="45.777045" lon="2.930692"><ele>942.0</ele></trkpt>
      <trkpt lat="45.777984" lon="2.930045"><ele>934.4</ele></trkpt>
      <trkpt lat="45.778271" lon="2.929611"><ele>934.0</ele></trkpt>
      <trkpt lat="45.779800" lon="2.928629"><ele>938.4</ele></trkpt>
      <trkpt lat="45.780438" lon="2.928613"><ele>937.2</ele></trkpt>
      <trkpt lat="45.781014" lon="2.928784"><ele>932.6</ele></trkpt>
      <trkpt lat="45.781258" lon="2.928762"><ele>932.2</ele></trkpt>
      <trkpt lat="45.781763" lon="2.929041"><ele>932.8</ele></trkpt>
      <trkpt lat="45.782352" lon="2.929159"><ele>928.2</ele></trkpt>
      <trkpt lat="45.783151" lon="2.929520"><ele>925.2</ele></trkpt>
      <trkpt lat="45.783691" lon="2.929554"><ele>924.0</ele></trkpt>
      <trkpt lat="45.783974" lon="2.929815"><ele>924.0</ele></trkpt>
      <trkpt lat="45.784441" lon="2.931078"><ele>926.8</ele></trkpt>
      <trkpt lat="45.785114" lon="2.931179"><ele>932.2</ele></trkpt>
      <trkpt lat="45.785430" lon="2.931580"><ele>936.8</ele></trkpt>
      <trkpt lat="45.786445" lon="2.931983"><ele>943.8</ele></trkpt>
      <trkpt lat="45.786831" lon="2.932020"><ele>946.6</ele></trkpt>
      <trkpt lat="45.787005" lon="2.932159"><ele>947.6</ele></trkpt>
      <trkpt lat="45.788448" lon="2.932348"><ele>949.0</ele></trkpt>
      <trkpt lat="45.789916" lon="2.933054"><ele>955.0</ele></trkpt>
      <trkpt lat="45.790860" lon="2.933196"><ele>956.0</ele></trkpt>
      <trkpt lat="45.791165" lon="2.933545"><ele>958.2</ele></trkpt>
      <trkpt lat="45.791177" lon="2.933882"><ele>960.0</ele></trkpt>
      <trkpt lat="45.791326" lon="2.934012"><ele>961.0</ele></trkpt>
      <trkpt lat="45.791442" lon="2.934356"><ele>963.4</ele></trkpt>
      <trkpt lat="45.791430" lon="2.934926"><ele>969.0</ele></trkpt>
      <trkpt lat="45.791752" lon="2.935944"><ele>974.0</ele></trkpt>
      <trkpt lat="45.791792" lon="2.936571"><ele>979.6</ele></trkpt>
      <trkpt lat="45.791927" lon="2.936408"><ele>977.8</ele></trkpt>
      <trkpt lat="45.792364" lon="2.934714"><ele>967.8</ele></trkpt>
      <trkpt lat="45.792663" lon="2.934363"><ele>967.8</ele></trkpt>
      <trkpt lat="45.793002" lon="2.934158"><ele>969.2</ele></trkpt>
      <trkpt lat="45.793688" lon="2.933142"><ele>967.6</ele></trkpt>
      <trkpt lat="45.793789" lon="2.932045"><ele>961.6</ele></trkpt>
      <trkpt lat="45.794021" lon="2.931355"><ele>961.2</ele></trkpt>
      <trkpt lat="45.794124" lon="2.931406"><ele>962.8</ele></trkpt>
      <trkpt lat="45.794187" lon="2.931674"><ele>964.8</ele></trkpt>
      <trkpt lat="45.794541" lon="2.931976"><ele>972.0</ele></trkpt>
      <trkpt lat="45.794831" lon="2.932384"><ele>978.4</ele></trkpt>
      <trkpt lat="45.794878" lon="2.932675"><ele>980.2</ele></trkpt>
      <trkpt lat="45.795166" lon="2.933114"><ele>987.8</ele></trkpt>
      <trkpt lat="45.795563" lon="2.933244"><ele>994.6</ele></trkpt>
      <trkpt lat="45.795740" lon="2.933122"><ele>993.6</ele></trkpt>
      <trkpt lat="45.796041" lon="2.933531"><ele>1003.6</ele></trkpt>
      <trkpt lat="45.796274" lon="2.933685"><ele>1010.0</ele></trkpt>
      <trkpt lat="45.796447" lon="2.933689"><ele>1010.6</ele></trkpt>
      <trkpt lat="45.796653" lon="2.933431"><ele>999.8</ele></trkpt>
      <trkpt lat="45.796819" lon="2.933441"><ele>998.2</ele></trkpt>
      <trkpt lat="45.797117" lon="2.933228"><ele>993.0</ele></trkpt>
      <trkpt lat="45.798310" lon="2.933237"><ele>984.4</ele></trkpt>
      <trkpt lat="45.798643" lon="2.933405"><ele>986.4</ele></trkpt>
      <trkpt lat="45.799153" lon="2.933423"><ele>981.6</ele></trkpt>
      <trkpt lat="45.799709" lon="2.933865"><ele>978.4</ele></trkpt>
      <trkpt lat="45.800633" lon="2.934357"><ele>972.6</ele></trkpt>
      <trkpt lat="45.800987" lon="2.934751"><ele>970.4</ele></trkpt>
      <trkpt lat="45.801128" lon="2.934778"><ele>968.4</ele></trkpt>
      <trkpt lat="45.801345" lon="2.934646"><ele>966.8</ele></trkpt>
      <trkpt lat="45.801771" lon="2.935198"><ele>965.8</ele></trkpt>
      <trkpt lat="45.801750" lon="2.936028"><ele>967.6</ele></trkpt>
      <trkpt lat="45.801923" lon="2.936691"><ele>970.4</ele></trkpt>
      <trkpt lat="45.802363" lon="2.937514"><ele>966.6</ele></trkpt>
      <trkpt lat="45.802505" lon="2.937617"><ele>964.2</ele></trkpt>
      <trkpt lat="45.802417" lon="2.937534"><ele>965.8</ele></trkpt>
      <trkpt lat="45.802452" lon="2.937789"><ele>964.2</ele></trkpt>
      <trkpt lat="45.802748" lon="2.938471"><ele>959.2</ele></trkpt>
      <trkpt lat="45.802771" lon="2.938711"><ele>959.4</ele></trkpt>
      <trkpt lat="45.803145" lon="2.939343"><ele>954.0</ele></trkpt>
      <trkpt lat="45.803279" lon="2.939809"><ele>953.4</ele></trkpt>
      <trkpt lat="45.803523" lon="2.939779"><ele>949.8</ele></trkpt>
      <trkpt lat="45.803672" lon="2.941603"><ele>946.0</ele></trkpt>
      <trkpt lat="45.803773" lon="2.941428"><ele>944.8</ele></trkpt>
      <trkpt lat="45.803765" lon="2.941346"><ele>944.8</ele></trkpt>
      <trkpt lat="45.803636" lon="2.941477"><ele>946.4</ele></trkpt>
      <trkpt lat="45.803685" lon="2.941543"><ele>945.4</ele></trkpt>
      <trkpt lat="45.803655" lon="2.941454"><ele>945.8</ele></trkpt>
      <trkpt lat="45.803708" lon="2.941426"><ele>945.0</ele></trkpt>
      <trkpt lat="45.803822" lon="2.941845"><ele>945.2</ele></trkpt>
      <trkpt lat="45.803752" lon="2.941751"><ele>945.4</ele></trkpt>
      <trkpt lat="45.803833" lon="2.941663"><ele>944.6</ele></trkpt>
      <trkpt lat="45.803493" lon="2.941842"><ele>951.2</ele></trkpt>
      <trkpt lat="45.803684" lon="2.942113"><ele>947.2</ele></trkpt>
      <trkpt lat="45.803565" lon="2.942283"><ele>950.2</ele></trkpt>
      <trkpt lat="45.803629" lon="2.942165"><ele>948.6</ele></trkpt>
      <trkpt lat="45.803581" lon="2.942063"><ele>949.8</ele></trkpt>
      <trkpt lat="45.803587" lon="2.942339"><ele>949.8</ele></trkpt>
      <trkpt lat="45.803597" lon="2.942232"><ele>949.4</ele></trkpt>
      <trkpt lat="45.803652" lon="2.942324"><ele>948.0</ele></trkpt>
      <trkpt lat="45.803500" lon="2.942612"><ele>952.6</ele></trkpt>
      <trkpt lat="45.803675" lon="2.942777"><ele>947.6</ele></trkpt>
      <trkpt lat="45.803657" lon="2.942702"><ele>948.2</ele></trkpt>
      <trkpt lat="45.803729" lon="2.942902"><ele>946.6</ele></trkpt>
      <trkpt lat="45.803615" lon="2.942683"><ele>949.4</ele></trkpt>
      <trkpt lat="45.803555" lon="2.942898"><ele>951.6</ele></trkpt>
      <trkpt lat="45.803653" lon="2.943021"><ele>948.4</ele></trkpt>
      <trkpt lat="45.803589" lon="2.942789"><ele>950.0</ele></trkpt>
      <trkpt lat="45.803627" lon="2.942832"><ele>949.0</ele></trkpt>
      <trkpt lat="45.803637" lon="2.943048"><ele>948.8</ele></trkpt>
      <trkpt lat="45.803722" lon="2.942897"><ele>946.8</ele></trkpt>
      <trkpt lat="45.803993" lon="2.943128"><ele>944.0</ele></trkpt>
      <trkpt lat="45.803668" lon="2.943091"><ele>947.8</ele></trkpt>
      <trkpt lat="45.803826" lon="2.943202"><ele>945.6</ele></trkpt>
      <trkpt lat="45.803677" lon="2.943352"><ele>948.2</ele></trkpt>
      <trkpt lat="45.803814" lon="2.943535"><ele>946.6</ele></trkpt>
      <trkpt lat="45.803657" lon="2.943472"><ele>949.2</ele></trkpt>
      <trkpt lat="45.803657" lon="2.943380"><ele>949.2</ele></trkpt>
      <trkpt lat="45.803755" lon="2.943347"><ele>946.8</ele></trkpt>
      <trkpt lat="45.803835" lon="2.943888"><ele>947.0</ele></trkpt>
      <trkpt lat="45.803815" lon="2.943592"><ele>946.8</ele></trkpt>
      <trkpt lat="45.803630" lon="2.943509"><ele>950.2</ele></trkpt>
      <trkpt lat="45.803849" lon="2.943554"><ele>946.2</ele></trkpt>
      <trkpt lat="45.803779" lon="2.943626"><ele>947.2</ele></trkpt>
      <trkpt lat="45.803802" lon="2.943750"><ele>947.0</ele></trkpt>
      <trkpt lat="45.803604" lon="2.943767"><ele>951.8</ele></trkpt>
      <trkpt lat="45.803690" lon="2.943692"><ele>948.2</ele></trkpt>
      <trkpt lat="45.803810" lon="2.944037"><ele>947.8</ele></trkpt>
      <trkpt lat="45.803901" lon="2.943944"><ele>946.6</ele></trkpt>
      <trkpt lat="45.803738" lon="2.944010"><ele>948.6</ele></trkpt>
      <trkpt lat="45.803837" lon="2.943952"><ele>947.2</ele></trkpt>
      <trkpt lat="45.803809" lon="2.944038"><ele>947.8</ele></trkpt>
      <trkpt lat="45.803830" lon="2.943865"><ele>947.0</ele></trkpt>
      <trkpt lat="45.803793" lon="2.943976"><ele>947.8</ele></trkpt>
      <trkpt lat="45.804064" lon="2.944132"><ele>945.8</ele></trkpt>
      <trkpt lat="45.804036" lon="2.944269"><ele>946.4</ele></trkpt>
      <trkpt lat="45.803989" lon="2.944209"><ele>946.6</ele></trkpt>
      <trkpt lat="45.804076" lon="2.944214"><ele>946.0</ele></trkpt>
      <trkpt lat="45.804026" lon="2.944388"><ele>947.0</ele></trkpt>
      <trkpt lat="45.804284" lon="2.944209"><ele>944.4</ele></trkpt>
      <trkpt lat="45.804828" lon="2.943056"><ele>942.8</ele></trkpt>
      <trkpt lat="45.805011" lon="2.942291"><ele>937.2</ele></trkpt>
      <trkpt lat="45.805336" lon="2.941483"><ele>930.0</ele></trkpt>
      <trkpt lat="45.805482" lon="2.941400"><ele>928.8</ele></trkpt>
      <trkpt lat="45.805771" lon="2.942061"><ele>929.0</ele></trkpt>
      <trkpt lat="45.806102" lon="2.942530"><ele>929.6</ele></trkpt>
      <trkpt lat="45.806539" lon="2.942952"><ele>929.0</ele></trkpt>
      <trkpt lat="45.807022" lon="2.943635"><ele>931.6</ele></trkpt>
      <trkpt lat="45.807174" lon="2.944007"><ele>934.4</ele></trkpt>
      <trkpt lat="45.807408" lon="2.944087"><ele>935.6</ele></trkpt>
      <trkpt lat="45.807618" lon="2.944332"><ele>937.2</ele></trkpt>
      <trkpt lat="45.807764" lon="2.944715"><ele>938.8</ele></trkpt>
      <trkpt lat="45.808051" lon="2.944874"><ele>939.0</ele></trkpt>
      <trkpt lat="45.808161" lon="2.945085"><ele>939.0</ele></trkpt>
      <trkpt lat="45.808588" lon="2.945437"><ele>939.0</ele></trkpt>
      <trkpt lat="45.809043" lon="2.946073"><ele>941.8</ele></trkpt>
      <trkpt lat="45.809207" lon="2.946113"><ele>942.4</ele></trkpt>
      <trkpt lat="45.809495" lon="2.945889"><ele>943.6</ele></trkpt>
      <trkpt lat="45.809403" lon="2.946120"><ele>943.2</ele></trkpt>
      <trkpt lat="45.809452" lon="2.946664"><ele>944.0</ele></trkpt>
      <trkpt lat="45.810163" lon="2.947208"><ele>945.8</ele></trkpt>
      <trkpt lat="45.810514" lon="2.947750"><ele>947.8</ele></trkpt>
      <trkpt lat="45.810595" lon="2.947764"><ele>947.4</ele></trkpt>
      <trkpt lat="45.810729" lon="2.948253"><ele>950.6</ele></trkpt>
      <trkpt lat="45.811140" lon="2.948640"><ele>952.6</ele></trkpt>
      <trkpt lat="45.811909" lon="2.950297"><ele>960.2</ele></trkpt>
      <trkpt lat="45.812124" lon="2.950634"><ele>961.6</ele></trkpt>
      <trkpt lat="45.812502" lon="2.950921"><ele>958.4</ele></trkpt>
      <trkpt lat="45.812637" lon="2.951217"><ele>959.0</ele></trkpt>
      <trkpt lat="45.812772" lon="2.951301"><ele>957.8</ele></trkpt>
      <trkpt lat="45.813063" lon="2.952431"><ele>964.0</ele></trkpt>
      <trkpt lat="45.813343" lon="2.952727"><ele>964.2</ele></trkpt>
      <trkpt lat="45.814050" lon="2.953138"><ele>958.6</ele></trkpt>
      <trkpt lat="45.814349" lon="2.953111"><ele>959.6</ele></trkpt>
      <trkpt lat="45.814400" lon="2.952905"><ele>960.6</ele></trkpt>
      <trkpt lat="45.814329" lon="2.952486"><ele>959.8</ele></trkpt>
      <trkpt lat="45.814545" lon="2.952521"><ele>961.4</ele></trkpt>
      <trkpt lat="45.814819" lon="2.952343"><ele>964.0</ele></trkpt>
      <trkpt lat="45.814927" lon="2.951354"><ele>960.2</ele></trkpt>
      <trkpt lat="45.815334" lon="2.950234"><ele>963.8</ele></trkpt>
      <trkpt lat="45.815864" lon="2.949116"><ele>968.8</ele></trkpt>
      <trkpt lat="45.816224" lon="2.949010"><ele>968.2</ele></trkpt>
      <trkpt lat="45.816162" lon="2.948829"><ele>967.8</ele></trkpt>
      <trkpt lat="45.816250" lon="2.948585"><ele>968.4</ele></trkpt>
      <trkpt lat="45.816200" lon="2.948051"><ele>968.0</ele></trkpt>
      <trkpt lat="45.815933" lon="2.947071"><ele>967.0</ele></trkpt>
      <trkpt lat="45.816158" lon="2.946920"><ele>965.2</ele></trkpt>
      <trkpt lat="45.816225" lon="2.946466"><ele>967.4</ele></trkpt>
      <trkpt lat="45.815933" lon="2.946321"><ele>966.8</ele></trkpt>
      <trkpt lat="45.815697" lon="2.946591"><ele>966.0</ele></trkpt>
      <trkpt lat="45.815736" lon="2.946474"><ele>966.0</ele></trkpt>
      <trkpt lat="45.815697" lon="2.946572"><ele>966.0</ele></trkpt>
      <trkpt lat="45.815668" lon="2.946414"><ele>966.0</ele></trkpt>
      <trkpt lat="45.815669" lon="2.946545"><ele>966.0</ele></trkpt>
      <trkpt lat="45.815725" lon="2.946458"><ele>966.0</ele></trkpt>
      <trkpt lat="45.815835" lon="2.946681"><ele>966.0</ele></trkpt>
      <trkpt lat="45.815840" lon="2.947022"><ele>966.8</ele></trkpt>
      <trkpt lat="45.815986" lon="2.947320"><ele>966.8</ele></trkpt>
      <trkpt lat="45.816302" lon="2.948605"><ele>968.8</ele></trkpt>
      <trkpt lat="45.816213" lon="2.948932"><ele>968.0</ele></trkpt>
      <trkpt lat="45.816242" lon="2.949222"><ele>968.2</ele></trkpt>
      <trkpt lat="45.816174" lon="2.949619"><ele>967.0</ele></trkpt>
      <trkpt lat="45.817200" lon="2.951259"><ele>962.4</ele></trkpt>
      <trkpt lat="45.815838" lon="2.952639"><ele>957.6</ele></trkpt>
      <trkpt lat="45.814926" lon="2.953268"><ele>955.6</ele></trkpt>
      <trkpt lat="45.814605" lon="2.953589"><ele>954.4</ele></trkpt>
      <trkpt lat="45.814153" lon="2.955197"><ele>954.8</ele></trkpt>
      <trkpt lat="45.814047" lon="2.956103"><ele>958.2</ele></trkpt>
      <trkpt lat="45.814085" lon="2.956874"><ele>959.4</ele></trkpt>
      <trkpt lat="45.814288" lon="2.957832"><ele>954.4</ele></trkpt>
      <trkpt lat="45.814272" lon="2.958246"><ele>955.4</ele></trkpt>
      <trkpt lat="45.817209" lon="2.959967"><ele>954.6</ele></trkpt>
      <trkpt lat="45.818789" lon="2.961339"><ele>963.4</ele></trkpt>
      <trkpt lat="45.820093" lon="2.962264"><ele>961.0</ele></trkpt>
      <trkpt lat="45.820242" lon="2.962266"><ele>962.2</ele></trkpt>
      <trkpt lat="45.820517" lon="2.962527"><ele>965.2</ele></trkpt>
      <trkpt lat="45.821083" lon="2.962515"><ele>970.6</ele></trkpt>
      <trkpt lat="45.821338" lon="2.962717"><ele>970.6</ele></trkpt>
      <trkpt lat="45.821753" lon="2.962841"><ele>969.2</ele></trkpt>
      <trkpt lat="45.822703" lon="2.962895"><ele>973.4</ele></trkpt>
      <trkpt lat="45.822894" lon="2.963168"><ele>974.2</ele></trkpt>
      <trkpt lat="45.823170" lon="2.963213"><ele>976.2</ele></trkpt>
      <trkpt lat="45.823327" lon="2.963353"><ele>977.8</ele></trkpt>
      <trkpt lat="45.823855" lon="2.963219"><ele>977.4</ele></trkpt>
      <trkpt lat="45.824409" lon="2.963244"><ele>978.0</ele></trkpt>
      <trkpt lat="45.824630" lon="2.963130"><ele>975.6</ele></trkpt>
      <trkpt lat="45.824763" lon="2.962871"><ele>973.6</ele></trkpt>
      <trkpt lat="45.824695" lon="2.962641"><ele>976.2</ele></trkpt>
      <trkpt lat="45.824699" lon="2.961675"><ele>993.4</ele></trkpt>
      <trkpt lat="45.824355" lon="2.961362"><ele>995.2</ele></trkpt>
      <trkpt lat="45.824064" lon="2.961242"><ele>993.2</ele></trkpt>
      <trkpt lat="45.823792" lon="2.960814"><ele>994.8</ele></trkpt>
      <trkpt lat="45.823870" lon="2.960516"><ele>1001.0</ele></trkpt>
      <trkpt lat="45.824476" lon="2.960036"><ele>1015.4</ele></trkpt>
      <trkpt lat="45.824503" lon="2.959824"><ele>1018.8</ele></trkpt>
      <trkpt lat="45.824808" lon="2.959441"><ele>1029.2</ele></trkpt>
      <trkpt lat="45.825218" lon="2.957975"><ele>1067.0</ele></trkpt>
      <trkpt lat="45.825208" lon="2.957658"><ele>1073.8</ele></trkpt>
      <trkpt lat="45.825119" lon="2.957450"><ele>1077.0</ele></trkpt>
      <trkpt lat="45.825233" lon="2.957223"><ele>1084.8</ele></trkpt>
      <trkpt lat="45.825228" lon="2.956995"><ele>1089.2</ele></trkpt>
      <trkpt lat="45.824825" lon="2.955806"><ele>1104.6</ele></trkpt>
      <trkpt lat="45.824889" lon="2.955573"><ele>1108.8</ele></trkpt>
      <trkpt lat="45.824660" lon="2.954011"><ele>1121.4</ele></trkpt>
      <trkpt lat="45.824059" lon="2.953075"><ele>1109.2</ele></trkpt>
      <trkpt lat="45.823865" lon="2.952428"><ele>1105.6</ele></trkpt>
      <trkpt lat="45.823709" lon="2.950775"><ele>1095.8</ele></trkpt>
      <trkpt lat="45.823797" lon="2.950378"><ele>1094.6</ele></trkpt>
      <trkpt lat="45.824104" lon="2.950190"><ele>1095.4</ele></trkpt>
      <trkpt lat="45.824241" lon="2.950213"><ele>1096.2</ele></trkpt>
      <trkpt lat="45.824317" lon="2.950355"><ele>1097.6</ele></trkpt>
      <trkpt lat="45.824172" lon="2.950704"><ele>1100.6</ele></trkpt>
      <trkpt lat="45.824201" lon="2.950819"><ele>1099.8</ele></trkpt>
      <trkpt lat="45.824668" lon="2.950965"><ele>1094.0</ele></trkpt>
      <trkpt lat="45.824747" lon="2.951236"><ele>1091.8</ele></trkpt>
      <trkpt lat="45.824954" lon="2.951292"><ele>1090.0</ele></trkpt>
      <trkpt lat="45.825028" lon="2.951510"><ele>1088.6</ele></trkpt>
      <trkpt lat="45.825555" lon="2.951495"><ele>1086.2</ele></trkpt>
      <trkpt lat="45.825913" lon="2.951847"><ele>1087.2</ele></trkpt>
      <trkpt lat="45.826544" lon="2.952109"><ele>1077.8</ele></trkpt>
      <trkpt lat="45.827097" lon="2.951813"><ele>1076.6</ele></trkpt>
      <trkpt lat="45.827421" lon="2.951759"><ele>1070.8</ele></trkpt>
      <trkpt lat="45.828149" lon="2.951226"><ele>1061.0</ele></trkpt>
      <trkpt lat="45.828760" lon="2.951235"><ele>1049.8</ele></trkpt>
      <trkpt lat="45.829265" lon="2.951059"><ele>1039.2</ele></trkpt>
      <trkpt lat="45.829393" lon="2.950962"><ele>1036.2</ele></trkpt>
      <trkpt lat="45.829476" lon="2.950740"><ele>1032.8</ele></trkpt>
      <trkpt lat="45.829702" lon="2.950635"><ele>1027.0</ele></trkpt>
      <trkpt lat="45.829803" lon="2.950359"><ele>1022.8</ele></trkpt>
      <trkpt lat="45.829851" lon="2.950377"><ele>1021.8</ele></trkpt>
      <trkpt lat="45.830042" lon="2.950641"><ele>1020.6</ele></trkpt>
      <trkpt lat="45.830165" lon="2.951422"><ele>1028.2</ele></trkpt>
      <trkpt lat="45.830440" lon="2.951869"><ele>1025.0</ele></trkpt>
      <trkpt lat="45.830525" lon="2.952266"><ele>1025.6</ele></trkpt>
      <trkpt lat="45.830536" lon="2.952871"><ele>1028.6</ele></trkpt>
      <trkpt lat="45.830766" lon="2.953192"><ele>1026.4</ele></trkpt>
      <trkpt lat="45.830824" lon="2.953627"><ele>1029.0</ele></trkpt>
      <trkpt lat="45.831267" lon="2.954667"><ele>1029.6</ele></trkpt>
      <trkpt lat="45.831149" lon="2.955154"><ele>1031.0</ele></trkpt>
      <trkpt lat="45.831572" lon="2.954962"><ele>1028.4</ele></trkpt>
      <trkpt lat="45.832054" lon="2.955340"><ele>1033.8</ele></trkpt>
      <trkpt lat="45.833089" lon="2.955353"><ele>1043.8</ele></trkpt>
      <trkpt lat="45.833943" lon="2.955648"><ele>1051.6</ele></trkpt>
      <trkpt lat="45.834085" lon="2.956051"><ele>1053.8</ele></trkpt>
      <trkpt lat="45.834061" lon="2.956737"><ele>1052.6</ele></trkpt>
      <trkpt lat="45.834119" lon="2.957004"><ele>1050.6</ele></trkpt>
      <trkpt lat="45.834337" lon="2.957406"><ele>1051.2</ele></trkpt>
      <trkpt lat="45.834519" lon="2.957545"><ele>1054.0</ele></trkpt>
      <trkpt lat="45.834580" lon="2.957822"><ele>1053.0</ele></trkpt>
      <trkpt lat="45.835163" lon="2.958362"><ele>1055.4</ele></trkpt>
      <trkpt lat="45.835307" lon="2.958610"><ele>1051.0</ele></trkpt>
      <trkpt lat="45.835492" lon="2.958645"><ele>1049.4</ele></trkpt>
      <trkpt lat="45.835847" lon="2.959018"><ele>1038.8</ele></trkpt>
      <trkpt lat="45.836188" lon="2.959175"><ele>1033.2</ele></trkpt>
      <trkpt lat="45.836370" lon="2.959210"><ele>1031.2</ele></trkpt>
      <trkpt lat="45.836711" lon="2.958942"><ele>1026.6</ele></trkpt>
      <trkpt lat="45.837195" lon="2.959006"><ele>1024.0</ele></trkpt>
      <trkpt lat="45.837655" lon="2.958789"><ele>1021.2</ele></trkpt>
      <trkpt lat="45.837948" lon="2.958505"><ele>1016.8</ele></trkpt>
      <trkpt lat="45.838398" lon="2.958382"><ele>1012.8</ele></trkpt>
      <trkpt lat="45.838688" lon="2.958087"><ele>1008.4</ele></trkpt>
      <trkpt lat="45.839590" lon="2.957581"><ele>1002.6</ele></trkpt>
      <trkpt lat="45.839680" lon="2.957379"><ele>1001.2</ele></trkpt>
      <trkpt lat="45.840291" lon="2.956810"><ele>999.2</ele></trkpt>
      <trkpt lat="45.840940" lon="2.956734"><ele>998.8</ele></trkpt>
      <trkpt lat="45.841979" lon="2.957237"><ele>1002.2</ele></trkpt>
      <trkpt lat="45.842373" lon="2.957268"><ele>1002.2</ele></trkpt>
      <trkpt lat="45.842868" lon="2.957102"><ele>1001.2</ele></trkpt>
      <trkpt lat="45.843983" lon="2.957361"><ele>1004.0</ele></trkpt>
      <trkpt lat="45.844417" lon="2.957494"><ele>1005.0</ele></trkpt>
      <trkpt lat="45.844813" lon="2.957767"><ele>1006.6</ele></trkpt>
      <trkpt lat="45.845315" lon="2.957796"><ele>1004.8</ele></trkpt>
      <trkpt lat="45.845912" lon="2.958162"><ele>1005.0</ele></trkpt>
      <trkpt lat="45.847115" lon="2.958377"><ele>995.8</ele></trkpt>
      <trkpt lat="45.847531" lon="2.958701"><ele>995.2</ele></trkpt>
      <trkpt lat="45.848222" lon="2.959370"><ele>995.2</ele></trkpt>
      <trkpt lat="45.848497" lon="2.960073"><ele>998.4</ele></trkpt>
      <trkpt lat="45.848666" lon="2.960161"><ele>998.4</ele></trkpt>
      <trkpt lat="45.849063" lon="2.960681"><ele>1002.0</ele></trkpt>
      <trkpt lat="45.849294" lon="2.960751"><ele>1002.6</ele></trkpt>
      <trkpt lat="45.849840" lon="2.961538"><ele>1010.2</ele></trkpt>
      <trkpt lat="45.850060" lon="2.961604"><ele>1010.6</ele></trkpt>
      <trkpt lat="45.850394" lon="2.962012"><ele>1015.0</ele></trkpt>
      <trkpt lat="45.850881" lon="2.962753"><ele>1026.4</ele></trkpt>
      <trkpt lat="45.850954" lon="2.963003"><ele>1029.2</ele></trkpt>
      <trkpt lat="45.850911" lon="2.963147"><ele>1031.6</ele></trkpt>
      <trkpt lat="45.851129" lon="2.963261"><ele>1031.4</ele></trkpt>
      <trkpt lat="45.851293" lon="2.963582"><ele>1033.4</ele></trkpt>
      <trkpt lat="45.851546" lon="2.963692"><ele>1033.2</ele></trkpt>
      <trkpt lat="45.851881" lon="2.964276"><ele>1034.6</ele></trkpt>
      <trkpt lat="45.852102" lon="2.964487"><ele>1033.4</ele></trkpt>
      <trkpt lat="45.852189" lon="2.964865"><ele>1032.4</ele></trkpt>
      <trkpt lat="45.852448" lon="2.965338"><ele>1027.8</ele></trkpt>
      <trkpt lat="45.852627" lon="2.965919"><ele>1023.8</ele></trkpt>
      <trkpt lat="45.853028" lon="2.966469"><ele>1017.0</ele></trkpt>
      <trkpt lat="45.853044" lon="2.966680"><ele>1016.2</ele></trkpt>
      <trkpt lat="45.852927" lon="2.966945"><ele>1017.8</ele></trkpt>
      <trkpt lat="45.853001" lon="2.967159"><ele>1016.0</ele></trkpt>
      <trkpt lat="45.853829" lon="2.967614"><ele>1003.8</ele></trkpt>
      <trkpt lat="45.854384" lon="2.967338"><ele>997.4</ele></trkpt>
      <trkpt lat="45.855145" lon="2.967210"><ele>990.2</ele></trkpt>
      <trkpt lat="45.855907" lon="2.967277"><ele>978.4</ele></trkpt>
      <trkpt lat="45.855911" lon="2.967442"><ele>973.8</ele></trkpt>
      <trkpt lat="45.855061" lon="2.968474"><ele>964.0</ele></trkpt>
      <trkpt lat="45.856016" lon="2.968936"><ele>939.0</ele></trkpt>
      <trkpt lat="45.855982" lon="2.969346"><ele>935.6</ele></trkpt>
      <trkpt lat="45.856052" lon="2.969563"><ele>932.4</ele></trkpt>
      <trkpt lat="45.855762" lon="2.970051"><ele>936.6</ele></trkpt>
      <trkpt lat="45.855606" lon="2.970164"><ele>941.0</ele></trkpt>
      <trkpt lat="45.855595" lon="2.970725"><ele>941.4</ele></trkpt>
      <trkpt lat="45.854739" lon="2.972204"><ele>962.0</ele></trkpt>
      <trkpt lat="45.854610" lon="2.972661"><ele>963.4</ele></trkpt>
      <trkpt lat="45.854603" lon="2.974156"><ele>956.0</ele></trkpt>
      <trkpt lat="45.854471" lon="2.974355"><ele>954.4</ele></trkpt>
      <trkpt lat="45.854125" lon="2.974507"><ele>958.6</ele></trkpt>
      <trkpt lat="45.853827" lon="2.975006"><ele>958.6</ele></trkpt>
      <trkpt lat="45.853378" lon="2.975354"><ele>957.0</ele></trkpt>
      <trkpt lat="45.852906" lon="2.975510"><ele>950.0</ele></trkpt>
      <trkpt lat="45.852155" lon="2.975473"><ele>950.6</ele></trkpt>
      <trkpt lat="45.851931" lon="2.974955"><ele>961.8</ele></trkpt>
      <trkpt lat="45.851628" lon="2.974739"><ele>962.6</ele></trkpt>
      <trkpt lat="45.851334" lon="2.973827"><ele>983.2</ele></trkpt>
      <trkpt lat="45.851034" lon="2.973639"><ele>986.4</ele></trkpt>
      <trkpt lat="45.850450" lon="2.973678"><ele>990.6</ele></trkpt>
      <trkpt lat="45.850065" lon="2.973889"><ele>988.0</ele></trkpt>
      <trkpt lat="45.848741" lon="2.974204"><ele>977.8</ele></trkpt>
      <trkpt lat="45.848508" lon="2.974423"><ele>966.4</ele></trkpt>
      <trkpt lat="45.848302" lon="2.974478"><ele>964.0</ele></trkpt>
      <trkpt lat="45.848167" lon="2.974736"><ele>956.4</ele></trkpt>
      <trkpt lat="45.847882" lon="2.974858"><ele>955.8</ele></trkpt>
      <trkpt lat="45.847273" lon="2.975395"><ele>940.2</ele></trkpt>
      <trkpt lat="45.847351" lon="2.975533"><ele>936.8</ele></trkpt>
      <trkpt lat="45.847305" lon="2.975900"><ele>929.8</ele></trkpt>
      <trkpt lat="45.847353" lon="2.976062"><ele>927.6</ele></trkpt>
      <trkpt lat="45.847946" lon="2.976625"><ele>919.2</ele></trkpt>
      <trkpt lat="45.848101" lon="2.976880"><ele>914.6</ele></trkpt>
      <trkpt lat="45.848117" lon="2.977088"><ele>911.0</ele></trkpt>
      <trkpt lat="45.848256" lon="2.977220"><ele>907.8</ele></trkpt>
      <trkpt lat="45.847938" lon="2.977644"><ele>905.4</ele></trkpt>
      <trkpt lat="45.847716" lon="2.978125"><ele>900.4</ele></trkpt>
      <trkpt lat="45.847496" lon="2.978273"><ele>897.8</ele></trkpt>
      <trkpt lat="45.847184" lon="2.978294"><ele>895.2</ele></trkpt>
      <trkpt lat="45.847152" lon="2.978440"><ele>892.2</ele></trkpt>
      <trkpt lat="45.847269" lon="2.978598"><ele>890.8</ele></trkpt>
      <trkpt lat="45.847836" lon="2.978801"><ele>891.0</ele></trkpt>
      <trkpt lat="45.848684" lon="2.978686"><ele>890.6</ele></trkpt>
      <trkpt lat="45.849257" lon="2.978829"><ele>887.2</ele></trkpt>
      <trkpt lat="45.849624" lon="2.978497"><ele>885.8</ele></trkpt>
      <trkpt lat="45.849781" lon="2.978170"><ele>886.6</ele></trkpt>
      <trkpt lat="45.850317" lon="2.978026"><ele>883.2</ele></trkpt>
      <trkpt lat="45.850879" lon="2.978228"><ele>881.6</ele></trkpt>
      <trkpt lat="45.851193" lon="2.978552"><ele>881.0</ele></trkpt>
      <trkpt lat="45.851293" lon="2.978945"><ele>881.6</ele></trkpt>
      <trkpt lat="45.851112" lon="2.979822"><ele>878.2</ele></trkpt>
      <trkpt lat="45.850839" lon="2.980036"><ele>879.0</ele></trkpt>
      <trkpt lat="45.850369" lon="2.981351"><ele>870.6</ele></trkpt>
      <trkpt lat="45.851031" lon="2.981856"><ele>865.0</ele></trkpt>
      <trkpt lat="45.851079" lon="2.982228"><ele>865.0</ele></trkpt>
      <trkpt lat="45.851289" lon="2.982770"><ele>862.6</ele></trkpt>
      <trkpt lat="45.851738" lon="2.983423"><ele>854.6</ele></trkpt>
      <trkpt lat="45.851908" lon="2.983893"><ele>851.4</ele></trkpt>
      <trkpt lat="45.852142" lon="2.985093"><ele>851.8</ele></trkpt>
      <trkpt lat="45.852809" lon="2.985784"><ele>846.8</ele></trkpt>
      <trkpt lat="45.853007" lon="2.986386"><ele>847.0</ele></trkpt>
      <trkpt lat="45.853373" lon="2.986505"><ele>846.0</ele></trkpt>
      <trkpt lat="45.853958" lon="2.986358"><ele>846.8</ele></trkpt>
      <trkpt lat="45.854501" lon="2.986824"><ele>840.6</ele></trkpt>
      <trkpt lat="45.854651" lon="2.987099"><ele>838.4</ele></trkpt>
      <trkpt lat="45.854809" lon="2.987673"><ele>835.0</ele></trkpt>
      <trkpt lat="45.854832" lon="2.988201"><ele>833.0</ele></trkpt>
      <trkpt lat="45.855158" lon="2.988534"><ele>831.0</ele></trkpt>
      <trkpt lat="45.855606" lon="2.990141"><ele>827.2</ele></trkpt>
      <trkpt lat="45.855647" lon="2.990998"><ele>823.0</ele></trkpt>
      <trkpt lat="45.855584" lon="2.991315"><ele>822.2</ele></trkpt>
      <trkpt lat="45.855885" lon="2.991802"><ele>819.2</ele></trkpt>
      <trkpt lat="45.855859" lon="2.992060"><ele>818.4</ele></trkpt>
      <trkpt lat="45.855626" lon="2.992593"><ele>819.0</ele></trkpt>
      <trkpt lat="45.855504" lon="2.993982"><ele>811.8</ele></trkpt>
      <trkpt lat="45.855532" lon="2.994699"><ele>811.8</ele></trkpt>
      <trkpt lat="45.855416" lon="2.995163"><ele>813.0</ele></trkpt>
      <trkpt lat="45.855552" lon="2.995552"><ele>811.8</ele></trkpt>
      <trkpt lat="45.855932" lon="2.996216"><ele>802.4</ele></trkpt>
      <trkpt lat="45.856071" lon="2.996206"><ele>802.0</ele></trkpt>
      <trkpt lat="45.856490" lon="2.995812"><ele>805.2</ele></trkpt>
      <trkpt lat="45.856765" lon="2.995151"><ele>811.8</ele></trkpt>
      <trkpt lat="45.857246" lon="2.994629"><ele>817.6</ele></trkpt>
      <trkpt lat="45.857554" lon="2.994480"><ele>819.0</ele></trkpt>
      <trkpt lat="45.858083" lon="2.993928"><ele>827.2</ele></trkpt>
      <trkpt lat="45.858359" lon="2.993764"><ele>832.0</ele></trkpt>
      <trkpt lat="45.859034" lon="2.993747"><ele>845.0</ele></trkpt>
      <trkpt lat="45.859254" lon="2.993607"><ele>851.2</ele></trkpt>
      <trkpt lat="45.859307" lon="2.993443"><ele>855.0</ele></trkpt>
      <trkpt lat="45.859257" lon="2.993265"><ele>856.4</ele></trkpt>
      <trkpt lat="45.859386" lon="2.992888"><ele>865.2</ele></trkpt>
      <trkpt lat="45.859310" lon="2.992522"><ele>867.2</ele></trkpt>
      <trkpt lat="45.859590" lon="2.991782"><ele>883.4</ele></trkpt>
      <trkpt lat="45.859474" lon="2.991591"><ele>884.4</ele></trkpt>
      <trkpt lat="45.859565" lon="2.991267"><ele>892.0</ele></trkpt>
      <trkpt lat="45.859656" lon="2.991043"><ele>898.0</ele></trkpt>
      <trkpt lat="45.859922" lon="2.991103"><ele>899.0</ele></trkpt>
      <trkpt lat="45.860201" lon="2.990751"><ele>904.2</ele></trkpt>
      <trkpt lat="45.860352" lon="2.990173"><ele>912.4</ele></trkpt>
      <trkpt lat="45.860536" lon="2.989941"><ele>909.2</ele></trkpt>
      <trkpt lat="45.860493" lon="2.989862"><ele>911.8</ele></trkpt>
      <trkpt lat="45.860667" lon="2.989687"><ele>909.6</ele></trkpt>
      <trkpt lat="45.860682" lon="2.989475"><ele>914.2</ele></trkpt>
      <trkpt lat="45.860995" lon="2.989082"><ele>917.4</ele></trkpt>
      <trkpt lat="45.861068" lon="2.988846"><ele>920.8</ele></trkpt>
      <trkpt lat="45.861008" lon="2.988550"><ele>928.0</ele></trkpt>
      <trkpt lat="45.861063" lon="2.988370"><ele>930.8</ele></trkpt>
      <trkpt lat="45.861467" lon="2.988400"><ele>926.4</ele></trkpt>
      <trkpt lat="45.861757" lon="2.988547"><ele>925.8</ele></trkpt>
      <trkpt lat="45.861861" lon="2.988718"><ele>923.8</ele></trkpt>
      <trkpt lat="45.861729" lon="2.989417"><ele>914.6</ele></trkpt>
      <trkpt lat="45.861839" lon="2.989612"><ele>911.6</ele></trkpt>
      <trkpt lat="45.861760" lon="2.989822"><ele>905.8</ele></trkpt>
      <trkpt lat="45.861681" lon="2.990886"><ele>887.8</ele></trkpt>
      <trkpt lat="45.861864" lon="2.991261"><ele>885.6</ele></trkpt>
      <trkpt lat="45.861596" lon="2.991814"><ele>879.6</ele></trkpt>
      <trkpt lat="45.861625" lon="2.992050"><ele>878.6</ele></trkpt>
      <trkpt lat="45.861905" lon="2.992297"><ele>879.0</ele></trkpt>
      <trkpt lat="45.862748" lon="2.992651"><ele>877.8</ele></trkpt>
      <trkpt lat="45.862764" lon="2.992770"><ele>876.6</ele></trkpt>
      <trkpt lat="45.862916" lon="2.992870"><ele>875.6</ele></trkpt>
      <trkpt lat="45.863173" lon="2.993275"><ele>874.8</ele></trkpt>
      <trkpt lat="45.863159" lon="2.993996"><ele>873.0</ele></trkpt>
      <trkpt lat="45.863449" lon="2.994067"><ele>873.8</ele></trkpt>
      <trkpt lat="45.863724" lon="2.994351"><ele>871.8</ele></trkpt>
      <trkpt lat="45.863783" lon="2.994663"><ele>871.0</ele></trkpt>
      <trkpt lat="45.863999" lon="2.995058"><ele>870.4</ele></trkpt>
      <trkpt lat="45.864479" lon="2.995023"><ele>872.6</ele></trkpt>
      <trkpt lat="45.864903" lon="2.994761"><ele>872.8</ele></trkpt>
      <trkpt lat="45.865112" lon="2.995001"><ele>869.0</ele></trkpt>
      <trkpt lat="45.864910" lon="2.995470"><ele>868.4</ele></trkpt>
      <trkpt lat="45.864862" lon="2.996395"><ele>867.6</ele></trkpt>
      <trkpt lat="45.864645" lon="2.996633"><ele>867.2</ele></trkpt>
      <trkpt lat="45.864290" lon="2.996559"><ele>868.6</ele></trkpt>
      <trkpt lat="45.864149" lon="2.996634"><ele>867.8</ele></trkpt>
      <trkpt lat="45.863879" lon="2.997311"><ele>859.4</ele></trkpt>
      <trkpt lat="45.863214" lon="2.997207"><ele>860.4</ele></trkpt>
      <trkpt lat="45.863017" lon="2.997552"><ele>851.2</ele></trkpt>
      <trkpt lat="45.862937" lon="2.998583"><ele>829.6</ele></trkpt>
      <trkpt lat="45.862735" lon="2.999176"><ele>816.8</ele></trkpt>
      <trkpt lat="45.862797" lon="2.999732"><ele>804.2</ele></trkpt>
      <trkpt lat="45.862578" lon="3.000309"><ele>792.8</ele></trkpt>
      <trkpt lat="45.862583" lon="3.000884"><ele>787.4</ele></trkpt>
      <trkpt lat="45.862736" lon="3.001420"><ele>783.4</ele></trkpt>
      <trkpt lat="45.862689" lon="3.001577"><ele>783.6</ele></trkpt>
      <trkpt lat="45.862988" lon="3.001759"><ele>778.2</ele></trkpt>
      <trkpt lat="45.863331" lon="3.002139"><ele>774.0</ele></trkpt>
      <trkpt lat="45.863797" lon="3.002328"><ele>767.4</ele></trkpt>
      <trkpt lat="45.864183" lon="3.002664"><ele>763.0</ele></trkpt>
      <trkpt lat="45.864347" lon="3.003008"><ele>761.8</ele></trkpt>
      <trkpt lat="45.864505" lon="3.003059"><ele>761.2</ele></trkpt>
      <trkpt lat="45.864484" lon="3.003179"><ele>761.2</ele></trkpt>
      <trkpt lat="45.864426" lon="3.003147"><ele>761.4</ele></trkpt>
      <trkpt lat="45.864492" lon="3.003179"><ele>761.2</ele></trkpt>
      <trkpt lat="45.863927" lon="3.004018"><ele>758.8</ele></trkpt>
      <trkpt lat="45.864025" lon="3.004198"><ele>758.6</ele></trkpt>
      <trkpt lat="45.864353" lon="3.004397"><ele>759.4</ele></trkpt>
      <trkpt lat="45.864467" lon="3.004633"><ele>759.6</ele></trkpt>
      <trkpt lat="45.864811" lon="3.004773"><ele>758.0</ele></trkpt>
      <trkpt lat="45.864799" lon="3.005837"><ele>753.8</ele></trkpt>
      <trkpt lat="45.864908" lon="3.006057"><ele>753.6</ele></trkpt>
      <trkpt lat="45.864718" lon="3.006468"><ele>755.8</ele></trkpt>
      <trkpt lat="45.864696" lon="3.006801"><ele>756.8</ele></trkpt>
      <trkpt lat="45.865185" lon="3.007556"><ele>751.8</ele></trkpt>
      <trkpt lat="45.865161" lon="3.007399"><ele>752.2</ele></trkpt>
      <trkpt lat="45.865679" lon="3.007158"><ele>746.6</ele></trkpt>
      <trkpt lat="45.865881" lon="3.006868"><ele>744.8</ele></trkpt>
      <trkpt lat="45.866019" lon="3.007270"><ele>742.2</ele></trkpt>
      <trkpt lat="45.866743" lon="3.007640"><ele>723.4</ele></trkpt>
      <trkpt lat="45.866915" lon="3.007885"><ele>720.2</ele></trkpt>
      <trkpt lat="45.866988" lon="3.008334"><ele>716.0</ele></trkpt>
      <trkpt lat="45.866817" lon="3.009566"><ele>708.0</ele></trkpt>
      <trkpt lat="45.867058" lon="3.010113"><ele>696.4</ele></trkpt>
      <trkpt lat="45.867102" lon="3.010453"><ele>690.4</ele></trkpt>
      <trkpt lat="45.867008" lon="3.010949"><ele>685.4</ele></trkpt>
      <trkpt lat="45.867067" lon="3.011365"><ele>680.6</ele></trkpt>
      <trkpt lat="45.867019" lon="3.011815"><ele>676.2</ele></trkpt>
      <trkpt lat="45.867118" lon="3.012344"><ele>670.0</ele></trkpt>
      <trkpt lat="45.867191" lon="3.013759"><ele>666.6</ele></trkpt>
      <trkpt lat="45.867476" lon="3.014303"><ele>668.4</ele></trkpt>
      <trkpt lat="45.867375" lon="3.015017"><ele>670.6</ele></trkpt>
      <trkpt lat="45.867512" lon="3.015391"><ele>668.6</ele></trkpt>
      <trkpt lat="45.867785" lon="3.015682"><ele>664.2</ele></trkpt>
      <trkpt lat="45.867679" lon="3.016160"><ele>662.8</ele></trkpt>
      <trkpt lat="45.867916" lon="3.016389"><ele>659.2</ele></trkpt>
      <trkpt lat="45.867936" lon="3.016730"><ele>657.6</ele></trkpt>
      <trkpt lat="45.868159" lon="3.016629"><ele>657.0</ele></trkpt>
      <trkpt lat="45.868321" lon="3.017135"><ele>656.4</ele></trkpt>
      <trkpt lat="45.868479" lon="3.017383"><ele>656.0</ele></trkpt>
      <trkpt lat="45.869057" lon="3.017600"><ele>654.2</ele></trkpt>
      <trkpt lat="45.869413" lon="3.017466"><ele>653.0</ele></trkpt>
      <trkpt lat="45.870023" lon="3.016916"><ele>650.4</ele></trkpt>
      <trkpt lat="45.870369" lon="3.016810"><ele>649.0</ele></trkpt>
      <trkpt lat="45.870870" lon="3.016843"><ele>647.8</ele></trkpt>
      <trkpt lat="45.871510" lon="3.017092"><ele>645.2</ele></trkpt>
      <trkpt lat="45.871820" lon="3.017458"><ele>645.4</ele></trkpt>
      <trkpt lat="45.871862" lon="3.017982"><ele>641.6</ele></trkpt>
      <trkpt lat="45.871754" lon="3.018253"><ele>638.4</ele></trkpt>
      <trkpt lat="45.871803" lon="3.018988"><ele>631.0</ele></trkpt>
      <trkpt lat="45.872135" lon="3.019264"><ele>625.8</ele></trkpt>
      <trkpt lat="45.872496" lon="3.019191"><ele>629.0</ele></trkpt>
      <trkpt lat="45.872640" lon="3.019438"><ele>626.2</ele></trkpt>
      <trkpt lat="45.873168" lon="3.019749"><ele>626.6</ele></trkpt>
      <trkpt lat="45.873354" lon="3.019999"><ele>621.8</ele></trkpt>
      <trkpt lat="45.873601" lon="3.020102"><ele>621.6</ele></trkpt>
      <trkpt lat="45.873989" lon="3.020483"><ele>621.6</ele></trkpt>
      <trkpt lat="45.874288" lon="3.020808"><ele>618.2</ele></trkpt>
      <trkpt lat="45.874372" lon="3.021070"><ele>616.6</ele></trkpt>
      <trkpt lat="45.874748" lon="3.021213"><ele>615.2</ele></trkpt>
      <trkpt lat="45.875124" lon="3.021584"><ele>614.0</ele></trkpt>
      <trkpt lat="45.875218" lon="3.021872"><ele>614.4</ele></trkpt>
      <trkpt lat="45.875173" lon="3.022106"><ele>614.8</ele></trkpt>
      <trkpt lat="45.874713" lon="3.023474"><ele>612.0</ele></trkpt>
      <trkpt lat="45.874495" lon="3.023582"><ele>611.6</ele></trkpt>
      <trkpt lat="45.874390" lon="3.023525"><ele>611.8</ele></trkpt>
      <trkpt lat="45.874196" lon="3.023153"><ele>611.8</ele></trkpt>
      <trkpt lat="45.873955" lon="3.022960"><ele>611.2</ele></trkpt>
      <trkpt lat="45.873864" lon="3.022707"><ele>610.6</ele></trkpt>
      <trkpt lat="45.873630" lon="3.023207"><ele>612.0</ele></trkpt>
      <trkpt lat="45.873621" lon="3.023418"><ele>611.4</ele></trkpt>
      <trkpt lat="45.873780" lon="3.023809"><ele>610.4</ele></trkpt>
      <trkpt lat="45.873580" lon="3.024446"><ele>607.0</ele></trkpt>
      <trkpt lat="45.873529" lon="3.024926"><ele>602.8</ele></trkpt>
      <trkpt lat="45.873750" lon="3.025319"><ele>600.8</ele></trkpt>
      <trkpt lat="45.874057" lon="3.025293"><ele>602.8</ele></trkpt>
      <trkpt lat="45.874417" lon="3.025500"><ele>603.6</ele></trkpt>
      <trkpt lat="45.874354" lon="3.025976"><ele>598.6</ele></trkpt>
      <trkpt lat="45.874114" lon="3.026144"><ele>595.8</ele></trkpt>
      <trkpt lat="45.874040" lon="3.026310"><ele>595.0</ele></trkpt>
      <trkpt lat="45.874588" lon="3.026601"><ele>596.0</ele></trkpt>
      <trkpt lat="45.874743" lon="3.026946"><ele>595.2</ele></trkpt>
      <trkpt lat="45.875094" lon="3.027186"><ele>597.8</ele></trkpt>
      <trkpt lat="45.875985" lon="3.027479"><ele>610.6</ele></trkpt>
      <trkpt lat="45.877756" lon="3.027498"><ele>631.0</ele></trkpt>
      <trkpt lat="45.878437" lon="3.027709"><ele>642.2</ele></trkpt>
      <trkpt lat="45.879268" lon="3.027661"><ele>657.2</ele></trkpt>
      <trkpt lat="45.879475" lon="3.027788"><ele>661.6</ele></trkpt>
      <trkpt lat="45.879701" lon="3.027752"><ele>665.0</ele></trkpt>
      <trkpt lat="45.880171" lon="3.028016"><ele>672.4</ele></trkpt>
      <trkpt lat="45.880441" lon="3.028507"><ele>673.8</ele></trkpt>
      <trkpt lat="45.881371" lon="3.029593"><ele>666.8</ele></trkpt>
      <trkpt lat="45.881877" lon="3.030622"><ele>657.8</ele></trkpt>
      <trkpt lat="45.882234" lon="3.031164"><ele>653.0</ele></trkpt>
      <trkpt lat="45.882603" lon="3.031487"><ele>649.6</ele></trkpt>
      <trkpt lat="45.882890" lon="3.032016"><ele>644.2</ele></trkpt>
      <trkpt lat="45.882941" lon="3.031880"><ele>641.4</ele></trkpt>
      <trkpt lat="45.882789" lon="3.031333"><ele>644.8</ele></trkpt>
      <trkpt lat="45.882847" lon="3.031025"><ele>644.2</ele></trkpt>
      <trkpt lat="45.882981" lon="3.030804"><ele>643.2</ele></trkpt>
      <trkpt lat="45.883255" lon="3.030848"><ele>640.4</ele></trkpt>
      <trkpt lat="45.883541" lon="3.031199"><ele>632.0</ele></trkpt>
      <trkpt lat="45.883951" lon="3.030940"><ele>628.6</ele></trkpt>
      <trkpt lat="45.884201" lon="3.030895"><ele>624.8</ele></trkpt>
      <trkpt lat="45.884606" lon="3.031048"><ele>613.6</ele></trkpt>
      <trkpt lat="45.884827" lon="3.029773"><ele>619.2</ele></trkpt>
      <trkpt lat="45.884926" lon="3.029501"><ele>620.2</ele></trkpt>
      <trkpt lat="45.885146" lon="3.029337"><ele>618.4</ele></trkpt>
      <trkpt lat="45.885463" lon="3.029723"><ele>612.0</ele></trkpt>
      <trkpt lat="45.885650" lon="3.030753"><ele>600.2</ele></trkpt>
      <trkpt lat="45.885948" lon="3.031091"><ele>604.6</ele></trkpt>
      <trkpt lat="45.885927" lon="3.031357"><ele>599.8</ele></trkpt>
      <trkpt lat="45.886123" lon="3.031688"><ele>604.4</ele></trkpt>
      <trkpt lat="45.886421" lon="3.032013"><ele>612.4</ele></trkpt>
      <trkpt lat="45.886895" lon="3.032277"><ele>623.6</ele></trkpt>
      <trkpt lat="45.887559" lon="3.032559"><ele>637.4</ele></trkpt>
      <trkpt lat="45.888065" lon="3.032645"><ele>644.0</ele></trkpt>
      <trkpt lat="45.888249" lon="3.032435"><ele>646.0</ele></trkpt>
      <trkpt lat="45.888470" lon="3.031939"><ele>649.0</ele></trkpt>
      <trkpt lat="45.888418" lon="3.031800"><ele>651.6</ele></trkpt>
      <trkpt lat="45.888675" lon="3.031301"><ele>648.8</ele></trkpt>
      <trkpt lat="45.888882" lon="3.030368"><ele>657.8</ele></trkpt>
      <trkpt lat="45.889094" lon="3.030301"><ele>654.4</ele></trkpt>
      <trkpt lat="45.889524" lon="3.030407"><ele>644.0</ele></trkpt>
      <trkpt lat="45.889689" lon="3.030300"><ele>648.8</ele></trkpt>
      <trkpt lat="45.890219" lon="3.029350"><ele>660.6</ele></trkpt>
      <trkpt lat="45.890419" lon="3.028369"><ele>669.2</ele></trkpt>
      <trkpt lat="45.890367" lon="3.027998"><ele>675.2</ele></trkpt>
      <trkpt lat="45.890490" lon="3.027650"><ele>675.8</ele></trkpt>
      <trkpt lat="45.890631" lon="3.027689"><ele>674.0</ele></trkpt>
      <trkpt lat="45.890864" lon="3.028037"><ele>669.6</ele></trkpt>
      <trkpt lat="45.891295" lon="3.028306"><ele>669.6</ele></trkpt>
      <trkpt lat="45.891466" lon="3.028662"><ele>666.2</ele></trkpt>
      <trkpt lat="45.891679" lon="3.028861"><ele>666.2</ele></trkpt>
      <trkpt lat="45.891910" lon="3.029401"><ele>664.0</ele></trkpt>
      <trkpt lat="45.892399" lon="3.029512"><ele>666.4</ele></trkpt>
      <trkpt lat="45.893047" lon="3.029848"><ele>662.8</ele></trkpt>
      <trkpt lat="45.893222" lon="3.029987"><ele>661.8</ele></trkpt>
      <trkpt lat="45.893392" lon="3.030309"><ele>658.8</ele></trkpt>
      <trkpt lat="45.893624" lon="3.031647"><ele>657.4</ele></trkpt>
      <trkpt lat="45.893842" lon="3.032139"><ele>658.4</ele></trkpt>
      <trkpt lat="45.893859" lon="3.033550"><ele>658.2</ele></trkpt>
      <trkpt lat="45.893772" lon="3.034009"><ele>661.4</ele></trkpt>
      <trkpt lat="45.893435" lon="3.034261"><ele>663.0</ele></trkpt>
      <trkpt lat="45.893208" lon="3.034230"><ele>662.2</ele></trkpt>
      <trkpt lat="45.892905" lon="3.034402"><ele>656.6</ele></trkpt>
      <trkpt lat="45.892715" lon="3.034285"><ele>649.2</ele></trkpt>
      <trkpt lat="45.892849" lon="3.035436"><ele>643.4</ele></trkpt>
      <trkpt lat="45.893034" lon="3.035997"><ele>647.2</ele></trkpt>
      <trkpt lat="45.893034" lon="3.036663"><ele>644.8</ele></trkpt>
      <trkpt lat="45.893140" lon="3.037071"><ele>649.2</ele></trkpt>
      <trkpt lat="45.893096" lon="3.037571"><ele>649.8</ele></trkpt>
      <trkpt lat="45.892512" lon="3.037540"><ele>640.4</ele></trkpt>
      <trkpt lat="45.891977" lon="3.037028"><ele>629.2</ele></trkpt>
      <trkpt lat="45.891659" lon="3.036978"><ele>619.6</ele></trkpt>
      <trkpt lat="45.891459" lon="3.037345"><ele>614.2</ele></trkpt>
      <trkpt lat="45.891733" lon="3.037842"><ele>619.0</ele></trkpt>
      <trkpt lat="45.891832" lon="3.038249"><ele>619.8</ele></trkpt>
      <trkpt lat="45.891813" lon="3.039248"><ele>623.6</ele></trkpt>
      <trkpt lat="45.891006" lon="3.039570"><ele>614.4</ele></trkpt>
      <trkpt lat="45.890646" lon="3.039675"><ele>607.6</ele></trkpt>
      <trkpt lat="45.890703" lon="3.039619"><ele>607.8</ele></trkpt>
      <trkpt lat="45.890614" lon="3.039606"><ele>605.0</ele></trkpt>
      <trkpt lat="45.890554" lon="3.039843"><ele>609.2</ele></trkpt>
      <trkpt lat="45.890453" lon="3.039841"><ele>606.2</ele></trkpt>
      <trkpt lat="45.890361" lon="3.040023"><ele>606.8</ele></trkpt>
      <trkpt lat="45.890234" lon="3.040005"><ele>601.8</ele></trkpt>
      <trkpt lat="45.890275" lon="3.040203"><ele>605.6</ele></trkpt>
      <trkpt lat="45.890177" lon="3.040229"><ele>601.8</ele></trkpt>
      <trkpt lat="45.890225" lon="3.040327"><ele>603.8</ele></trkpt>
      <trkpt lat="45.890099" lon="3.040326"><ele>599.4</ele></trkpt>
      <trkpt lat="45.890208" lon="3.040510"><ele>603.4</ele></trkpt>
      <trkpt lat="45.890047" lon="3.040599"><ele>595.4</ele></trkpt>
      <trkpt lat="45.890185" lon="3.040647"><ele>600.4</ele></trkpt>
      <trkpt lat="45.890134" lon="3.040694"><ele>597.4</ele></trkpt>
      <trkpt lat="45.890261" lon="3.040883"><ele>600.6</ele></trkpt>
      <trkpt lat="45.890171" lon="3.040892"><ele>596.6</ele></trkpt>
      <trkpt lat="45.890217" lon="3.040889"><ele>598.8</ele></trkpt>
      <trkpt lat="45.890202" lon="3.041057"><ele>595.8</ele></trkpt>
      <trkpt lat="45.889795" lon="3.040983"><ele>582.8</ele></trkpt>
      <trkpt lat="45.889411" lon="3.040716"><ele>572.8</ele></trkpt>
      <trkpt lat="45.889366" lon="3.040781"><ele>570.2</ele></trkpt>
      <trkpt lat="45.889744" lon="3.041370"><ele>575.4</ele></trkpt>
      <trkpt lat="45.889961" lon="3.042328"><ele>560.4</ele></trkpt>
      <trkpt lat="45.890230" lon="3.042905"><ele>555.4</ele></trkpt>
      <trkpt lat="45.890333" lon="3.043449"><ele>549.2</ele></trkpt>
      <trkpt lat="45.890503" lon="3.043738"><ele>547.8</ele></trkpt>
      <trkpt lat="45.890785" lon="3.044164"><ele>545.6</ele></trkpt>
      <trkpt lat="45.891204" lon="3.044410"><ele>549.0</ele></trkpt>
      <trkpt lat="45.891435" lon="3.044687"><ele>545.4</ele></trkpt>
      <trkpt lat="45.892013" lon="3.044854"><ele>540.8</ele></trkpt>
      <trkpt lat="45.892000" lon="3.044995"><ele>535.2</ele></trkpt>
      <trkpt lat="45.891185" lon="3.044936"><ele>534.6</ele></trkpt>
      <trkpt lat="45.890443" lon="3.044553"><ele>525.2</ele></trkpt>
      <trkpt lat="45.889792" lon="3.043776"><ele>518.8</ele></trkpt>
      <trkpt lat="45.889657" lon="3.043308"><ele>522.4</ele></trkpt>
      <trkpt lat="45.889503" lon="3.043289"><ele>517.0</ele></trkpt>
      <trkpt lat="45.889194" lon="3.042892"><ele>511.6</ele></trkpt>
      <trkpt lat="45.889217" lon="3.043089"><ele>509.8</ele></trkpt>
      <trkpt lat="45.889507" lon="3.043450"><ele>514.8</ele></trkpt>
      <trkpt lat="45.889504" lon="3.043754"><ele>511.2</ele></trkpt>
      <trkpt lat="45.889681" lon="3.044206"><ele>510.6</ele></trkpt>
      <trkpt lat="45.889441" lon="3.043792"><ele>508.2</ele></trkpt>
      <trkpt lat="45.889363" lon="3.043456"><ele>509.6</ele></trkpt>
      <trkpt lat="45.889161" lon="3.043274"><ele>505.8</ele></trkpt>
      <trkpt lat="45.889032" lon="3.042781"><ele>509.6</ele></trkpt>
      <trkpt lat="45.888765" lon="3.042699"><ele>504.2</ele></trkpt>
      <trkpt lat="45.888386" lon="3.041890"><ele>509.0</ele></trkpt>
      <trkpt lat="45.888124" lon="3.041614"><ele>501.0</ele></trkpt>
      <trkpt lat="45.887898" lon="3.040918"><ele>499.6</ele></trkpt>
      <trkpt lat="45.887882" lon="3.040451"><ele>500.8</ele></trkpt>
      <trkpt lat="45.887989" lon="3.039627"><ele>501.8</ele></trkpt>
      <trkpt lat="45.888148" lon="3.039378"><ele>506.4</ele></trkpt>
      <trkpt lat="45.888281" lon="3.038870"><ele>513.4</ele></trkpt>
      <trkpt lat="45.888112" lon="3.038739"><ele>515.2</ele></trkpt>
      <trkpt lat="45.887765" lon="3.039087"><ele>505.8</ele></trkpt>
      <trkpt lat="45.887425" lon="3.038855"><ele>510.2</ele></trkpt>
      <trkpt lat="45.887265" lon="3.038166"><ele>518.2</ele></trkpt>
      <trkpt lat="45.886916" lon="3.037547"><ele>521.2</ele></trkpt>
      <trkpt lat="45.886514" lon="3.036950"><ele>529.4</ele></trkpt>
      <trkpt lat="45.886132" lon="3.036644"><ele>532.6</ele></trkpt>
      <trkpt lat="45.885997" lon="3.036280"><ele>535.4</ele></trkpt>
      <trkpt lat="45.885801" lon="3.036096"><ele>536.2</ele></trkpt>
      <trkpt lat="45.885508" lon="3.034814"><ele>549.8</ele></trkpt>
      <trkpt lat="45.885462" lon="3.033920"><ele>558.8</ele></trkpt>
      <trkpt lat="45.885230" lon="3.033478"><ele>563.8</ele></trkpt>
      <trkpt lat="45.885009" lon="3.032530"><ele>572.6</ele></trkpt>
      <trkpt lat="45.884736" lon="3.032972"><ele>578.4</ele></trkpt>
      <trkpt lat="45.884947" lon="3.033149"><ele>570.8</ele></trkpt>
      <trkpt lat="45.884997" lon="3.033470"><ele>570.2</ele></trkpt>
      <trkpt lat="45.884780" lon="3.034860"><ele>582.8</ele></trkpt>
      <trkpt lat="45.884786" lon="3.035395"><ele>580.4</ele></trkpt>
      <trkpt lat="45.884680" lon="3.035693"><ele>585.0</ele></trkpt>
      <trkpt lat="45.884399" lon="3.035868"><ele>595.2</ele></trkpt>
      <trkpt lat="45.884289" lon="3.036066"><ele>596.4</ele></trkpt>
      <trkpt lat="45.885003" lon="3.037745"><ele>596.0</ele></trkpt>
      <trkpt lat="45.884757" lon="3.037651"><ele>594.8</ele></trkpt>
      <trkpt lat="45.884563" lon="3.037961"><ele>591.0</ele></trkpt>
      <trkpt lat="45.884008" lon="3.037461"><ele>593.4</ele></trkpt>
      <trkpt lat="45.882004" lon="3.036337"><ele>609.0</ele></trkpt>
      <trkpt lat="45.880794" lon="3.036676"><ele>606.6</ele></trkpt>
      <trkpt lat="45.880295" lon="3.036705"><ele>606.4</ele></trkpt>
      <trkpt lat="45.879913" lon="3.036596"><ele>612.2</ele></trkpt>
      <trkpt lat="45.879052" lon="3.036730"><ele>616.2</ele></trkpt>
      <trkpt lat="45.878519" lon="3.036680"><ele>625.6</ele></trkpt>
      <trkpt lat="45.877758" lon="3.037014"><ele>624.0</ele></trkpt>
      <trkpt lat="45.877495" lon="3.037850"><ele>598.8</ele></trkpt>
      <trkpt lat="45.876860" lon="3.038549"><ele>570.8</ele></trkpt>
      <trkpt lat="45.876882" lon="3.038766"><ele>564.6</ele></trkpt>
      <trkpt lat="45.877572" lon="3.039082"><ele>555.2</ele></trkpt>
      <trkpt lat="45.877785" lon="3.039152"><ele>552.8</ele></trkpt>
      <trkpt lat="45.877899" lon="3.039073"><ele>554.2</ele></trkpt>
      <trkpt lat="45.877927" lon="3.039198"><ele>551.2</ele></trkpt>
      <trkpt lat="45.878113" lon="3.039204"><ele>550.0</ele></trkpt>
      <trkpt lat="45.878220" lon="3.039551"><ele>539.6</ele></trkpt>
      <trkpt lat="45.878120" lon="3.039882"><ele>530.0</ele></trkpt>
      <trkpt lat="45.877981" lon="3.040047"><ele>526.6</ele></trkpt>
      <trkpt lat="45.877772" lon="3.040195"><ele>523.4</ele></trkpt>
      <trkpt lat="45.877240" lon="3.040260"><ele>523.2</ele></trkpt>
      <trkpt lat="45.874978" lon="3.040340"><ele>497.8</ele></trkpt>
      <trkpt lat="45.874689" lon="3.040541"><ele>495.0</ele></trkpt>
      <trkpt lat="45.874675" lon="3.040764"><ele>494.2</ele></trkpt>
      <trkpt lat="45.875049" lon="3.041848"><ele>490.4</ele></trkpt>
      <trkpt lat="45.875273" lon="3.043641"><ele>481.0</ele></trkpt>
      <trkpt lat="45.876294" lon="3.043580"><ele>481.2</ele></trkpt>
      <trkpt lat="45.876526" lon="3.044020"><ele>481.2</ele></trkpt>
      <trkpt lat="45.876671" lon="3.044535"><ele>480.8</ele></trkpt>
      <trkpt lat="45.876661" lon="3.044774"><ele>480.6</ele></trkpt>
      <trkpt lat="45.876534" lon="3.044969"><ele>479.2</ele></trkpt>
      <trkpt lat="45.876204" lon="3.045011"><ele>479.6</ele></trkpt>
    </trkseg>
  </trk>
</gpx>
