<?xml version="1.0" encoding="UTF-8"?>
<gpx version="1.1" creator="gpx-processor" xmlns="http://www.topografix.com/GPX/1/1">
  <metadata><name>GRR - La Diagonale des Fous</name></metadata>
  <trk>
    <name>GRR - La Diagonale des Fous</name>
    <trkseg>
      <trkpt lat="-21.339260" lon="55.459076"><ele>19.6</ele></trkpt>
      <trkpt lat="-21.340426" lon="55.460384"><ele>19.4</ele></trkpt>
      <trkpt lat="-21.340621" lon="55.460723"><ele>19.4</ele></trkpt>
      <trkpt lat="-21.341262" lon="55.462458"><ele>21.2</ele></trkpt>
      <trkpt lat="-21.343583" lon="55.467946"><ele>21.4</ele></trkpt>
      <trkpt lat="-21.343652" lon="55.468615"><ele>21.6</ele></trkpt>
      <trkpt lat="-21.343648" lon="55.472866"><ele>20.6</ele></trkpt>
      <trkpt lat="-21.343703" lon="55.473445"><ele>20.6</ele></trkpt>
      <trkpt lat="-21.343637" lon="55.474902"><ele>20.0</ele></trkpt>
      <trkpt lat="-21.343639" lon="55.478383"><ele>19.4</ele></trkpt>
      <trkpt lat="-21.343753" lon="55.478976"><ele>19.4</ele></trkpt>
      <trkpt lat="-21.343886" lon="55.479261"><ele>19.2</ele></trkpt>
      <trkpt lat="-21.344464" lon="55.479927"><ele>19.0</ele></trkpt>
      <trkpt lat="-21.345316" lon="55.480403"><ele>19.0</ele></trkpt>
      <trkpt lat="-21.346710" lon="55.480586"><ele>18.2</ele></trkpt>
      <trkpt lat="-21.347129" lon="55.480878"><ele>18.6</ele></trkpt>
      <trkpt lat="-21.347558" lon="55.481708"><ele>18.6</ele></trkpt>
      <trkpt lat="-21.347724" lon="55.481812"><ele>18.8</ele></trkpt>
      <trkpt lat="-21.348032" lon="55.481771"><ele>18.8</ele></trkpt>
      <trkpt lat="-21.348195" lon="55.481923"><ele>18.6</ele></trkpt>
      <trkpt lat="-21.348386" lon="55.482240"><ele>18.4</ele></trkpt>
      <trkpt lat="-21.348692" lon="55.483088"><ele>17.6</ele></trkpt>
      <trkpt lat="-21.348922" lon="55.483460"><ele>17.4</ele></trkpt>
      <trkpt lat="-21.349280" lon="55.483603"><ele>17.2</ele></trkpt>
      <trkpt lat="-21.349475" lon="55.483778"><ele>17.8</ele></trkpt>
      <trkpt lat="-21.349669" lon="55.484401"><ele>20.8</ele></trkpt>
      <trkpt lat="-21.349652" lon="55.484605"><ele>23.0</ele></trkpt>
      <trkpt lat="-21.349560" lon="55.484718"><ele>24.2</ele></trkpt>
      <trkpt lat="-21.348680" lon="55.485123"><ele>29.8</ele></trkpt>
      <trkpt lat="-21.348232" lon="55.485557"><ele>35.0</ele></trkpt>
      <trkpt lat="-21.348145" lon="55.485790"><ele>37.0</ele></trkpt>
      <trkpt lat="-21.348189" lon="55.486104"><ele>38.2</ele></trkpt>
      <trkpt lat="-21.348141" lon="55.486327"><ele>39.4</ele></trkpt>
      <trkpt lat="-21.347935" lon="55.486780"><ele>41.0</ele></trkpt>
      <trkpt lat="-21.347711" lon="55.486954"><ele>42.0</ele></trkpt>
      <trkpt lat="-21.347243" lon="55.486963"><ele>46.2</ele></trkpt>
      <trkpt lat="-21.346760" lon="55.486657"><ele>51.6</ele></trkpt>
      <trkpt lat="-21.346377" lon="55.486617"><ele>54.0</ele></trkpt>
      <trkpt lat="-21.344135" lon="55.486835"><ele>68.6</ele></trkpt>
      <trkpt lat="-21.343488" lon="55.486721"><ele>70.0</ele></trkpt>
      <trkpt lat="-21.341794" lon="55.487297"><ele>77.0</ele></trkpt>
      <trkpt lat="-21.340885" lon="55.488264"><ele>81.4</ele></trkpt>
      <trkpt lat="-21.340161" lon="55.489618"><ele>87.6</ele></trkpt>
      <trkpt lat="-21.339278" lon="55.489706"><ele>91.8</ele></trkpt>
      <trkpt lat="-21.338924" lon="55.489986"><ele>93.4</ele></trkpt>
      <trkpt lat="-21.338827" lon="55.490399"><ele>96.6</ele></trkpt>
      <trkpt lat="-21.337968" lon="55.491476"><ele>104.2</ele></trkpt>
      <trkpt lat="-21.337683" lon="55.492300"><ele>105.0</ele></trkpt>
      <trkpt lat="-21.336979" lon="55.492622"><ele>106.4</ele></trkpt>
      <trkpt lat="-21.336425" lon="55.493214"><ele>108.4</ele></trkpt>
      <trkpt lat="-21.336354" lon="55.493386"><ele>109.0</ele></trkpt>
      <trkpt lat="-21.336391" lon="55.493515"><ele>110.0</ele></trkpt>
      <trkpt lat="-21.337241" lon="55.493784"><ele>113.6</ele></trkpt>
      <trkpt lat="-21.337482" lon="55.493955"><ele>114.4</ele></trkpt>
      <trkpt lat="-21.337811" lon="55.494770"><ele>117.6</ele></trkpt>
      <trkpt lat="-21.339327" lon="55.496418"><ele>116.4</ele></trkpt>
      <trkpt lat="-21.339609" lon="55.496923"><ele>115.6</ele></trkpt>
      <trkpt lat="-21.339587" lon="55.497359"><ele>115.8</ele></trkpt>
      <trkpt lat="-21.339204" lon="55.498094"><ele>116.2</ele></trkpt>
      <trkpt lat="-21.338999" lon="55.498729"><ele>115.8</ele></trkpt>
      <trkpt lat="-21.338973" lon="55.499708"><ele>117.6</ele></trkpt>
      <trkpt lat="-21.339163" lon="55.500525"><ele>121.4</ele></trkpt>
      <trkpt lat="-21.339209" lon="55.501219"><ele>125.4</ele></trkpt>
      <trkpt lat="-21.339300" lon="55.501375"><ele>125.2</ele></trkpt>
      <trkpt lat="-21.339786" lon="55.501687"><ele>123.8</ele></trkpt>
      <trkpt lat="-21.340290" lon="55.501620"><ele>124.6</ele></trkpt>
      <trkpt lat="-21.340702" lon="55.502383"><ele>129.4</ele></trkpt>
      <trkpt lat="-21.340594" lon="55.502538"><ele>131.8</ele></trkpt>
      <trkpt lat="-21.340035" lon="55.502900"><ele>137.2</ele></trkpt>
      <trkpt lat="-21.339838" lon="55.503246"><ele>140.4</ele></trkpt>
      <trkpt lat="-21.339684" lon="55.504030"><ele>147.0</ele></trkpt>
      <trkpt lat="-21.339862" lon="55.505369"><ele>153.0</ele></trkpt>
      <trkpt lat="-21.339616" lon="55.505380"><ele>154.6</ele></trkpt>
      <trkpt lat="-21.336779" lon="55.506915"><ele>182.6</ele></trkpt>
      <trkpt lat="-21.335556" lon="55.508169"><ele>210.0</ele></trkpt>
      <trkpt lat="-21.335275" lon="55.508528"><ele>218.0</ele></trkpt>
      <trkpt lat="-21.335246" lon="55.508693"><ele>219.2</ele></trkpt>
      <trkpt lat="-21.335464" lon="55.509164"><ele>217.6</ele></trkpt>
      <trkpt lat="-21.335894" lon="55.509793"><ele>221.2</ele></trkpt>
      <trkpt lat="-21.335879" lon="55.509899"><ele>221.0</ele></trkpt>
      <trkpt lat="-21.335631" lon="55.510301"><ele>225.4</ele></trkpt>
      <trkpt lat="-21.335143" lon="55.510847"><ele>233.0</ele></trkpt>
      <trkpt lat="-21.334144" lon="55.511594"><ele>239.0</ele></trkpt>
      <trkpt lat="-21.333729" lon="55.512023"><ele>244.6</ele></trkpt>
      <trkpt lat="-21.333056" lon="55.513132"><ele>254.8</ele></trkpt>
      <trkpt lat="-21.332511" lon="55.513864"><ele>258.0</ele></trkpt>
      <trkpt lat="-21.332097" lon="55.514136"><ele>254.8</ele></trkpt>
      <trkpt lat="-21.331916" lon="55.513905"><ele>260.6</ele></trkpt>
      <trkpt lat="-21.331606" lon="55.513149"><ele>270.0</ele></trkpt>
      <trkpt lat="-21.331430" lon="55.512957"><ele>269.2</ele></trkpt>
      <trkpt lat="-21.330350" lon="55.514287"><ele>280.2</ele></trkpt>
      <trkpt lat="-21.329235" lon="55.514668"><ele>291.6</ele></trkpt>
      <trkpt lat="-21.328805" lon="55.514648"><ele>295.6</ele></trkpt>
      <trkpt lat="-21.328188" lon="55.514745"><ele>303.4</ele></trkpt>
      <trkpt lat="-21.327499" lon="55.515103"><ele>312.2</ele></trkpt>
      <trkpt lat="-21.326698" lon="55.515873"><ele>318.8</ele></trkpt>
      <trkpt lat="-21.326202" lon="55.516492"><ele>324.6</ele></trkpt>
      <trkpt lat="-21.326792" lon="55.516956"><ele>322.8</ele></trkpt>
      <trkpt lat="-21.326852" lon="55.517108"><ele>322.4</ele></trkpt>
      <trkpt lat="-21.325342" lon="55.518699"><ele>353.0</ele></trkpt>
      <trkpt lat="-21.325369" lon="55.518859"><ele>354.2</ele></trkpt>
      <trkpt lat="-21.325673" lon="55.519079"><ele>356.4</ele></trkpt>
      <trkpt lat="-21.325732" lon="55.519344"><ele>359.0</ele></trkpt>
      <trkpt lat="-21.324933" lon="55.520463"><ele>371.8</ele></trkpt>
      <trkpt lat="-21.324296" lon="55.521191"><ele>384.2</ele></trkpt>
      <trkpt lat="-21.323455" lon="55.522803"><ele>398.4</ele></trkpt>
      <trkpt lat="-21.322717" lon="55.523471"><ele>410.4</ele></trkpt>
      <trkpt lat="-21.321670" lon="55.524742"><ele>419.0</ele></trkpt>
      <trkpt lat="-21.321169" lon="55.524954"><ele>426.0</ele></trkpt>
      <trkpt lat="-21.320995" lon="55.525447"><ele>433.8</ele></trkpt>
      <trkpt lat="-21.319582" lon="55.526879"><ele>460.0</ele></trkpt>
      <trkpt lat="-21.319315" lon="55.527284"><ele>463.4</ele></trkpt>
      <trkpt lat="-21.318939" lon="55.527496"><ele>466.8</ele></trkpt>
      <trkpt lat="-21.317769" lon="55.529763"><ele>490.4</ele></trkpt>
      <trkpt lat="-21.317243" lon="55.530458"><ele>500.2</ele></trkpt>
      <trkpt lat="-21.317130" lon="55.531575"><ele>512.4</ele></trkpt>
      <trkpt lat="-21.316998" lon="55.531938"><ele>515.4</ele></trkpt>
      <trkpt lat="-21.316258" lon="55.532052"><ele>525.0</ele></trkpt>
      <trkpt lat="-21.315739" lon="55.532348"><ele>531.0</ele></trkpt>
      <trkpt lat="-21.315676" lon="55.532561"><ele>533.2</ele></trkpt>
      <trkpt lat="-21.315746" lon="55.532676"><ele>534.0</ele></trkpt>
      <trkpt lat="-21.316123" lon="55.532676"><ele>536.4</ele></trkpt>
      <trkpt lat="-21.316240" lon="55.532754"><ele>537.8</ele></trkpt>
      <trkpt lat="-21.315666" lon="55.533136"><ele>544.0</ele></trkpt>
      <trkpt lat="-21.315319" lon="55.533463"><ele>547.2</ele></trkpt>
      <trkpt lat="-21.315187" lon="55.533506"><ele>548.2</ele></trkpt>
      <trkpt lat="-21.315105" lon="55.533454"><ele>549.2</ele></trkpt>
      <trkpt lat="-21.314911" lon="55.533155"><ele>552.0</ele></trkpt>
      <trkpt lat="-21.314916" lon="55.533406"><ele>555.4</ele></trkpt>
      <trkpt lat="-21.314734" lon="55.534213"><ele>560.0</ele></trkpt>
      <trkpt lat="-21.314831" lon="55.534293"><ele>561.2</ele></trkpt>
      <trkpt lat="-21.315179" lon="55.534154"><ele>564.6</ele></trkpt>
      <trkpt lat="-21.315255" lon="55.534208"><ele>565.4</ele></trkpt>
      <trkpt lat="-21.315053" lon="55.534462"><ele>568.2</ele></trkpt>
      <trkpt lat="-21.314914" lon="55.534854"><ele>570.2</ele></trkpt>
      <trkpt lat="-21.314814" lon="55.534938"><ele>570.6</ele></trkpt>
      <trkpt lat="-21.314529" lon="55.534858"><ele>572.4</ele></trkpt>
      <trkpt lat="-21.314272" lon="55.534891"><ele>574.6</ele></trkpt>
      <trkpt lat="-21.313583" lon="55.535261"><ele>580.2</ele></trkpt>
      <trkpt lat="-21.313462" lon="55.535465"><ele>581.6</ele></trkpt>
      <trkpt lat="-21.313509" lon="55.535645"><ele>582.8</ele></trkpt>
      <trkpt lat="-21.313870" lon="55.535666"><ele>585.2</ele></trkpt>
      <trkpt lat="-21.314006" lon="55.535813"><ele>586.2</ele></trkpt>
      <trkpt lat="-21.313527" lon="55.536220"><ele>591.4</ele></trkpt>
      <trkpt lat="-21.312869" lon="55.536628"><ele>596.4</ele></trkpt>
      <trkpt lat="-21.312735" lon="55.536834"><ele>597.8</ele></trkpt>
      <trkpt lat="-21.312445" lon="55.536717"><ele>600.2</ele></trkpt>
      <trkpt lat="-21.312323" lon="55.536788"><ele>601.4</ele></trkpt>
      <trkpt lat="-21.312205" lon="55.537487"><ele>606.8</ele></trkpt>
      <trkpt lat="-21.311707" lon="55.538286"><ele>614.4</ele></trkpt>
      <trkpt lat="-21.311316" lon="55.539267"><ele>622.4</ele></trkpt>
      <trkpt lat="-21.311523" lon="55.540124"><ele>627.4</ele></trkpt>
      <trkpt lat="-21.311070" lon="55.540879"><ele>632.2</ele></trkpt>
      <trkpt lat="-21.311122" lon="55.541680"><ele>634.0</ele></trkpt>
      <trkpt lat="-21.311413" lon="55.542234"><ele>635.4</ele></trkpt>
      <trkpt lat="-21.311419" lon="55.542450"><ele>635.4</ele></trkpt>
      <trkpt lat="-21.310955" lon="55.543117"><ele>631.4</ele></trkpt>
      <trkpt lat="-21.310863" lon="55.543372"><ele>630.4</ele></trkpt>
      <trkpt lat="-21.311002" lon="55.544303"><ele>626.2</ele></trkpt>
      <trkpt lat="-21.311178" lon="55.544434"><ele>625.0</ele></trkpt>
      <trkpt lat="-21.311307" lon="55.544844"><ele>622.6</ele></trkpt>
      <trkpt lat="-21.311630" lon="55.544789"><ele>622.8</ele></trkpt>
      <trkpt lat="-21.311829" lon="55.544510"><ele>624.6</ele></trkpt>
      <trkpt lat="-21.311758" lon="55.543892"><ele>627.6</ele></trkpt>
      <trkpt lat="-21.311855" lon="55.543497"><ele>630.0</ele></trkpt>
      <trkpt lat="-21.312614" lon="55.542882"><ele>636.6</ele></trkpt>
      <trkpt lat="-21.312953" lon="55.542480"><ele>639.8</ele></trkpt>
      <trkpt lat="-21.313065" lon="55.542291"><ele>640.8</ele></trkpt>
      <trkpt lat="-21.313143" lon="55.541763"><ele>642.0</ele></trkpt>
      <trkpt lat="-21.313265" lon="55.541727"><ele>641.8</ele></trkpt>
      <trkpt lat="-21.313452" lon="55.541940"><ele>640.6</ele></trkpt>
      <trkpt lat="-21.312916" lon="55.543471"><ele>649.8</ele></trkpt>
      <trkpt lat="-21.312792" lon="55.544045"><ele>657.4</ele></trkpt>
      <trkpt lat="-21.312659" lon="55.544174"><ele>659.4</ele></trkpt>
      <trkpt lat="-21.312706" lon="55.544490"><ele>662.8</ele></trkpt>
      <trkpt lat="-21.312632" lon="55.545183"><ele>668.4</ele></trkpt>
      <trkpt lat="-21.312927" lon="55.545330"><ele>669.4</ele></trkpt>
      <trkpt lat="-21.312993" lon="55.545568"><ele>670.4</ele></trkpt>
      <trkpt lat="-21.312673" lon="55.545928"><ele>674.6</ele></trkpt>
      <trkpt lat="-21.312141" lon="55.545757"><ele>670.0</ele></trkpt>
      <trkpt lat="-21.312033" lon="55.545818"><ele>668.4</ele></trkpt>
      <trkpt lat="-21.311988" lon="55.546259"><ele>664.2</ele></trkpt>
      <trkpt lat="-21.311838" lon="55.546265"><ele>669.6</ele></trkpt>
      <trkpt lat="-21.311878" lon="55.546625"><ele>675.2</ele></trkpt>
      <trkpt lat="-21.311701" lon="55.547083"><ele>680.4</ele></trkpt>
      <trkpt lat="-21.311771" lon="55.547327"><ele>682.4</ele></trkpt>
      <trkpt lat="-21.311727" lon="55.547706"><ele>690.4</ele></trkpt>
      <trkpt lat="-21.311537" lon="55.548184"><ele>697.0</ele></trkpt>
      <trkpt lat="-21.311205" lon="55.548614"><ele>705.2</ele></trkpt>
      <trkpt lat="-21.311135" lon="55.549061"><ele>715.2</ele></trkpt>
      <trkpt lat="-21.311190" lon="55.549834"><ele>721.4</ele></trkpt>
      <trkpt lat="-21.310962" lon="55.550313"><ele>722.0</ele></trkpt>
      <trkpt lat="-21.310963" lon="55.550646"><ele>729.8</ele></trkpt>
      <trkpt lat="-21.310807" lon="55.550968"><ele>726.8</ele></trkpt>
      <trkpt lat="-21.310612" lon="55.551106"><ele>721.8</ele></trkpt>
      <trkpt lat="-21.310453" lon="55.551834"><ele>723.6</ele></trkpt>
      <trkpt lat="-21.310094" lon="55.552170"><ele>723.2</ele></trkpt>
      <trkpt lat="-21.310233" lon="55.552286"><ele>724.4</ele></trkpt>
      <trkpt lat="-21.310283" lon="55.552551"><ele>724.2</ele></trkpt>
      <trkpt lat="-21.310289" lon="55.552767"><ele>724.0</ele></trkpt>
      <trkpt lat="-21.310130" lon="55.552994"><ele>724.8</ele></trkpt>
      <trkpt lat="-21.310643" lon="55.553048"><ele>729.8</ele></trkpt>
      <trkpt lat="-21.310668" lon="55.553354"><ele>734.0</ele></trkpt>
      <trkpt lat="-21.310992" lon="55.553612"><ele>741.2</ele></trkpt>
      <trkpt lat="-21.310958" lon="55.553918"><ele>745.0</ele></trkpt>
      <trkpt lat="-21.311164" lon="55.554537"><ele>748.8</ele></trkpt>
      <trkpt lat="-21.311040" lon="55.555074"><ele>751.2</ele></trkpt>
      <trkpt lat="-21.310977" lon="55.555155"><ele>752.2</ele></trkpt>
      <trkpt lat="-21.310594" lon="55.555220"><ele>752.8</ele></trkpt>
      <trkpt lat="-21.310481" lon="55.555319"><ele>753.4</ele></trkpt>
      <trkpt lat="-21.310069" lon="55.555931"><ele>765.6</ele></trkpt>
      <trkpt lat="-21.310017" lon="55.556307"><ele>763.6</ele></trkpt>
      <trkpt lat="-21.309628" lon="55.556681"><ele>780.8</ele></trkpt>
      <trkpt lat="-21.309591" lon="55.556943"><ele>787.2</ele></trkpt>
      <trkpt lat="-21.309390" lon="55.556809"><ele>787.0</ele></trkpt>
      <trkpt lat="-21.309297" lon="55.556881"><ele>787.8</ele></trkpt>
      <trkpt lat="-21.308940" lon="55.557726"><ele>793.8</ele></trkpt>
      <trkpt lat="-21.308400" lon="55.557954"><ele>794.6</ele></trkpt>
      <trkpt lat="-21.308188" lon="55.557813"><ele>789.4</ele></trkpt>
      <trkpt lat="-21.308011" lon="55.557836"><ele>791.8</ele></trkpt>
      <trkpt lat="-21.307887" lon="55.558172"><ele>796.6</ele></trkpt>
      <trkpt lat="-21.307881" lon="55.558450"><ele>803.6</ele></trkpt>
      <trkpt lat="-21.307989" lon="55.558747"><ele>802.0</ele></trkpt>
      <trkpt lat="-21.307903" lon="55.559369"><ele>811.8</ele></trkpt>
      <trkpt lat="-21.307225" lon="55.559840"><ele>828.6</ele></trkpt>
      <trkpt lat="-21.306449" lon="55.560779"><ele>833.8</ele></trkpt>
      <trkpt lat="-21.306413" lon="55.560960"><ele>839.4</ele></trkpt>
      <trkpt lat="-21.306583" lon="55.561121"><ele>849.0</ele></trkpt>
      <trkpt lat="-21.306444" lon="55.561416"><ele>855.6</ele></trkpt>
      <trkpt lat="-21.306442" lon="55.561909"><ele>858.0</ele></trkpt>
      <trkpt lat="-21.306123" lon="55.563127"><ele>878.0</ele></trkpt>
      <trkpt lat="-21.305945" lon="55.563550"><ele>886.6</ele></trkpt>
      <trkpt lat="-21.305265" lon="55.564128"><ele>898.6</ele></trkpt>
      <trkpt lat="-21.305097" lon="55.564446"><ele>905.2</ele></trkpt>
      <trkpt lat="-21.304475" lon="55.565227"><ele>919.0</ele></trkpt>
      <trkpt lat="-21.304647" lon="55.565816"><ele>923.0</ele></trkpt>
      <trkpt lat="-21.304450" lon="55.566517"><ele>928.6</ele></trkpt>
      <trkpt lat="-21.304434" lon="55.567030"><ele>933.8</ele></trkpt>
      <trkpt lat="-21.304322" lon="55.567146"><ele>937.2</ele></trkpt>
      <trkpt lat="-21.303959" lon="55.567271"><ele>945.2</ele></trkpt>
      <trkpt lat="-21.303464" lon="55.567839"><ele>956.6</ele></trkpt>
      <trkpt lat="-21.303090" lon="55.568613"><ele>973.2</ele></trkpt>
      <trkpt lat="-21.303016" lon="55.569135"><ele>984.4</ele></trkpt>
      <trkpt lat="-21.302706" lon="55.569695"><ele>989.6</ele></trkpt>
      <trkpt lat="-21.302153" lon="55.570324"><ele>996.6</ele></trkpt>
      <trkpt lat="-21.302180" lon="55.570692"><ele>996.8</ele></trkpt>
      <trkpt lat="-21.302112" lon="55.570827"><ele>999.0</ele></trkpt>
      <trkpt lat="-21.301584" lon="55.571209"><ele>1009.2</ele></trkpt>
      <trkpt lat="-21.301118" lon="55.572175"><ele>1015.8</ele></trkpt>
      <trkpt lat="-21.300780" lon="55.573161"><ele>1024.0</ele></trkpt>
      <trkpt lat="-21.300500" lon="55.573680"><ele>1026.8</ele></trkpt>
      <trkpt lat="-21.300404" lon="55.574460"><ele>1036.6</ele></trkpt>
      <trkpt lat="-21.300319" lon="55.574571"><ele>1037.0</ele></trkpt>
      <trkpt lat="-21.300069" lon="55.574667"><ele>1037.2</ele></trkpt>
      <trkpt lat="-21.300056" lon="55.574778"><ele>1038.2</ele></trkpt>
      <trkpt lat="-21.299978" lon="55.574731"><ele>1038.2</ele></trkpt>
      <trkpt lat="-21.299712" lon="55.574786"><ele>1049.0</ele></trkpt>
      <trkpt lat="-21.299503" lon="55.574926"><ele>1052.8</ele></trkpt>
      <trkpt lat="-21.299107" lon="55.575686"><ele>1067.2</ele></trkpt>
      <trkpt lat="-21.298783" lon="55.576653"><ele>1077.6</ele></trkpt>
      <trkpt lat="-21.298232" lon="55.576683"><ele>1062.2</ele></trkpt>
      <trkpt lat="-21.298199" lon="55.576601"><ele>1063.4</ele></trkpt>
      <trkpt lat="-21.297976" lon="55.576730"><ele>1074.8</ele></trkpt>
      <trkpt lat="-21.297848" lon="55.577188"><ele>1082.2</ele></trkpt>
      <trkpt lat="-21.297784" lon="55.577282"><ele>1082.2</ele></trkpt>
      <trkpt lat="-21.297609" lon="55.577296"><ele>1084.4</ele></trkpt>
      <trkpt lat="-21.297279" lon="55.578062"><ele>1110.4</ele></trkpt>
      <trkpt lat="-21.296983" lon="55.578194"><ele>1109.4</ele></trkpt>
      <trkpt lat="-21.296322" lon="55.578224"><ele>1115.4</ele></trkpt>
      <trkpt lat="-21.296226" lon="55.577963"><ele>1105.8</ele></trkpt>
      <trkpt lat="-21.296203" lon="55.578271"><ele>1095.8</ele></trkpt>
      <trkpt lat="-21.296047" lon="55.578337"><ele>1097.2</ele></trkpt>
      <trkpt lat="-21.296087" lon="55.578466"><ele>1099.2</ele></trkpt>
      <trkpt lat="-21.295970" lon="55.578451"><ele>1098.4</ele></trkpt>
      <trkpt lat="-21.296086" lon="55.578522"><ele>1099.6</ele></trkpt>
      <trkpt lat="-21.295951" lon="55.578611"><ele>1099.2</ele></trkpt>
      <trkpt lat="-21.296016" lon="55.578656"><ele>1097.8</ele></trkpt>
      <trkpt lat="-21.295866" lon="55.578596"><ele>1089.4</ele></trkpt>
      <trkpt lat="-21.295658" lon="55.578751"><ele>1083.8</ele></trkpt>
      <trkpt lat="-21.295514" lon="55.578663"><ele>1085.2</ele></trkpt>
      <trkpt lat="-21.295427" lon="55.578706"><ele>1083.8</ele></trkpt>
      <trkpt lat="-21.295376" lon="55.578613"><ele>1076.4</ele></trkpt>
      <trkpt lat="-21.294959" lon="55.578582"><ele>1084.8</ele></trkpt>
      <trkpt lat="-21.294865" lon="55.578382"><ele>1094.6</ele></trkpt>
      <trkpt lat="-21.294653" lon="55.578442"><ele>1105.6</ele></trkpt>
      <trkpt lat="-21.294473" lon="55.578380"><ele>1108.4</ele></trkpt>
      <trkpt lat="-21.294296" lon="55.578553"><ele>1110.0</ele></trkpt>
      <trkpt lat="-21.294190" lon="55.578511"><ele>1116.8</ele></trkpt>
      <trkpt lat="-21.294017" lon="55.578759"><ele>1123.8</ele></trkpt>
      <trkpt lat="-21.294097" lon="55.578882"><ele>1132.0</ele></trkpt>
      <trkpt lat="-21.294020" lon="55.579377"><ele>1153.2</ele></trkpt>
      <trkpt lat="-21.294096" lon="55.579430"><ele>1156.2</ele></trkpt>
      <trkpt lat="-21.293890" lon="55.579518"><ele>1161.4</ele></trkpt>
      <trkpt lat="-21.293674" lon="55.579731"><ele>1162.2</ele></trkpt>
      <trkpt lat="-21.293226" lon="55.579906"><ele>1170.6</ele></trkpt>
      <trkpt lat="-21.293088" lon="55.580770"><ele>1181.0</ele></trkpt>
      <trkpt lat="-21.292694" lon="55.580925"><ele>1191.8</ele></trkpt>
      <trkpt lat="-21.292400" lon="55.581194"><ele>1187.6</ele></trkpt>
      <trkpt lat="-21.292398" lon="55.581601"><ele>1189.4</ele></trkpt>
      <trkpt lat="-21.292053" lon="55.581841"><ele>1197.6</ele></trkpt>
      <trkpt lat="-21.291180" lon="55.582737"><ele>1225.0</ele></trkpt>
      <trkpt lat="-21.291071" lon="55.583152"><ele>1233.6</ele></trkpt>
      <trkpt lat="-21.290834" lon="55.583381"><ele>1242.2</ele></trkpt>
      <trkpt lat="-21.290889" lon="55.583569"><ele>1249.0</ele></trkpt>
      <trkpt lat="-21.290745" lon="55.583777"><ele>1261.4</ele></trkpt>
      <trkpt lat="-21.290638" lon="55.583748"><ele>1263.8</ele></trkpt>
      <trkpt lat="-21.290598" lon="55.583813"><ele>1267.0</ele></trkpt>
      <trkpt lat="-21.290378" lon="55.584424"><ele>1277.4</ele></trkpt>
      <trkpt lat="-21.290067" lon="55.584728"><ele>1292.4</ele></trkpt>
      <trkpt lat="-21.290039" lon="55.584957"><ele>1298.8</ele></trkpt>
      <trkpt lat="-21.289733" lon="55.585372"><ele>1308.4</ele></trkpt>
      <trkpt lat="-21.289591" lon="55.585793"><ele>1314.8</ele></trkpt>
      <trkpt lat="-21.289270" lon="55.586112"><ele>1325.0</ele></trkpt>
      <trkpt lat="-21.289159" lon="55.586400"><ele>1326.2</ele></trkpt>
      <trkpt lat="-21.288922" lon="55.586631"><ele>1326.8</ele></trkpt>
      <trkpt lat="-21.288477" lon="55.587284"><ele>1328.0</ele></trkpt>
      <trkpt lat="-21.288143" lon="55.587332"><ele>1335.8</ele></trkpt>
      <trkpt lat="-21.287900" lon="55.587552"><ele>1346.8</ele></trkpt>
      <trkpt lat="-21.287912" lon="55.587633"><ele>1350.2</ele></trkpt>
      <trkpt lat="-21.287560" lon="55.587806"><ele>1363.6</ele></trkpt>
      <trkpt lat="-21.287441" lon="55.588196"><ele>1370.4</ele></trkpt>
      <trkpt lat="-21.287470" lon="55.588585"><ele>1373.4</ele></trkpt>
      <trkpt lat="-21.287584" lon="55.588882"><ele>1373.0</ele></trkpt>
      <trkpt lat="-21.287530" lon="55.589036"><ele>1374.2</ele></trkpt>
      <trkpt lat="-21.287390" lon="55.589107"><ele>1377.4</ele></trkpt>
      <trkpt lat="-21.287378" lon="55.589269"><ele>1382.0</ele></trkpt>
      <trkpt lat="-21.287605" lon="55.589705"><ele>1388.2</ele></trkpt>
      <trkpt lat="-21.287599" lon="55.589860"><ele>1390.8</ele></trkpt>
      <trkpt lat="-21.287417" lon="55.590294"><ele>1396.0</ele></trkpt>
      <trkpt lat="-21.287144" lon="55.590531"><ele>1399.6</ele></trkpt>
      <trkpt lat="-21.286760" lon="55.590675"><ele>1406.8</ele></trkpt>
      <trkpt lat="-21.286714" lon="55.590950"><ele>1416.0</ele></trkpt>
      <trkpt lat="-21.286779" lon="55.591305"><ele>1423.4</ele></trkpt>
      <trkpt lat="-21.287009" lon="55.591750"><ele>1432.0</ele></trkpt>
      <trkpt lat="-21.287214" lon="55.591905"><ele>1435.0</ele></trkpt>
      <trkpt lat="-21.287292" lon="55.592142"><ele>1439.0</ele></trkpt>
      <trkpt lat="-21.287500" lon="55.592245"><ele>1444.8</ele></trkpt>
      <trkpt lat="-21.287676" lon="55.592651"><ele>1454.0</ele></trkpt>
      <trkpt lat="-21.288051" lon="55.593060"><ele>1464.2</ele></trkpt>
      <trkpt lat="-21.288139" lon="55.593469"><ele>1468.2</ele></trkpt>
      <trkpt lat="-21.288065" lon="55.593642"><ele>1473.0</ele></trkpt>
      <trkpt lat="-21.288124" lon="55.594088"><ele>1481.0</ele></trkpt>
      <trkpt lat="-21.288003" lon="55.594621"><ele>1492.0</ele></trkpt>
      <trkpt lat="-21.287951" lon="55.595479"><ele>1506.6</ele></trkpt>
      <trkpt lat="-21.288228" lon="55.595910"><ele>1520.0</ele></trkpt>
      <trkpt lat="-21.288344" lon="55.596425"><ele>1522.6</ele></trkpt>
      <trkpt lat="-21.288341" lon="55.596778"><ele>1525.2</ele></trkpt>
      <trkpt lat="-21.288577" lon="55.597204"><ele>1527.0</ele></trkpt>
      <trkpt lat="-21.288192" lon="55.597860"><ele>1537.0</ele></trkpt>
      <trkpt lat="-21.287465" lon="55.598693"><ele>1549.4</ele></trkpt>
      <trkpt lat="-21.287722" lon="55.599377"><ele>1557.8</ele></trkpt>
      <trkpt lat="-21.287697" lon="55.599699"><ele>1559.4</ele></trkpt>
      <trkpt lat="-21.287215" lon="55.599877"><ele>1563.0</ele></trkpt>
      <trkpt lat="-21.286920" lon="55.600318"><ele>1570.0</ele></trkpt>
      <trkpt lat="-21.286523" lon="55.600540"><ele>1579.2</ele></trkpt>
      <trkpt lat="-21.286468" lon="55.600770"><ele>1581.2</ele></trkpt>
      <trkpt lat="-21.286494" lon="55.601245"><ele>1585.6</ele></trkpt>
      <trkpt lat="-21.286373" lon="55.601699"><ele>1592.4</ele></trkpt>
      <trkpt lat="-21.285413" lon="55.602909"><ele>1606.2</ele></trkpt>
      <trkpt lat="-21.285232" lon="55.603536"><ele>1609.8</ele></trkpt>
      <trkpt lat="-21.285004" lon="55.603896"><ele>1613.0</ele></trkpt>
      <trkpt lat="-21.284717" lon="55.603953"><ele>1615.8</ele></trkpt>
      <trkpt lat="-21.284156" lon="55.603580"><ele>1623.8</ele></trkpt>
      <trkpt lat="-21.283392" lon="55.603490"><ele>1626.8</ele></trkpt>
      <trkpt lat="-21.282842" lon="55.603198"><ele>1635.0</ele></trkpt>
      <trkpt lat="-21.282407" lon="55.603371"><ele>1633.4</ele></trkpt>
      <trkpt lat="-21.281898" lon="55.603146"><ele>1631.2</ele></trkpt>
      <trkpt lat="-21.281623" lon="55.603158"><ele>1630.2</ele></trkpt>
      <trkpt lat="-21.281180" lon="55.603468"><ele>1623.8</ele></trkpt>
      <trkpt lat="-21.280795" lon="55.603180"><ele>1627.6</ele></trkpt>
      <trkpt lat="-21.280280" lon="55.603407"><ele>1628.4</ele></trkpt>
      <trkpt lat="-21.280077" lon="55.603276"><ele>1631.2</ele></trkpt>
      <trkpt lat="-21.279891" lon="55.603256"><ele>1633.4</ele></trkpt>
      <trkpt lat="-21.279637" lon="55.603353"><ele>1638.0</ele></trkpt>
      <trkpt lat="-21.278960" lon="55.603373"><ele>1644.6</ele></trkpt>
      <trkpt lat="-21.278416" lon="55.602961"><ele>1645.4</ele></trkpt>
      <trkpt lat="-21.278001" lon="55.602918"><ele>1642.4</ele></trkpt>
      <trkpt lat="-21.277767" lon="55.602606"><ele>1640.2</ele></trkpt>
      <trkpt lat="-21.277445" lon="55.602384"><ele>1638.4</ele></trkpt>
      <trkpt lat="-21.276232" lon="55.601850"><ele>1632.0</ele></trkpt>
      <trkpt lat="-21.274864" lon="55.601730"><ele>1639.0</ele></trkpt>
      <trkpt lat="-21.274534" lon="55.601512"><ele>1636.6</ele></trkpt>
      <trkpt lat="-21.274286" lon="55.601452"><ele>1636.2</ele></trkpt>
      <trkpt lat="-21.273827" lon="55.600945"><ele>1637.4</ele></trkpt>
      <trkpt lat="-21.273643" lon="55.600549"><ele>1638.4</ele></trkpt>
      <trkpt lat="-21.272794" lon="55.600334"><ele>1640.8</ele></trkpt>
      <trkpt lat="-21.272393" lon="55.600355"><ele>1643.4</ele></trkpt>
      <trkpt lat="-21.272068" lon="55.600175"><ele>1645.6</ele></trkpt>
      <trkpt lat="-21.271661" lon="55.600158"><ele>1646.6</ele></trkpt>
      <trkpt lat="-21.271499" lon="55.599988"><ele>1646.4</ele></trkpt>
      <trkpt lat="-21.271352" lon="55.599991"><ele>1644.0</ele></trkpt>
      <trkpt lat="-21.271207" lon="55.599719"><ele>1644.0</ele></trkpt>
      <trkpt lat="-21.270873" lon="55.599638"><ele>1644.0</ele></trkpt>
      <trkpt lat="-21.270646" lon="55.599183"><ele>1639.6</ele></trkpt>
      <trkpt lat="-21.270565" lon="55.598775"><ele>1635.4</ele></trkpt>
      <trkpt lat="-21.270063" lon="55.598594"><ele>1627.4</ele></trkpt>
      <trkpt lat="-21.270027" lon="55.598180"><ele>1624.2</ele></trkpt>
      <trkpt lat="-21.269839" lon="55.598030"><ele>1624.4</ele></trkpt>
      <trkpt lat="-21.269518" lon="55.597570"><ele>1629.6</ele></trkpt>
      <trkpt lat="-21.268849" lon="55.597445"><ele>1635.0</ele></trkpt>
      <trkpt lat="-21.268556" lon="55.597540"><ele>1638.2</ele></trkpt>
      <trkpt lat="-21.268403" lon="55.597743"><ele>1639.2</ele></trkpt>
      <trkpt lat="-21.268290" lon="55.597763"><ele>1640.0</ele></trkpt>
      <trkpt lat="-21.267907" lon="55.597314"><ele>1645.2</ele></trkpt>
      <trkpt lat="-21.267733" lon="55.597393"><ele>1648.6</ele></trkpt>
      <trkpt lat="-21.267761" lon="55.597936"><ele>1656.4</ele></trkpt>
      <trkpt lat="-21.267566" lon="55.598302"><ele>1662.8</ele></trkpt>
      <trkpt lat="-21.266722" lon="55.598659"><ele>1675.0</ele></trkpt>
      <trkpt lat="-21.266772" lon="55.598822"><ele>1678.0</ele></trkpt>
      <trkpt lat="-21.267122" lon="55.599136"><ele>1683.6</ele></trkpt>
      <trkpt lat="-21.267174" lon="55.599286"><ele>1685.8</ele></trkpt>
      <trkpt lat="-21.266896" lon="55.599401"><ele>1690.4</ele></trkpt>
      <trkpt lat="-21.266205" lon="55.599998"><ele>1702.4</ele></trkpt>
      <trkpt lat="-21.265606" lon="55.600167"><ele>1709.8</ele></trkpt>
      <trkpt lat="-21.265444" lon="55.600911"><ele>1717.2</ele></trkpt>
      <trkpt lat="-21.265379" lon="55.601058"><ele>1718.6</ele></trkpt>
      <trkpt lat="-21.265218" lon="55.601136"><ele>1720.2</ele></trkpt>
      <trkpt lat="-21.264770" lon="55.601084"><ele>1723.2</ele></trkpt>
      <trkpt lat="-21.260952" lon="55.599817"><ele>1746.6</ele></trkpt>
      <trkpt lat="-21.260139" lon="55.599630"><ele>1753.4</ele></trkpt>
      <trkpt lat="-21.258967" lon="55.599597"><ele>1756.4</ele></trkpt>
      <trkpt lat="-21.257835" lon="55.599167"><ele>1761.6</ele></trkpt>
      <trkpt lat="-21.257522" lon="55.599125"><ele>1763.8</ele></trkpt>
      <trkpt lat="-21.256946" lon="55.599351"><ele>1767.6</ele></trkpt>
      <trkpt lat="-21.256414" lon="55.599903"><ele>1768.6</ele></trkpt>
      <trkpt lat="-21.255945" lon="55.600112"><ele>1767.6</ele></trkpt>
      <trkpt lat="-21.254669" lon="55.600179"><ele>1766.2</ele></trkpt>
      <trkpt lat="-21.253460" lon="55.599868"><ele>1761.8</ele></trkpt>
      <trkpt lat="-21.252676" lon="55.600071"><ele>1757.6</ele></trkpt>
      <trkpt lat="-21.251796" lon="55.600162"><ele>1753.0</ele></trkpt>
      <trkpt lat="-21.251145" lon="55.600407"><ele>1748.0</ele></trkpt>
      <trkpt lat="-21.250704" lon="55.600391"><ele>1749.0</ele></trkpt>
      <trkpt lat="-21.249877" lon="55.600204"><ele>1755.2</ele></trkpt>
      <trkpt lat="-21.249522" lon="55.599996"><ele>1757.2</ele></trkpt>
      <trkpt lat="-21.248892" lon="55.598925"><ele>1747.2</ele></trkpt>
      <trkpt lat="-21.248614" lon="55.598596"><ele>1743.0</ele></trkpt>
      <trkpt lat="-21.248724" lon="55.598418"><ele>1740.6</ele></trkpt>
      <trkpt lat="-21.249463" lon="55.598030"><ele>1729.8</ele></trkpt>
      <trkpt lat="-21.249450" lon="55.597707"><ele>1724.8</ele></trkpt>
      <trkpt lat="-21.249311" lon="55.597420"><ele>1720.2</ele></trkpt>
      <trkpt lat="-21.248690" lon="55.597292"><ele>1713.8</ele></trkpt>
      <trkpt lat="-21.248268" lon="55.597083"><ele>1709.4</ele></trkpt>
      <trkpt lat="-21.248036" lon="55.596884"><ele>1707.2</ele></trkpt>
      <trkpt lat="-21.247823" lon="55.596491"><ele>1709.2</ele></trkpt>
      <trkpt lat="-21.247644" lon="55.596337"><ele>1711.0</ele></trkpt>
      <trkpt lat="-21.246953" lon="55.596423"><ele>1715.8</ele></trkpt>
      <trkpt lat="-21.246381" lon="55.596656"><ele>1719.0</ele></trkpt>
      <trkpt lat="-21.245948" lon="55.596568"><ele>1723.4</ele></trkpt>
      <trkpt lat="-21.245009" lon="55.595772"><ele>1731.6</ele></trkpt>
      <trkpt lat="-21.244659" lon="55.595011"><ele>1731.2</ele></trkpt>
      <trkpt lat="-21.244313" lon="55.594573"><ele>1728.0</ele></trkpt>
      <trkpt lat="-21.244309" lon="55.594222"><ele>1724.6</ele></trkpt>
      <trkpt lat="-21.244518" lon="55.594027"><ele>1721.2</ele></trkpt>
      <trkpt lat="-21.245668" lon="55.593877"><ele>1710.6</ele></trkpt>
      <trkpt lat="-21.245727" lon="55.594064"><ele>1710.2</ele></trkpt>
      <trkpt lat="-21.245897" lon="55.594112"><ele>1709.6</ele></trkpt>
      <trkpt lat="-21.245791" lon="55.594157"><ele>1708.8</ele></trkpt>
      <trkpt lat="-21.245877" lon="55.594099"><ele>1708.4</ele></trkpt>
      <trkpt lat="-21.245905" lon="55.594226"><ele>1708.8</ele></trkpt>
      <trkpt lat="-21.245850" lon="55.594092"><ele>1708.4</ele></trkpt>
      <trkpt lat="-21.245899" lon="55.594139"><ele>1708.8</ele></trkpt>
      <trkpt lat="-21.245960" lon="55.593824"><ele>1706.4</ele></trkpt>
      <trkpt lat="-21.246231" lon="55.593591"><ele>1703.4</ele></trkpt>
      <trkpt lat="-21.246196" lon="55.593357"><ele>1702.2</ele></trkpt>
      <trkpt lat="-21.246002" lon="55.592965"><ele>1696.2</ele></trkpt>
      <trkpt lat="-21.245482" lon="55.592222"><ele>1688.4</ele></trkpt>
      <trkpt lat="-21.245219" lon="55.591411"><ele>1682.8</ele></trkpt>
      <trkpt lat="-21.244257" lon="55.590765"><ele>1682.2</ele></trkpt>
      <trkpt lat="-21.243578" lon="55.591438"><ele>1682.4</ele></trkpt>
      <trkpt lat="-21.243504" lon="55.591410"><ele>1681.8</ele></trkpt>
      <trkpt lat="-21.243421" lon="55.591000"><ele>1686.2</ele></trkpt>
      <trkpt lat="-21.243317" lon="55.590923"><ele>1686.0</ele></trkpt>
      <trkpt lat="-21.242919" lon="55.591085"><ele>1685.8</ele></trkpt>
      <trkpt lat="-21.242810" lon="55.591050"><ele>1687.4</ele></trkpt>
      <trkpt lat="-21.242625" lon="55.590796"><ele>1691.4</ele></trkpt>
      <trkpt lat="-21.242467" lon="55.590772"><ele>1693.0</ele></trkpt>
      <trkpt lat="-21.242300" lon="55.590890"><ele>1695.4</ele></trkpt>
      <trkpt lat="-21.242518" lon="55.591444"><ele>1700.4</ele></trkpt>
      <trkpt lat="-21.242425" lon="55.591789"><ele>1703.2</ele></trkpt>
      <trkpt lat="-21.242457" lon="55.592071"><ele>1707.8</ele></trkpt>
      <trkpt lat="-21.242222" lon="55.592371"><ele>1710.4</ele></trkpt>
      <trkpt lat="-21.242177" lon="55.592763"><ele>1710.4</ele></trkpt>
      <trkpt lat="-21.242065" lon="55.592943"><ele>1710.6</ele></trkpt>
      <trkpt lat="-21.241926" lon="55.592963"><ele>1710.8</ele></trkpt>
      <trkpt lat="-21.241753" lon="55.592802"><ele>1713.6</ele></trkpt>
      <trkpt lat="-21.241407" lon="55.592688"><ele>1717.2</ele></trkpt>
      <trkpt lat="-21.240428" lon="55.593438"><ele>1725.6</ele></trkpt>
      <trkpt lat="-21.240197" lon="55.593427"><ele>1727.4</ele></trkpt>
      <trkpt lat="-21.239934" lon="55.593768"><ele>1730.6</ele></trkpt>
      <trkpt lat="-21.239480" lon="55.593548"><ele>1734.2</ele></trkpt>
      <trkpt lat="-21.239042" lon="55.593716"><ele>1733.2</ele></trkpt>
      <trkpt lat="-21.238917" lon="55.593822"><ele>1733.4</ele></trkpt>
      <trkpt lat="-21.238839" lon="55.594097"><ele>1734.6</ele></trkpt>
      <trkpt lat="-21.238621" lon="55.594048"><ele>1736.0</ele></trkpt>
      <trkpt lat="-21.238352" lon="55.594834"><ele>1740.2</ele></trkpt>
      <trkpt lat="-21.238276" lon="55.594983"><ele>1740.0</ele></trkpt>
      <trkpt lat="-21.238171" lon="55.595022"><ele>1739.2</ele></trkpt>
      <trkpt lat="-21.237919" lon="55.594391"><ele>1742.4</ele></trkpt>
      <trkpt lat="-21.237792" lon="55.594275"><ele>1742.4</ele></trkpt>
      <trkpt lat="-21.237627" lon="55.594333"><ele>1743.0</ele></trkpt>
      <trkpt lat="-21.237594" lon="55.594455"><ele>1744.4</ele></trkpt>
      <trkpt lat="-21.237799" lon="55.595445"><ele>1758.0</ele></trkpt>
      <trkpt lat="-21.237789" lon="55.595790"><ele>1760.2</ele></trkpt>
      <trkpt lat="-21.237653" lon="55.595934"><ele>1763.2</ele></trkpt>
      <trkpt lat="-21.237474" lon="55.595779"><ele>1766.6</ele></trkpt>
      <trkpt lat="-21.237365" lon="55.595781"><ele>1768.8</ele></trkpt>
      <trkpt lat="-21.237034" lon="55.596101"><ele>1773.2</ele></trkpt>
      <trkpt lat="-21.236886" lon="55.596375"><ele>1775.2</ele></trkpt>
      <trkpt lat="-21.236909" lon="55.597588"><ele>1791.6</ele></trkpt>
      <trkpt lat="-21.236827" lon="55.597767"><ele>1794.2</ele></trkpt>
      <trkpt lat="-21.236571" lon="55.597511"><ele>1796.6</ele></trkpt>
      <trkpt lat="-21.236422" lon="55.597472"><ele>1797.6</ele></trkpt>
      <trkpt lat="-21.236160" lon="55.597661"><ele>1802.2</ele></trkpt>
      <trkpt lat="-21.235881" lon="55.597632"><ele>1802.0</ele></trkpt>
      <trkpt lat="-21.235436" lon="55.597809"><ele>1800.2</ele></trkpt>
      <trkpt lat="-21.235333" lon="55.597523"><ele>1800.6</ele></trkpt>
      <trkpt lat="-21.235217" lon="55.597437"><ele>1800.2</ele></trkpt>
      <trkpt lat="-21.234763" lon="55.597215"><ele>1800.4</ele></trkpt>
      <trkpt lat="-21.234223" lon="55.597113"><ele>1798.8</ele></trkpt>
      <trkpt lat="-21.233879" lon="55.597358"><ele>1796.8</ele></trkpt>
      <trkpt lat="-21.233729" lon="55.596833"><ele>1792.2</ele></trkpt>
      <trkpt lat="-21.233458" lon="55.596623"><ele>1785.6</ele></trkpt>
      <trkpt lat="-21.233029" lon="55.595741"><ele>1772.4</ele></trkpt>
      <trkpt lat="-21.233271" lon="55.595479"><ele>1767.0</ele></trkpt>
      <trkpt lat="-21.233188" lon="55.595342"><ele>1763.4</ele></trkpt>
      <trkpt lat="-21.232804" lon="55.595413"><ele>1758.6</ele></trkpt>
      <trkpt lat="-21.232635" lon="55.595188"><ele>1759.0</ele></trkpt>
      <trkpt lat="-21.232255" lon="55.595008"><ele>1757.2</ele></trkpt>
      <trkpt lat="-21.231870" lon="55.595176"><ele>1755.4</ele></trkpt>
      <trkpt lat="-21.231735" lon="55.595475"><ele>1751.6</ele></trkpt>
      <trkpt lat="-21.231599" lon="55.595527"><ele>1747.4</ele></trkpt>
      <trkpt lat="-21.231083" lon="55.595050"><ele>1747.0</ele></trkpt>
      <trkpt lat="-21.230918" lon="55.595021"><ele>1749.0</ele></trkpt>
      <trkpt lat="-21.230633" lon="55.595138"><ele>1746.6</ele></trkpt>
      <trkpt lat="-21.230531" lon="55.596509"><ele>1771.4</ele></trkpt>
      <trkpt lat="-21.230559" lon="55.597017"><ele>1784.0</ele></trkpt>
      <trkpt lat="-21.230325" lon="55.597437"><ele>1792.6</ele></trkpt>
      <trkpt lat="-21.230547" lon="55.598570"><ele>1823.0</ele></trkpt>
      <trkpt lat="-21.230216" lon="55.599512"><ele>1843.4</ele></trkpt>
      <trkpt lat="-21.230156" lon="55.599891"><ele>1852.2</ele></trkpt>
      <trkpt lat="-21.230189" lon="55.600140"><ele>1858.0</ele></trkpt>
      <trkpt lat="-21.230570" lon="55.600668"><ele>1876.2</ele></trkpt>
      <trkpt lat="-21.230632" lon="55.600981"><ele>1883.2</ele></trkpt>
      <trkpt lat="-21.230599" lon="55.601522"><ele>1897.2</ele></trkpt>
      <trkpt lat="-21.230448" lon="55.601811"><ele>1903.8</ele></trkpt>
      <trkpt lat="-21.229882" lon="55.602282"><ele>1915.8</ele></trkpt>
      <trkpt lat="-21.229699" lon="55.602308"><ele>1920.2</ele></trkpt>
      <trkpt lat="-21.229604" lon="55.602490"><ele>1920.4</ele></trkpt>
      <trkpt lat="-21.229506" lon="55.602497"><ele>1919.4</ele></trkpt>
      <trkpt lat="-21.229418" lon="55.602162"><ele>1918.8</ele></trkpt>
      <trkpt lat="-21.229273" lon="55.602040"><ele>1918.4</ele></trkpt>
      <trkpt lat="-21.228993" lon="55.602094"><ele>1917.2</ele></trkpt>
      <trkpt lat="-21.228690" lon="55.602314"><ele>1917.6</ele></trkpt>
      <trkpt lat="-21.228452" lon="55.602765"><ele>1915.6</ele></trkpt>
      <trkpt lat="-21.228045" lon="55.602242"><ele>1912.0</ele></trkpt>
      <trkpt lat="-21.227905" lon="55.602175"><ele>1910.2</ele></trkpt>
      <trkpt lat="-21.227681" lon="55.602224"><ele>1908.6</ele></trkpt>
      <trkpt lat="-21.227396" lon="55.602465"><ele>1907.2</ele></trkpt>
      <trkpt lat="-21.227102" lon="55.602462"><ele>1906.4</ele></trkpt>
      <trkpt lat="-21.226809" lon="55.602641"><ele>1904.8</ele></trkpt>
      <trkpt lat="-21.226752" lon="55.602632"><ele>1904.4</ele></trkpt>
      <trkpt lat="-21.226624" lon="55.602198"><ele>1902.0</ele></trkpt>
      <trkpt lat="-21.226504" lon="55.602105"><ele>1900.8</ele></trkpt>
      <trkpt lat="-21.226209" lon="55.602165"><ele>1898.4</ele></trkpt>
      <trkpt lat="-21.225896" lon="55.602428"><ele>1895.4</ele></trkpt>
      <trkpt lat="-21.225753" lon="55.602356"><ele>1895.0</ele></trkpt>
      <trkpt lat="-21.225673" lon="55.601994"><ele>1891.6</ele></trkpt>
      <trkpt lat="-21.225427" lon="55.601929"><ele>1889.2</ele></trkpt>
      <trkpt lat="-21.225286" lon="55.602008"><ele>1887.8</ele></trkpt>
      <trkpt lat="-21.225214" lon="55.602239"><ele>1886.6</ele></trkpt>
      <trkpt lat="-21.225109" lon="55.602275"><ele>1886.0</ele></trkpt>
      <trkpt lat="-21.224618" lon="55.601921"><ele>1881.4</ele></trkpt>
      <trkpt lat="-21.224437" lon="55.601656"><ele>1879.6</ele></trkpt>
      <trkpt lat="-21.224309" lon="55.601626"><ele>1878.6</ele></trkpt>
      <trkpt lat="-21.224093" lon="55.601709"><ele>1878.0</ele></trkpt>
      <trkpt lat="-21.223949" lon="55.601652"><ele>1878.2</ele></trkpt>
      <trkpt lat="-21.223759" lon="55.601435"><ele>1878.2</ele></trkpt>
      <trkpt lat="-21.223609" lon="55.601413"><ele>1877.8</ele></trkpt>
      <trkpt lat="-21.223535" lon="55.601482"><ele>1877.6</ele></trkpt>
      <trkpt lat="-21.223442" lon="55.601809"><ele>1875.4</ele></trkpt>
      <trkpt lat="-21.223185" lon="55.601321"><ele>1872.4</ele></trkpt>
      <trkpt lat="-21.223136" lon="55.601089"><ele>1872.0</ele></trkpt>
      <trkpt lat="-21.223004" lon="55.600983"><ele>1871.4</ele></trkpt>
      <trkpt lat="-21.222563" lon="55.601062"><ele>1868.8</ele></trkpt>
      <trkpt lat="-21.222309" lon="55.601249"><ele>1865.2</ele></trkpt>
      <trkpt lat="-21.221948" lon="55.600756"><ele>1861.4</ele></trkpt>
      <trkpt lat="-21.221703" lon="55.600868"><ele>1860.2</ele></trkpt>
      <trkpt lat="-21.221570" lon="55.601153"><ele>1859.6</ele></trkpt>
      <trkpt lat="-21.221227" lon="55.601169"><ele>1858.8</ele></trkpt>
      <trkpt lat="-21.221050" lon="55.601438"><ele>1857.6</ele></trkpt>
      <trkpt lat="-21.220968" lon="55.601456"><ele>1857.0</ele></trkpt>
      <trkpt lat="-21.220715" lon="55.601137"><ele>1854.8</ele></trkpt>
      <trkpt lat="-21.220432" lon="55.600967"><ele>1852.2</ele></trkpt>
      <trkpt lat="-21.220066" lon="55.601165"><ele>1849.2</ele></trkpt>
      <trkpt lat="-21.219753" lon="55.601089"><ele>1848.0</ele></trkpt>
      <trkpt lat="-21.219138" lon="55.600258"><ele>1839.4</ele></trkpt>
      <trkpt lat="-21.218714" lon="55.600252"><ele>1835.6</ele></trkpt>
      <trkpt lat="-21.218415" lon="55.600571"><ele>1831.0</ele></trkpt>
      <trkpt lat="-21.218471" lon="55.600187"><ele>1826.8</ele></trkpt>
      <trkpt lat="-21.218420" lon="55.600092"><ele>1824.8</ele></trkpt>
      <trkpt lat="-21.218328" lon="55.600152"><ele>1824.0</ele></trkpt>
      <trkpt lat="-21.218207" lon="55.600451"><ele>1821.6</ele></trkpt>
      <trkpt lat="-21.217869" lon="55.600588"><ele>1818.4</ele></trkpt>
      <trkpt lat="-21.217767" lon="55.600890"><ele>1814.8</ele></trkpt>
      <trkpt lat="-21.217349" lon="55.601128"><ele>1811.6</ele></trkpt>
      <trkpt lat="-21.216739" lon="55.601073"><ele>1810.4</ele></trkpt>
      <trkpt lat="-21.216575" lon="55.600770"><ele>1811.8</ele></trkpt>
      <trkpt lat="-21.216274" lon="55.600827"><ele>1812.6</ele></trkpt>
      <trkpt lat="-21.216086" lon="55.601257"><ele>1814.0</ele></trkpt>
      <trkpt lat="-21.215939" lon="55.601419"><ele>1815.0</ele></trkpt>
      <trkpt lat="-21.215641" lon="55.601648"><ele>1816.6</ele></trkpt>
      <trkpt lat="-21.215290" lon="55.601613"><ele>1818.4</ele></trkpt>
      <trkpt lat="-21.215108" lon="55.602007"><ele>1820.2</ele></trkpt>
      <trkpt lat="-21.214856" lon="55.601954"><ele>1822.0</ele></trkpt>
      <trkpt lat="-21.214673" lon="55.602021"><ele>1823.4</ele></trkpt>
      <trkpt lat="-21.214565" lon="55.602133"><ele>1824.6</ele></trkpt>
      <trkpt lat="-21.214500" lon="55.602385"><ele>1826.8</ele></trkpt>
      <trkpt lat="-21.214211" lon="55.602452"><ele>1829.2</ele></trkpt>
      <trkpt lat="-21.213752" lon="55.603069"><ele>1834.2</ele></trkpt>
      <trkpt lat="-21.213663" lon="55.603126"><ele>1834.0</ele></trkpt>
      <trkpt lat="-21.213331" lon="55.603005"><ele>1835.0</ele></trkpt>
      <trkpt lat="-21.213232" lon="55.603044"><ele>1835.6</ele></trkpt>
      <trkpt lat="-21.213275" lon="55.603132"><ele>1837.8</ele></trkpt>
      <trkpt lat="-21.213558" lon="55.603272"><ele>1842.2</ele></trkpt>
      <trkpt lat="-21.213568" lon="55.603350"><ele>1843.2</ele></trkpt>
      <trkpt lat="-21.213154" lon="55.603270"><ele>1847.6</ele></trkpt>
      <trkpt lat="-21.213049" lon="55.603316"><ele>1848.4</ele></trkpt>
      <trkpt lat="-21.212974" lon="55.603638"><ele>1850.4</ele></trkpt>
      <trkpt lat="-21.212777" lon="55.603705"><ele>1853.2</ele></trkpt>
      <trkpt lat="-21.212651" lon="55.604279"><ele>1855.4</ele></trkpt>
      <trkpt lat="-21.212263" lon="55.603814"><ele>1859.8</ele></trkpt>
      <trkpt lat="-21.212084" lon="55.603763"><ele>1860.8</ele></trkpt>
      <trkpt lat="-21.211957" lon="55.603835"><ele>1861.2</ele></trkpt>
      <trkpt lat="-21.211856" lon="55.604007"><ele>1861.6</ele></trkpt>
      <trkpt lat="-21.211771" lon="55.604504"><ele>1864.0</ele></trkpt>
      <trkpt lat="-21.211800" lon="55.604947"><ele>1865.2</ele></trkpt>
      <trkpt lat="-21.211721" lon="55.605030"><ele>1865.2</ele></trkpt>
      <trkpt lat="-21.211463" lon="55.604929"><ele>1868.4</ele></trkpt>
      <trkpt lat="-21.211342" lon="55.604965"><ele>1869.8</ele></trkpt>
      <trkpt lat="-21.211265" lon="55.605655"><ele>1872.8</ele></trkpt>
      <trkpt lat="-21.211200" lon="55.605481"><ele>1875.4</ele></trkpt>
      <trkpt lat="-21.211085" lon="55.605405"><ele>1876.2</ele></trkpt>
      <trkpt lat="-21.210408" lon="55.605328"><ele>1881.8</ele></trkpt>
      <trkpt lat="-21.210213" lon="55.605371"><ele>1884.0</ele></trkpt>
      <trkpt lat="-21.210063" lon="55.605512"><ele>1885.6</ele></trkpt>
      <trkpt lat="-21.209949" lon="55.605904"><ele>1889.0</ele></trkpt>
      <trkpt lat="-21.209713" lon="55.605929"><ele>1890.2</ele></trkpt>
      <trkpt lat="-21.209615" lon="55.606035"><ele>1891.0</ele></trkpt>
      <trkpt lat="-21.209538" lon="55.606281"><ele>1892.8</ele></trkpt>
      <trkpt lat="-21.209553" lon="55.606588"><ele>1896.0</ele></trkpt>
      <trkpt lat="-21.209258" lon="55.606664"><ele>1898.4</ele></trkpt>
      <trkpt lat="-21.209175" lon="55.607198"><ele>1900.6</ele></trkpt>
      <trkpt lat="-21.209073" lon="55.607110"><ele>1902.2</ele></trkpt>
      <trkpt lat="-21.208503" lon="55.607166"><ele>1904.8</ele></trkpt>
      <trkpt lat="-21.208369" lon="55.607263"><ele>1905.8</ele></trkpt>
      <trkpt lat="-21.208355" lon="55.607338"><ele>1906.8</ele></trkpt>
      <trkpt lat="-21.208621" lon="55.607493"><ele>1910.4</ele></trkpt>
      <trkpt lat="-21.208671" lon="55.607702"><ele>1911.0</ele></trkpt>
      <trkpt lat="-21.208643" lon="55.607790"><ele>1911.2</ele></trkpt>
      <trkpt lat="-21.208428" lon="55.607912"><ele>1911.0</ele></trkpt>
      <trkpt lat="-21.207930" lon="55.607509"><ele>1905.8</ele></trkpt>
      <trkpt lat="-21.207353" lon="55.607619"><ele>1897.6</ele></trkpt>
      <trkpt lat="-21.207163" lon="55.607555"><ele>1895.2</ele></trkpt>
      <trkpt lat="-21.207168" lon="55.607366"><ele>1891.8</ele></trkpt>
      <trkpt lat="-21.207349" lon="55.606963"><ele>1885.6</ele></trkpt>
      <trkpt lat="-21.207242" lon="55.606820"><ele>1880.6</ele></trkpt>
      <trkpt lat="-21.206757" lon="55.607147"><ele>1875.2</ele></trkpt>
      <trkpt lat="-21.206487" lon="55.607447"><ele>1875.8</ele></trkpt>
      <trkpt lat="-21.206245" lon="55.607498"><ele>1876.8</ele></trkpt>
      <trkpt lat="-21.206124" lon="55.606593"><ele>1869.2</ele></trkpt>
      <trkpt lat="-21.206012" lon="55.606355"><ele>1866.6</ele></trkpt>
      <trkpt lat="-21.205832" lon="55.606272"><ele>1864.6</ele></trkpt>
      <trkpt lat="-21.204511" lon="55.606177"><ele>1860.0</ele></trkpt>
      <trkpt lat="-21.203268" lon="55.605800"><ele>1845.4</ele></trkpt>
      <trkpt lat="-21.202795" lon="55.605965"><ele>1844.0</ele></trkpt>
      <trkpt lat="-21.202375" lon="55.606236"><ele>1845.8</ele></trkpt>
      <trkpt lat="-21.201209" lon="55.607170"><ele>1862.2</ele></trkpt>
      <trkpt lat="-21.200644" lon="55.607968"><ele>1867.0</ele></trkpt>
      <trkpt lat="-21.200243" lon="55.608782"><ele>1875.0</ele></trkpt>
      <trkpt lat="-21.200253" lon="55.608914"><ele>1875.4</ele></trkpt>
      <trkpt lat="-21.200421" lon="55.609151"><ele>1878.8</ele></trkpt>
      <trkpt lat="-21.200469" lon="55.609606"><ele>1883.8</ele></trkpt>
      <trkpt lat="-21.200640" lon="55.609753"><ele>1884.6</ele></trkpt>
      <trkpt lat="-21.201025" lon="55.609390"><ele>1897.6</ele></trkpt>
      <trkpt lat="-21.202121" lon="55.608807"><ele>1906.8</ele></trkpt>
      <trkpt lat="-21.202381" lon="55.608827"><ele>1902.8</ele></trkpt>
      <trkpt lat="-21.203484" lon="55.609297"><ele>1914.4</ele></trkpt>
      <trkpt lat="-21.203589" lon="55.609167"><ele>1917.0</ele></trkpt>
      <trkpt lat="-21.203603" lon="55.608896"><ele>1921.4</ele></trkpt>
      <trkpt lat="-21.203839" lon="55.608860"><ele>1926.0</ele></trkpt>
      <trkpt lat="-21.204181" lon="55.609366"><ele>1933.6</ele></trkpt>
      <trkpt lat="-21.204393" lon="55.609363"><ele>1938.2</ele></trkpt>
      <trkpt lat="-21.204832" lon="55.609778"><ele>1950.0</ele></trkpt>
      <trkpt lat="-21.204881" lon="55.610132"><ele>1955.2</ele></trkpt>
      <trkpt lat="-21.204991" lon="55.610133"><ele>1958.6</ele></trkpt>
      <trkpt lat="-21.205119" lon="55.610349"><ele>1965.0</ele></trkpt>
      <trkpt lat="-21.205045" lon="55.610534"><ele>1969.2</ele></trkpt>
      <trkpt lat="-21.205261" lon="55.610861"><ele>1973.6</ele></trkpt>
      <trkpt lat="-21.205359" lon="55.611317"><ele>1977.2</ele></trkpt>
      <trkpt lat="-21.205646" lon="55.611745"><ele>1977.0</ele></trkpt>
      <trkpt lat="-21.205758" lon="55.611968"><ele>1975.4</ele></trkpt>
      <trkpt lat="-21.205735" lon="55.612119"><ele>1978.4</ele></trkpt>
      <trkpt lat="-21.205897" lon="55.612358"><ele>1986.4</ele></trkpt>
      <trkpt lat="-21.205860" lon="55.612636"><ele>1996.8</ele></trkpt>
      <trkpt lat="-21.205603" lon="55.612853"><ele>1996.4</ele></trkpt>
      <trkpt lat="-21.205290" lon="55.613314"><ele>1984.0</ele></trkpt>
      <trkpt lat="-21.205213" lon="55.613379"><ele>1983.0</ele></trkpt>
      <trkpt lat="-21.205038" lon="55.613306"><ele>1982.6</ele></trkpt>
      <trkpt lat="-21.204998" lon="55.613661"><ele>1990.0</ele></trkpt>
      <trkpt lat="-21.204875" lon="55.613911"><ele>1994.4</ele></trkpt>
      <trkpt lat="-21.204437" lon="55.614206"><ele>2000.0</ele></trkpt>
      <trkpt lat="-21.204469" lon="55.614431"><ele>2000.4</ele></trkpt>
      <trkpt lat="-21.204246" lon="55.614427"><ele>2004.0</ele></trkpt>
      <trkpt lat="-21.203999" lon="55.615119"><ele>2015.6</ele></trkpt>
      <trkpt lat="-21.203733" lon="55.615470"><ele>2021.4</ele></trkpt>
      <trkpt lat="-21.203527" lon="55.615497"><ele>2019.8</ele></trkpt>
      <trkpt lat="-21.203460" lon="55.615799"><ele>2028.2</ele></trkpt>
      <trkpt lat="-21.203299" lon="55.615852"><ele>2029.8</ele></trkpt>
      <trkpt lat="-21.203173" lon="55.616090"><ele>2030.6</ele></trkpt>
      <trkpt lat="-21.202864" lon="55.616178"><ele>2032.2</ele></trkpt>
      <trkpt lat="-21.202700" lon="55.616368"><ele>2037.0</ele></trkpt>
      <trkpt lat="-21.202415" lon="55.616358"><ele>2039.6</ele></trkpt>
      <trkpt lat="-21.202231" lon="55.616805"><ele>2036.4</ele></trkpt>
      <trkpt lat="-21.202093" lon="55.616631"><ele>2027.6</ele></trkpt>
      <trkpt lat="-21.202002" lon="55.616708"><ele>2024.8</ele></trkpt>
      <trkpt lat="-21.201676" lon="55.616751"><ele>2019.4</ele></trkpt>
      <trkpt lat="-21.201595" lon="55.616877"><ele>2018.2</ele></trkpt>
      <trkpt lat="-21.201658" lon="55.617189"><ele>2014.2</ele></trkpt>
      <trkpt lat="-21.201577" lon="55.617341"><ele>2015.0</ele></trkpt>
      <trkpt lat="-21.201657" lon="55.617915"><ele>2023.6</ele></trkpt>
      <trkpt lat="-21.201392" lon="55.618322"><ele>2028.2</ele></trkpt>
      <trkpt lat="-21.202336" lon="55.619061"><ele>2055.4</ele></trkpt>
      <trkpt lat="-21.202444" lon="55.619321"><ele>2060.0</ele></trkpt>
      <trkpt lat="-21.202840" lon="55.619233"><ele>2063.4</ele></trkpt>
      <trkpt lat="-21.203156" lon="55.619327"><ele>2069.2</ele></trkpt>
      <trkpt lat="-21.203146" lon="55.620109"><ele>2078.2</ele></trkpt>
      <trkpt lat="-21.203291" lon="55.620253"><ele>2073.2</ele></trkpt>
      <trkpt lat="-21.203596" lon="55.620261"><ele>2068.6</ele></trkpt>
      <trkpt lat="-21.203777" lon="55.620349"><ele>2065.2</ele></trkpt>
      <trkpt lat="-21.204410" lon="55.620949"><ele>2056.4</ele></trkpt>
      <trkpt lat="-21.204421" lon="55.621155"><ele>2052.0</ele></trkpt>
      <trkpt lat="-21.204294" lon="55.621090"><ele>2048.8</ele></trkpt>
      <trkpt lat="-21.203990" lon="55.621102"><ele>2044.8</ele></trkpt>
      <trkpt lat="-21.203716" lon="55.620923"><ele>2042.6</ele></trkpt>
      <trkpt lat="-21.203174" lon="55.620778"><ele>2041.2</ele></trkpt>
      <trkpt lat="-21.202511" lon="55.620760"><ele>2039.6</ele></trkpt>
      <trkpt lat="-21.202222" lon="55.620609"><ele>2038.4</ele></trkpt>
      <trkpt lat="-21.201793" lon="55.620583"><ele>2036.6</ele></trkpt>
      <trkpt lat="-21.201027" lon="55.621011"><ele>2035.8</ele></trkpt>
      <trkpt lat="-21.200971" lon="55.621122"><ele>2036.4</ele></trkpt>
      <trkpt lat="-21.200891" lon="55.621024"><ele>2036.4</ele></trkpt>
      <trkpt lat="-21.200778" lon="55.621084"><ele>2035.6</ele></trkpt>
      <trkpt lat="-21.200985" lon="55.621147"><ele>2035.4</ele></trkpt>
      <trkpt lat="-21.200825" lon="55.621093"><ele>2035.4</ele></trkpt>
      <trkpt lat="-21.200885" lon="55.621058"><ele>2035.6</ele></trkpt>
      <trkpt lat="-21.200780" lon="55.621082"><ele>2035.0</ele></trkpt>
      <trkpt lat="-21.200830" lon="55.621118"><ele>2035.0</ele></trkpt>
      <trkpt lat="-21.200807" lon="55.621039"><ele>2035.4</ele></trkpt>
      <trkpt lat="-21.200650" lon="55.621041"><ele>2035.4</ele></trkpt>
      <trkpt lat="-21.200134" lon="55.621417"><ele>2036.6</ele></trkpt>
      <trkpt lat="-21.199522" lon="55.621434"><ele>2040.2</ele></trkpt>
      <trkpt lat="-21.198902" lon="55.621937"><ele>2038.0</ele></trkpt>
      <trkpt lat="-21.198308" lon="55.622060"><ele>2034.4</ele></trkpt>
      <trkpt lat="-21.197882" lon="55.622732"><ele>2039.0</ele></trkpt>
      <trkpt lat="-21.197599" lon="55.622894"><ele>2041.2</ele></trkpt>
      <trkpt lat="-21.197552" lon="55.623116"><ele>2044.4</ele></trkpt>
      <trkpt lat="-21.197114" lon="55.623610"><ele>2050.6</ele></trkpt>
      <trkpt lat="-21.196752" lon="55.623721"><ele>2053.6</ele></trkpt>
      <trkpt lat="-21.196539" lon="55.623917"><ele>2058.6</ele></trkpt>
      <trkpt lat="-21.196382" lon="55.624173"><ele>2061.0</ele></trkpt>
      <trkpt lat="-21.196248" lon="55.624979"><ele>2067.2</ele></trkpt>
      <trkpt lat="-21.195737" lon="55.625250"><ele>2070.0</ele></trkpt>
      <trkpt lat="-21.195609" lon="55.625432"><ele>2069.4</ele></trkpt>
      <trkpt lat="-21.195279" lon="55.625506"><ele>2071.2</ele></trkpt>
      <trkpt lat="-21.194886" lon="55.625824"><ele>2076.6</ele></trkpt>
      <trkpt lat="-21.194623" lon="55.625590"><ele>2075.2</ele></trkpt>
      <trkpt lat="-21.194417" lon="55.625617"><ele>2075.0</ele></trkpt>
      <trkpt lat="-21.194269" lon="55.625773"><ele>2078.2</ele></trkpt>
      <trkpt lat="-21.193979" lon="55.626374"><ele>2080.0</ele></trkpt>
      <trkpt lat="-21.193588" lon="55.626431"><ele>2081.8</ele></trkpt>
      <trkpt lat="-21.193158" lon="55.626170"><ele>2079.8</ele></trkpt>
      <trkpt lat="-21.193063" lon="55.625998"><ele>2079.2</ele></trkpt>
      <trkpt lat="-21.193121" lon="55.625645"><ele>2074.6</ele></trkpt>
      <trkpt lat="-21.193392" lon="55.625129"><ele>2067.4</ele></trkpt>
      <trkpt lat="-21.193459" lon="55.624133"><ele>2059.8</ele></trkpt>
      <trkpt lat="-21.193618" lon="55.623746"><ele>2052.0</ele></trkpt>
      <trkpt lat="-21.193787" lon="55.622839"><ele>2043.6</ele></trkpt>
      <trkpt lat="-21.193990" lon="55.622384"><ele>2035.8</ele></trkpt>
      <trkpt lat="-21.194006" lon="55.622210"><ele>2032.6</ele></trkpt>
      <trkpt lat="-21.193708" lon="55.621229"><ele>2021.6</ele></trkpt>
      <trkpt lat="-21.193755" lon="55.620535"><ele>2017.2</ele></trkpt>
      <trkpt lat="-21.193932" lon="55.620373"><ele>2016.8</ele></trkpt>
      <trkpt lat="-21.194111" lon="55.619973"><ele>2008.8</ele></trkpt>
      <trkpt lat="-21.194145" lon="55.619181"><ele>1998.0</ele></trkpt>
      <trkpt lat="-21.194548" lon="55.618711"><ele>1990.0</ele></trkpt>
      <trkpt lat="-21.194772" lon="55.617375"><ele>1970.6</ele></trkpt>
      <trkpt lat="-21.195051" lon="55.616693"><ele>1957.6</ele></trkpt>
      <trkpt lat="-21.194892" lon="55.616363"><ele>1954.4</ele></trkpt>
      <trkpt lat="-21.194983" lon="55.616072"><ele>1950.8</ele></trkpt>
      <trkpt lat="-21.194933" lon="55.615633"><ele>1946.2</ele></trkpt>
      <trkpt lat="-21.194427" lon="55.615279"><ele>1942.4</ele></trkpt>
      <trkpt lat="-21.194394" lon="55.615168"><ele>1942.0</ele></trkpt>
      <trkpt lat="-21.194167" lon="55.613142"><ele>1916.4</ele></trkpt>
      <trkpt lat="-21.193974" lon="55.612649"><ele>1910.4</ele></trkpt>
      <trkpt lat="-21.194010" lon="55.612055"><ele>1895.4</ele></trkpt>
      <trkpt lat="-21.193825" lon="55.611682"><ele>1888.8</ele></trkpt>
      <trkpt lat="-21.193700" lon="55.611100"><ele>1886.4</ele></trkpt>
      <trkpt lat="-21.192324" lon="55.607298"><ele>1834.8</ele></trkpt>
      <trkpt lat="-21.192439" lon="55.607182"><ele>1833.8</ele></trkpt>
      <trkpt lat="-21.193973" lon="55.607800"><ele>1839.4</ele></trkpt>
      <trkpt lat="-21.194177" lon="55.607745"><ele>1838.2</ele></trkpt>
      <trkpt lat="-21.194097" lon="55.607285"><ele>1831.4</ele></trkpt>
      <trkpt lat="-21.193789" lon="55.606015"><ele>1822.8</ele></trkpt>
      <trkpt lat="-21.193703" lon="55.605220"><ele>1812.6</ele></trkpt>
      <trkpt lat="-21.193443" lon="55.604381"><ele>1805.6</ele></trkpt>
      <trkpt lat="-21.193259" lon="55.603160"><ele>1791.6</ele></trkpt>
      <trkpt lat="-21.192667" lon="55.603104"><ele>1789.8</ele></trkpt>
      <trkpt lat="-21.192708" lon="55.602976"><ele>1786.8</ele></trkpt>
      <trkpt lat="-21.192396" lon="55.603179"><ele>1778.4</ele></trkpt>
      <trkpt lat="-21.192639" lon="55.602326"><ele>1755.8</ele></trkpt>
      <trkpt lat="-21.192361" lon="55.601583"><ele>1742.6</ele></trkpt>
      <trkpt lat="-21.192303" lon="55.600682"><ele>1737.6</ele></trkpt>
      <trkpt lat="-21.192161" lon="55.599983"><ele>1738.6</ele></trkpt>
      <trkpt lat="-21.191777" lon="55.599411"><ele>1730.2</ele></trkpt>
      <trkpt lat="-21.191563" lon="55.598842"><ele>1740.2</ele></trkpt>
      <trkpt lat="-21.191194" lon="55.598680"><ele>1741.6</ele></trkpt>
      <trkpt lat="-21.191036" lon="55.598427"><ele>1738.4</ele></trkpt>
      <trkpt lat="-21.187655" lon="55.592608"><ele>1718.4</ele></trkpt>
      <trkpt lat="-21.187200" lon="55.591923"><ele>1699.2</ele></trkpt>
      <trkpt lat="-21.186735" lon="55.591758"><ele>1698.8</ele></trkpt>
      <trkpt lat="-21.186482" lon="55.591484"><ele>1695.2</ele></trkpt>
      <trkpt lat="-21.186107" lon="55.591407"><ele>1693.2</ele></trkpt>
      <trkpt lat="-21.185607" lon="55.591487"><ele>1692.8</ele></trkpt>
      <trkpt lat="-21.184970" lon="55.591886"><ele>1690.6</ele></trkpt>
      <trkpt lat="-21.184292" lon="55.591745"><ele>1687.0</ele></trkpt>
      <trkpt lat="-21.183708" lon="55.591810"><ele>1685.4</ele></trkpt>
      <trkpt lat="-21.183108" lon="55.592087"><ele>1686.2</ele></trkpt>
      <trkpt lat="-21.182595" lon="55.592606"><ele>1686.4</ele></trkpt>
      <trkpt lat="-21.182465" lon="55.592595"><ele>1686.4</ele></trkpt>
      <trkpt lat="-21.181637" lon="55.591961"><ele>1683.8</ele></trkpt>
      <trkpt lat="-21.181586" lon="55.591259"><ele>1683.0</ele></trkpt>
      <trkpt lat="-21.181463" lon="55.590947"><ele>1684.8</ele></trkpt>
      <trkpt lat="-21.181317" lon="55.590022"><ele>1681.4</ele></trkpt>
      <trkpt lat="-21.180968" lon="55.589139"><ele>1673.4</ele></trkpt>
      <trkpt lat="-21.180537" lon="55.588472"><ele>1665.4</ele></trkpt>
      <trkpt lat="-21.179984" lon="55.588134"><ele>1655.6</ele></trkpt>
      <trkpt lat="-21.179631" lon="55.588164"><ele>1653.0</ele></trkpt>
      <trkpt lat="-21.179336" lon="55.588002"><ele>1652.4</ele></trkpt>
      <trkpt lat="-21.178945" lon="55.587907"><ele>1652.0</ele></trkpt>
      <trkpt lat="-21.178274" lon="55.587512"><ele>1649.2</ele></trkpt>
      <trkpt lat="-21.178145" lon="55.587318"><ele>1649.4</ele></trkpt>
      <trkpt lat="-21.178045" lon="55.586761"><ele>1649.0</ele></trkpt>
      <trkpt lat="-21.178117" lon="55.586577"><ele>1648.6</ele></trkpt>
      <trkpt lat="-21.178375" lon="55.586147"><ele>1646.2</ele></trkpt>
      <trkpt lat="-21.178808" lon="55.585941"><ele>1644.8</ele></trkpt>
      <trkpt lat="-21.178873" lon="55.585771"><ele>1645.0</ele></trkpt>
      <trkpt lat="-21.178887" lon="55.584961"><ele>1643.8</ele></trkpt>
      <trkpt lat="-21.179078" lon="55.584326"><ele>1641.8</ele></trkpt>
      <trkpt lat="-21.178855" lon="55.583748"><ele>1640.6</ele></trkpt>
      <trkpt lat="-21.178859" lon="55.583601"><ele>1640.2</ele></trkpt>
      <trkpt lat="-21.179158" lon="55.583312"><ele>1638.6</ele></trkpt>
      <trkpt lat="-21.179229" lon="55.582857"><ele>1637.2</ele></trkpt>
      <trkpt lat="-21.179016" lon="55.582303"><ele>1635.6</ele></trkpt>
      <trkpt lat="-21.179023" lon="55.582027"><ele>1634.8</ele></trkpt>
      <trkpt lat="-21.178926" lon="55.581723"><ele>1632.0</ele></trkpt>
      <trkpt lat="-21.178797" lon="55.581716"><ele>1629.6</ele></trkpt>
      <trkpt lat="-21.178615" lon="55.582102"><ele>1626.6</ele></trkpt>
      <trkpt lat="-21.178449" lon="55.582218"><ele>1625.0</ele></trkpt>
      <trkpt lat="-21.178315" lon="55.582221"><ele>1623.6</ele></trkpt>
      <trkpt lat="-21.178206" lon="55.582113"><ele>1622.2</ele></trkpt>
      <trkpt lat="-21.177973" lon="55.581316"><ele>1619.4</ele></trkpt>
      <trkpt lat="-21.177951" lon="55.580964"><ele>1619.0</ele></trkpt>
      <trkpt lat="-21.178144" lon="55.580564"><ele>1618.2</ele></trkpt>
      <trkpt lat="-21.178124" lon="55.580208"><ele>1618.0</ele></trkpt>
      <trkpt lat="-21.178031" lon="55.580026"><ele>1617.8</ele></trkpt>
      <trkpt lat="-21.177679" lon="55.580007"><ele>1616.4</ele></trkpt>
      <trkpt lat="-21.177640" lon="55.579701"><ele>1614.6</ele></trkpt>
      <trkpt lat="-21.177572" lon="55.579672"><ele>1614.4</ele></trkpt>
      <trkpt lat="-21.177411" lon="55.579788"><ele>1614.4</ele></trkpt>
      <trkpt lat="-21.176902" lon="55.580370"><ele>1614.6</ele></trkpt>
      <trkpt lat="-21.175757" lon="55.580833"><ele>1615.4</ele></trkpt>
      <trkpt lat="-21.169194" lon="55.575969"><ele>1608.4</ele></trkpt>
      <trkpt lat="-21.168884" lon="55.575949"><ele>1607.6</ele></trkpt>
      <trkpt lat="-21.167048" lon="55.576450"><ele>1606.8</ele></trkpt>
      <trkpt lat="-21.166604" lon="55.576534"><ele>1606.4</ele></trkpt>
      <trkpt lat="-21.166423" lon="55.576495"><ele>1606.6</ele></trkpt>
      <trkpt lat="-21.166108" lon="55.576121"><ele>1606.6</ele></trkpt>
      <trkpt lat="-21.165855" lon="55.575646"><ele>1607.0</ele></trkpt>
      <trkpt lat="-21.162235" lon="55.571859"><ele>1614.6</ele></trkpt>
      <trkpt lat="-21.162216" lon="55.571709"><ele>1614.6</ele></trkpt>
      <trkpt lat="-21.162010" lon="55.571482"><ele>1614.4</ele></trkpt>
      <trkpt lat="-21.161946" lon="55.570990"><ele>1615.0</ele></trkpt>
      <trkpt lat="-21.161829" lon="55.571078"><ele>1615.8</ele></trkpt>
      <trkpt lat="-21.161862" lon="55.570977"><ele>1619.4</ele></trkpt>
      <trkpt lat="-21.161934" lon="55.570973"><ele>1619.2</ele></trkpt>
      <trkpt lat="-21.161922" lon="55.571041"><ele>1619.4</ele></trkpt>
      <trkpt lat="-21.161432" lon="55.571076"><ele>1617.8</ele></trkpt>
      <trkpt lat="-21.161070" lon="55.570897"><ele>1617.4</ele></trkpt>
      <trkpt lat="-21.161023" lon="55.570568"><ele>1616.8</ele></trkpt>
      <trkpt lat="-21.160692" lon="55.569948"><ele>1619.4</ele></trkpt>
      <trkpt lat="-21.160580" lon="55.568685"><ele>1621.8</ele></trkpt>
      <trkpt lat="-21.160312" lon="55.568283"><ele>1624.4</ele></trkpt>
      <trkpt lat="-21.160059" lon="55.567414"><ele>1629.0</ele></trkpt>
      <trkpt lat="-21.159790" lon="55.566954"><ele>1632.2</ele></trkpt>
      <trkpt lat="-21.159545" lon="55.566691"><ele>1636.2</ele></trkpt>
      <trkpt lat="-21.159487" lon="55.566493"><ele>1638.6</ele></trkpt>
      <trkpt lat="-21.159323" lon="55.566385"><ele>1639.0</ele></trkpt>
      <trkpt lat="-21.159227" lon="55.566192"><ele>1640.4</ele></trkpt>
      <trkpt lat="-21.158909" lon="55.566089"><ele>1641.0</ele></trkpt>
      <trkpt lat="-21.158664" lon="55.565626"><ele>1642.2</ele></trkpt>
      <trkpt lat="-21.157777" lon="55.565286"><ele>1642.8</ele></trkpt>
      <trkpt lat="-21.157749" lon="55.565029"><ele>1644.0</ele></trkpt>
      <trkpt lat="-21.157569" lon="55.564788"><ele>1645.0</ele></trkpt>
      <trkpt lat="-21.157385" lon="55.564036"><ele>1647.0</ele></trkpt>
      <trkpt lat="-21.156844" lon="55.563457"><ele>1648.4</ele></trkpt>
      <trkpt lat="-21.156573" lon="55.563053"><ele>1653.2</ele></trkpt>
      <trkpt lat="-21.156226" lon="55.562395"><ele>1660.2</ele></trkpt>
      <trkpt lat="-21.155903" lon="55.561437"><ele>1665.6</ele></trkpt>
      <trkpt lat="-21.155613" lon="55.560906"><ele>1669.4</ele></trkpt>
      <trkpt lat="-21.155044" lon="55.560328"><ele>1667.6</ele></trkpt>
      <trkpt lat="-21.155041" lon="55.560124"><ele>1669.4</ele></trkpt>
      <trkpt lat="-21.153828" lon="55.559890"><ele>1669.0</ele></trkpt>
      <trkpt lat="-21.153817" lon="55.559725"><ele>1669.2</ele></trkpt>
      <trkpt lat="-21.153577" lon="55.559508"><ele>1670.8</ele></trkpt>
      <trkpt lat="-21.153457" lon="55.559139"><ele>1672.2</ele></trkpt>
      <trkpt lat="-21.153342" lon="55.559067"><ele>1672.6</ele></trkpt>
      <trkpt lat="-21.153106" lon="55.558626"><ele>1676.2</ele></trkpt>
      <trkpt lat="-21.151550" lon="55.558113"><ele>1683.8</ele></trkpt>
      <trkpt lat="-21.151557" lon="55.557891"><ele>1690.4</ele></trkpt>
      <trkpt lat="-21.151784" lon="55.557360"><ele>1695.6</ele></trkpt>
      <trkpt lat="-21.152125" lon="55.557037"><ele>1697.4</ele></trkpt>
      <trkpt lat="-21.152604" lon="55.556122"><ele>1708.2</ele></trkpt>
      <trkpt lat="-21.152556" lon="55.555940"><ele>1711.2</ele></trkpt>
      <trkpt lat="-21.152954" lon="55.554923"><ele>1721.8</ele></trkpt>
      <trkpt lat="-21.152986" lon="55.554527"><ele>1725.6</ele></trkpt>
      <trkpt lat="-21.153181" lon="55.554191"><ele>1729.4</ele></trkpt>
      <trkpt lat="-21.153153" lon="55.553977"><ele>1730.2</ele></trkpt>
      <trkpt lat="-21.153011" lon="55.553722"><ele>1732.8</ele></trkpt>
      <trkpt lat="-21.153256" lon="55.552930"><ele>1735.4</ele></trkpt>
      <trkpt lat="-21.153103" lon="55.551742"><ele>1736.4</ele></trkpt>
      <trkpt lat="-21.153149" lon="55.550682"><ele>1738.6</ele></trkpt>
      <trkpt lat="-21.153259" lon="55.550199"><ele>1737.2</ele></trkpt>
      <trkpt lat="-21.153143" lon="55.549939"><ele>1737.4</ele></trkpt>
      <trkpt lat="-21.152512" lon="55.549171"><ele>1740.0</ele></trkpt>
      <trkpt lat="-21.152509" lon="55.548551"><ele>1742.4</ele></trkpt>
      <trkpt lat="-21.152376" lon="55.548133"><ele>1742.4</ele></trkpt>
      <trkpt lat="-21.152370" lon="55.547864"><ele>1743.2</ele></trkpt>
      <trkpt lat="-21.152184" lon="55.547483"><ele>1743.8</ele></trkpt>
      <trkpt lat="-21.151846" lon="55.547108"><ele>1743.6</ele></trkpt>
      <trkpt lat="-21.151716" lon="55.546042"><ele>1746.4</ele></trkpt>
      <trkpt lat="-21.151314" lon="55.545542"><ele>1748.6</ele></trkpt>
      <trkpt lat="-21.151218" lon="55.545509"><ele>1751.2</ele></trkpt>
      <trkpt lat="-21.151161" lon="55.545581"><ele>1754.0</ele></trkpt>
      <trkpt lat="-21.150976" lon="55.545461"><ele>1753.4</ele></trkpt>
      <trkpt lat="-21.150939" lon="55.545086"><ele>1756.6</ele></trkpt>
      <trkpt lat="-21.150080" lon="55.544736"><ele>1760.4</ele></trkpt>
      <trkpt lat="-21.149800" lon="55.544125"><ele>1767.8</ele></trkpt>
      <trkpt lat="-21.149848" lon="55.543856"><ele>1770.4</ele></trkpt>
      <trkpt lat="-21.149729" lon="55.543642"><ele>1772.2</ele></trkpt>
      <trkpt lat="-21.149427" lon="55.543882"><ele>1769.6</ele></trkpt>
      <trkpt lat="-21.148937" lon="55.543663"><ele>1776.2</ele></trkpt>
      <trkpt lat="-21.148846" lon="55.543696"><ele>1778.6</ele></trkpt>
      <trkpt lat="-21.148729" lon="55.543335"><ele>1788.6</ele></trkpt>
      <trkpt lat="-21.148423" lon="55.543291"><ele>1794.0</ele></trkpt>
      <trkpt lat="-21.148186" lon="55.543155"><ele>1797.4</ele></trkpt>
      <trkpt lat="-21.147596" lon="55.542482"><ele>1809.6</ele></trkpt>
      <trkpt lat="-21.147290" lon="55.542524"><ele>1815.4</ele></trkpt>
      <trkpt lat="-21.147154" lon="55.542199"><ele>1817.6</ele></trkpt>
      <trkpt lat="-21.146401" lon="55.541845"><ele>1829.0</ele></trkpt>
      <trkpt lat="-21.145789" lon="55.541432"><ele>1838.6</ele></trkpt>
      <trkpt lat="-21.145307" lon="55.541291"><ele>1845.0</ele></trkpt>
      <trkpt lat="-21.144956" lon="55.540994"><ele>1854.2</ele></trkpt>
      <trkpt lat="-21.144741" lon="55.540650"><ele>1862.0</ele></trkpt>
      <trkpt lat="-21.144429" lon="55.540352"><ele>1871.4</ele></trkpt>
      <trkpt lat="-21.144154" lon="55.540255"><ele>1874.6</ele></trkpt>
      <trkpt lat="-21.144032" lon="55.540423"><ele>1878.8</ele></trkpt>
      <trkpt lat="-21.143823" lon="55.540470"><ele>1882.2</ele></trkpt>
      <trkpt lat="-21.142980" lon="55.540162"><ele>1889.8</ele></trkpt>
      <trkpt lat="-21.142385" lon="55.540365"><ele>1897.0</ele></trkpt>
      <trkpt lat="-21.142054" lon="55.540344"><ele>1901.2</ele></trkpt>
      <trkpt lat="-21.141828" lon="55.540198"><ele>1905.6</ele></trkpt>
      <trkpt lat="-21.141674" lon="55.540269"><ele>1907.8</ele></trkpt>
      <trkpt lat="-21.141665" lon="55.540194"><ele>1908.8</ele></trkpt>
      <trkpt lat="-21.141354" lon="55.539967"><ele>1914.6</ele></trkpt>
      <trkpt lat="-21.141040" lon="55.539853"><ele>1918.0</ele></trkpt>
      <trkpt lat="-21.140823" lon="55.539656"><ele>1918.6</ele></trkpt>
      <trkpt lat="-21.140528" lon="55.539643"><ele>1921.0</ele></trkpt>
      <trkpt lat="-21.140184" lon="55.539455"><ele>1926.0</ele></trkpt>
      <trkpt lat="-21.140139" lon="55.539470"><ele>1925.8</ele></trkpt>
      <trkpt lat="-21.140233" lon="55.539690"><ele>1927.0</ele></trkpt>
      <trkpt lat="-21.140064" lon="55.539881"><ele>1928.8</ele></trkpt>
      <trkpt lat="-21.139780" lon="55.539607"><ele>1934.4</ele></trkpt>
      <trkpt lat="-21.139394" lon="55.539474"><ele>1940.8</ele></trkpt>
      <trkpt lat="-21.138976" lon="55.539844"><ele>1948.4</ele></trkpt>
      <trkpt lat="-21.138760" lon="55.539650"><ele>1953.0</ele></trkpt>
      <trkpt lat="-21.138538" lon="55.539632"><ele>1954.8</ele></trkpt>
      <trkpt lat="-21.138467" lon="55.539359"><ele>1959.6</ele></trkpt>
      <trkpt lat="-21.137909" lon="55.539112"><ele>1965.6</ele></trkpt>
      <trkpt lat="-21.137746" lon="55.538869"><ele>1969.8</ele></trkpt>
      <trkpt lat="-21.137463" lon="55.538748"><ele>1973.2</ele></trkpt>
      <trkpt lat="-21.137356" lon="55.538549"><ele>1976.2</ele></trkpt>
      <trkpt lat="-21.137517" lon="55.538570"><ele>1977.2</ele></trkpt>
      <trkpt lat="-21.137559" lon="55.538457"><ele>1978.4</ele></trkpt>
      <trkpt lat="-21.137254" lon="55.538105"><ele>1981.0</ele></trkpt>
      <trkpt lat="-21.137054" lon="55.538084"><ele>1980.8</ele></trkpt>
      <trkpt lat="-21.137240" lon="55.537548"><ele>1980.2</ele></trkpt>
      <trkpt lat="-21.137707" lon="55.537086"><ele>1982.6</ele></trkpt>
      <trkpt lat="-21.137908" lon="55.536185"><ele>1988.4</ele></trkpt>
      <trkpt lat="-21.137813" lon="55.536047"><ele>1991.4</ele></trkpt>
      <trkpt lat="-21.137446" lon="55.535981"><ele>2000.0</ele></trkpt>
      <trkpt lat="-21.137364" lon="55.535747"><ele>2005.8</ele></trkpt>
      <trkpt lat="-21.137351" lon="55.535356"><ele>2009.2</ele></trkpt>
      <trkpt lat="-21.137090" lon="55.534582"><ele>1993.8</ele></trkpt>
      <trkpt lat="-21.136748" lon="55.534183"><ele>1975.2</ele></trkpt>
      <trkpt lat="-21.136500" lon="55.534032"><ele>1961.2</ele></trkpt>
      <trkpt lat="-21.136327" lon="55.533740"><ele>1954.2</ele></trkpt>
      <trkpt lat="-21.136363" lon="55.533662"><ele>1951.4</ele></trkpt>
      <trkpt lat="-21.136263" lon="55.533628"><ele>1946.2</ele></trkpt>
      <trkpt lat="-21.136235" lon="55.533273"><ele>1943.2</ele></trkpt>
      <trkpt lat="-21.135898" lon="55.533059"><ele>1933.0</ele></trkpt>
      <trkpt lat="-21.135686" lon="55.532449"><ele>1932.4</ele></trkpt>
      <trkpt lat="-21.135787" lon="55.532343"><ele>1930.0</ele></trkpt>
      <trkpt lat="-21.135496" lon="55.531969"><ele>1930.8</ele></trkpt>
      <trkpt lat="-21.135663" lon="55.531516"><ele>1929.2</ele></trkpt>
      <trkpt lat="-21.135664" lon="55.530951"><ele>1927.6</ele></trkpt>
      <trkpt lat="-21.135109" lon="55.530223"><ele>1926.6</ele></trkpt>
      <trkpt lat="-21.134823" lon="55.530079"><ele>1923.0</ele></trkpt>
      <trkpt lat="-21.134698" lon="55.530131"><ele>1918.6</ele></trkpt>
      <trkpt lat="-21.134779" lon="55.530354"><ele>1907.0</ele></trkpt>
      <trkpt lat="-21.134692" lon="55.530388"><ele>1901.8</ele></trkpt>
      <trkpt lat="-21.134205" lon="55.529894"><ele>1908.8</ele></trkpt>
      <trkpt lat="-21.134201" lon="55.529296"><ele>1908.8</ele></trkpt>
      <trkpt lat="-21.133906" lon="55.528913"><ele>1913.2</ele></trkpt>
      <trkpt lat="-21.133922" lon="55.528743"><ele>1916.4</ele></trkpt>
      <trkpt lat="-21.133771" lon="55.528395"><ele>1922.0</ele></trkpt>
      <trkpt lat="-21.133782" lon="55.527909"><ele>1928.4</ele></trkpt>
      <trkpt lat="-21.133706" lon="55.527594"><ele>1932.6</ele></trkpt>
      <trkpt lat="-21.133939" lon="55.526380"><ele>1947.8</ele></trkpt>
      <trkpt lat="-21.133907" lon="55.526189"><ele>1949.8</ele></trkpt>
      <trkpt lat="-21.134068" lon="55.525800"><ele>1955.8</ele></trkpt>
      <trkpt lat="-21.134099" lon="55.525254"><ele>1966.4</ele></trkpt>
      <trkpt lat="-21.134170" lon="55.525110"><ele>1970.8</ele></trkpt>
      <trkpt lat="-21.134113" lon="55.524954"><ele>1974.2</ele></trkpt>
      <trkpt lat="-21.134165" lon="55.524203"><ele>1985.4</ele></trkpt>
      <trkpt lat="-21.134246" lon="55.523823"><ele>1993.0</ele></trkpt>
      <trkpt lat="-21.134442" lon="55.523561"><ele>2001.8</ele></trkpt>
      <trkpt lat="-21.134416" lon="55.523345"><ele>2004.0</ele></trkpt>
      <trkpt lat="-21.134519" lon="55.523184"><ele>2009.4</ele></trkpt>
      <trkpt lat="-21.134652" lon="55.523151"><ele>2013.0</ele></trkpt>
      <trkpt lat="-21.134705" lon="55.522653"><ele>2023.6</ele></trkpt>
      <trkpt lat="-21.134611" lon="55.522408"><ele>2027.2</ele></trkpt>
      <trkpt lat="-21.134756" lon="55.522250"><ele>2031.4</ele></trkpt>
      <trkpt lat="-21.134770" lon="55.522070"><ele>2033.6</ele></trkpt>
      <trkpt lat="-21.134641" lon="55.521365"><ele>2036.6</ele></trkpt>
      <trkpt lat="-21.134441" lon="55.521282"><ele>2042.4</ele></trkpt>
      <trkpt lat="-21.134359" lon="55.521077"><ele>2047.4</ele></trkpt>
      <trkpt lat="-21.134378" lon="55.520874"><ele>2051.0</ele></trkpt>
      <trkpt lat="-21.134172" lon="55.520956"><ele>2047.4</ele></trkpt>
      <trkpt lat="-21.134128" lon="55.520821"><ele>2040.8</ele></trkpt>
      <trkpt lat="-21.134263" lon="55.519408"><ele>2053.8</ele></trkpt>
      <trkpt lat="-21.134172" lon="55.518991"><ele>2059.2</ele></trkpt>
      <trkpt lat="-21.134010" lon="55.519056"><ele>2064.4</ele></trkpt>
      <trkpt lat="-21.134092" lon="55.518529"><ele>2076.0</ele></trkpt>
      <trkpt lat="-21.133962" lon="55.518316"><ele>2086.2</ele></trkpt>
      <trkpt lat="-21.134088" lon="55.517746"><ele>2100.2</ele></trkpt>
      <trkpt lat="-21.134084" lon="55.517362"><ele>2109.6</ele></trkpt>
      <trkpt lat="-21.134310" lon="55.516838"><ele>2117.0</ele></trkpt>
      <trkpt lat="-21.134191" lon="55.516324"><ele>2129.8</ele></trkpt>
      <trkpt lat="-21.134229" lon="55.516205"><ele>2133.2</ele></trkpt>
      <trkpt lat="-21.134124" lon="55.515959"><ele>2139.6</ele></trkpt>
      <trkpt lat="-21.134174" lon="55.515680"><ele>2145.2</ele></trkpt>
      <trkpt lat="-21.134116" lon="55.515654"><ele>2146.4</ele></trkpt>
      <trkpt lat="-21.134070" lon="55.515365"><ele>2151.8</ele></trkpt>
      <trkpt lat="-21.134115" lon="55.514939"><ele>2157.0</ele></trkpt>
      <trkpt lat="-21.133337" lon="55.514312"><ele>2162.8</ele></trkpt>
      <trkpt lat="-21.132129" lon="55.512858"><ele>2179.6</ele></trkpt>
      <trkpt lat="-21.131973" lon="55.512414"><ele>2181.8</ele></trkpt>
      <trkpt lat="-21.131440" lon="55.512146"><ele>2186.4</ele></trkpt>
      <trkpt lat="-21.131442" lon="55.511866"><ele>2190.0</ele></trkpt>
      <trkpt lat="-21.130649" lon="55.510803"><ele>2193.8</ele></trkpt>
      <trkpt lat="-21.130375" lon="55.510148"><ele>2189.6</ele></trkpt>
      <trkpt lat="-21.130033" lon="55.509907"><ele>2188.6</ele></trkpt>
      <trkpt lat="-21.129748" lon="55.509483"><ele>2193.2</ele></trkpt>
      <trkpt lat="-21.129279" lon="55.508989"><ele>2196.2</ele></trkpt>
      <trkpt lat="-21.129216" lon="55.508790"><ele>2196.8</ele></trkpt>
      <trkpt lat="-21.128337" lon="55.507529"><ele>2207.6</ele></trkpt>
      <trkpt lat="-21.128159" lon="55.507397"><ele>2206.8</ele></trkpt>
      <trkpt lat="-21.128150" lon="55.507224"><ele>2200.8</ele></trkpt>
      <trkpt lat="-21.127194" lon="55.505871"><ele>2225.2</ele></trkpt>
      <trkpt lat="-21.126691" lon="55.505745"><ele>2232.0</ele></trkpt>
      <trkpt lat="-21.126054" lon="55.505439"><ele>2239.2</ele></trkpt>
      <trkpt lat="-21.125787" lon="55.504939"><ele>2239.6</ele></trkpt>
      <trkpt lat="-21.125328" lon="55.504742"><ele>2244.2</ele></trkpt>
      <trkpt lat="-21.125246" lon="55.504614"><ele>2245.6</ele></trkpt>
      <trkpt lat="-21.124953" lon="55.504435"><ele>2244.0</ele></trkpt>
      <trkpt lat="-21.124677" lon="55.504665"><ele>2239.2</ele></trkpt>
      <trkpt lat="-21.124557" lon="55.505064"><ele>2241.0</ele></trkpt>
      <trkpt lat="-21.124163" lon="55.505091"><ele>2247.6</ele></trkpt>
      <trkpt lat="-21.124056" lon="55.505192"><ele>2250.0</ele></trkpt>
      <trkpt lat="-21.123838" lon="55.505033"><ele>2254.2</ele></trkpt>
      <trkpt lat="-21.122950" lon="55.505025"><ele>2272.0</ele></trkpt>
      <trkpt lat="-21.122285" lon="55.504345"><ele>2284.8</ele></trkpt>
      <trkpt lat="-21.122050" lon="55.504384"><ele>2282.6</ele></trkpt>
      <trkpt lat="-21.121673" lon="55.504179"><ele>2289.0</ele></trkpt>
      <trkpt lat="-21.121416" lon="55.504181"><ele>2291.8</ele></trkpt>
      <trkpt lat="-21.121120" lon="55.503941"><ele>2294.2</ele></trkpt>
      <trkpt lat="-21.120227" lon="55.503547"><ele>2294.2</ele></trkpt>
      <trkpt lat="-21.120197" lon="55.503320"><ele>2300.2</ele></trkpt>
      <trkpt lat="-21.119815" lon="55.503144"><ele>2302.8</ele></trkpt>
      <trkpt lat="-21.119675" lon="55.503197"><ele>2305.2</ele></trkpt>
      <trkpt lat="-21.119061" lon="55.502975"><ele>2312.2</ele></trkpt>
      <trkpt lat="-21.118809" lon="55.502500"><ele>2314.2</ele></trkpt>
      <trkpt lat="-21.118623" lon="55.502508"><ele>2316.4</ele></trkpt>
      <trkpt lat="-21.118239" lon="55.502270"><ele>2326.2</ele></trkpt>
      <trkpt lat="-21.117862" lon="55.502191"><ele>2331.4</ele></trkpt>
      <trkpt lat="-21.117296" lon="55.501535"><ele>2343.4</ele></trkpt>
      <trkpt lat="-21.117102" lon="55.501466"><ele>2343.2</ele></trkpt>
      <trkpt lat="-21.117014" lon="55.501327"><ele>2342.0</ele></trkpt>
      <trkpt lat="-21.116797" lon="55.501235"><ele>2343.4</ele></trkpt>
      <trkpt lat="-21.116187" lon="55.500672"><ele>2360.2</ele></trkpt>
      <trkpt lat="-21.115566" lon="55.500296"><ele>2378.4</ele></trkpt>
      <trkpt lat="-21.115034" lon="55.499653"><ele>2393.4</ele></trkpt>
      <trkpt lat="-21.114739" lon="55.499454"><ele>2398.0</ele></trkpt>
      <trkpt lat="-21.114462" lon="55.499017"><ele>2404.8</ele></trkpt>
      <trkpt lat="-21.114169" lon="55.498869"><ele>2407.6</ele></trkpt>
      <trkpt lat="-21.113867" lon="55.498524"><ele>2418.6</ele></trkpt>
      <trkpt lat="-21.113604" lon="55.498458"><ele>2427.8</ele></trkpt>
      <trkpt lat="-21.113534" lon="55.498227"><ele>2434.8</ele></trkpt>
      <trkpt lat="-21.113333" lon="55.498133"><ele>2442.4</ele></trkpt>
      <trkpt lat="-21.113003" lon="55.498375"><ele>2454.8</ele></trkpt>
      <trkpt lat="-21.112854" lon="55.498273"><ele>2463.4</ele></trkpt>
      <trkpt lat="-21.112765" lon="55.498406"><ele>2468.8</ele></trkpt>
      <trkpt lat="-21.112581" lon="55.498361"><ele>2474.8</ele></trkpt>
      <trkpt lat="-21.112383" lon="55.497830"><ele>2491.4</ele></trkpt>
      <trkpt lat="-21.112403" lon="55.497603"><ele>2497.8</ele></trkpt>
      <trkpt lat="-21.112321" lon="55.497423"><ele>2501.4</ele></trkpt>
      <trkpt lat="-21.112108" lon="55.497389"><ele>2503.2</ele></trkpt>
      <trkpt lat="-21.111871" lon="55.497240"><ele>2510.6</ele></trkpt>
      <trkpt lat="-21.111841" lon="55.496963"><ele>2510.2</ele></trkpt>
      <trkpt lat="-21.111730" lon="55.496921"><ele>2505.4</ele></trkpt>
      <trkpt lat="-21.111504" lon="55.496580"><ele>2503.2</ele></trkpt>
      <trkpt lat="-21.111320" lon="55.496450"><ele>2504.6</ele></trkpt>
      <trkpt lat="-21.111198" lon="55.495703"><ele>2507.8</ele></trkpt>
      <trkpt lat="-21.111081" lon="55.495400"><ele>2501.6</ele></trkpt>
      <trkpt lat="-21.111127" lon="55.495251"><ele>2504.0</ele></trkpt>
      <trkpt lat="-21.111176" lon="55.495279"><ele>2506.2</ele></trkpt>
      <trkpt lat="-21.111192" lon="55.495188"><ele>2508.2</ele></trkpt>
      <trkpt lat="-21.111258" lon="55.495300"><ele>2512.6</ele></trkpt>
      <trkpt lat="-21.111405" lon="55.495219"><ele>2514.6</ele></trkpt>
      <trkpt lat="-21.111573" lon="55.494832"><ele>2506.6</ele></trkpt>
      <trkpt lat="-21.111634" lon="55.495096"><ele>2495.2</ele></trkpt>
      <trkpt lat="-21.111793" lon="55.495224"><ele>2489.4</ele></trkpt>
      <trkpt lat="-21.111767" lon="55.495174"><ele>2485.4</ele></trkpt>
      <trkpt lat="-21.111968" lon="55.495200"><ele>2473.0</ele></trkpt>
      <trkpt lat="-21.111913" lon="55.495130"><ele>2469.0</ele></trkpt>
      <trkpt lat="-21.112030" lon="55.495162"><ele>2463.2</ele></trkpt>
      <trkpt lat="-21.111980" lon="55.495002"><ele>2457.6</ele></trkpt>
      <trkpt lat="-21.112089" lon="55.495093"><ele>2453.6</ele></trkpt>
      <trkpt lat="-21.112049" lon="55.494979"><ele>2449.8</ele></trkpt>
      <trkpt lat="-21.112172" lon="55.495059"><ele>2445.0</ele></trkpt>
      <trkpt lat="-21.112371" lon="55.494908"><ele>2438.4</ele></trkpt>
      <trkpt lat="-21.112524" lon="55.494958"><ele>2437.4</ele></trkpt>
      <trkpt lat="-21.112699" lon="55.495157"><ele>2430.8</ele></trkpt>
      <trkpt lat="-21.112652" lon="55.495007"><ele>2425.6</ele></trkpt>
      <trkpt lat="-21.112735" lon="55.495051"><ele>2422.2</ele></trkpt>
      <trkpt lat="-21.112709" lon="55.494862"><ele>2411.2</ele></trkpt>
      <trkpt lat="-21.112840" lon="55.494959"><ele>2407.6</ele></trkpt>
      <trkpt lat="-21.112654" lon="55.494788"><ele>2400.6</ele></trkpt>
      <trkpt lat="-21.112835" lon="55.494814"><ele>2393.2</ele></trkpt>
      <trkpt lat="-21.112843" lon="55.494748"><ele>2390.8</ele></trkpt>
      <trkpt lat="-21.112697" lon="55.494675"><ele>2385.6</ele></trkpt>
      <trkpt lat="-21.112786" lon="55.494614"><ele>2382.6</ele></trkpt>
      <trkpt lat="-21.112905" lon="55.494655"><ele>2378.0</ele></trkpt>
      <trkpt lat="-21.112913" lon="55.494553"><ele>2374.4</ele></trkpt>
      <trkpt lat="-21.112841" lon="55.494517"><ele>2371.6</ele></trkpt>
      <trkpt lat="-21.113037" lon="55.494506"><ele>2364.2</ele></trkpt>
      <trkpt lat="-21.113091" lon="55.494432"><ele>2360.0</ele></trkpt>
      <trkpt lat="-21.113057" lon="55.494370"><ele>2357.4</ele></trkpt>
      <trkpt lat="-21.112882" lon="55.494361"><ele>2352.6</ele></trkpt>
      <trkpt lat="-21.113181" lon="55.494273"><ele>2341.6</ele></trkpt>
      <trkpt lat="-21.112957" lon="55.494271"><ele>2338.0</ele></trkpt>
      <trkpt lat="-21.112728" lon="55.494162"><ele>2334.8</ele></trkpt>
      <trkpt lat="-21.112670" lon="55.494059"><ele>2331.4</ele></trkpt>
      <trkpt lat="-21.112885" lon="55.494120"><ele>2325.8</ele></trkpt>
      <trkpt lat="-21.112771" lon="55.493901"><ele>2319.4</ele></trkpt>
      <trkpt lat="-21.112533" lon="55.493781"><ele>2313.0</ele></trkpt>
      <trkpt lat="-21.112499" lon="55.493688"><ele>2311.4</ele></trkpt>
      <trkpt lat="-21.112571" lon="55.493705"><ele>2309.0</ele></trkpt>
      <trkpt lat="-21.112671" lon="55.493558"><ele>2293.6</ele></trkpt>
      <trkpt lat="-21.112748" lon="55.493637"><ele>2288.4</ele></trkpt>
      <trkpt lat="-21.112949" lon="55.493610"><ele>2280.6</ele></trkpt>
      <trkpt lat="-21.112894" lon="55.493491"><ele>2272.0</ele></trkpt>
      <trkpt lat="-21.113109" lon="55.493541"><ele>2268.0</ele></trkpt>
      <trkpt lat="-21.113076" lon="55.493436"><ele>2262.2</ele></trkpt>
      <trkpt lat="-21.113267" lon="55.493462"><ele>2256.2</ele></trkpt>
      <trkpt lat="-21.113158" lon="55.493312"><ele>2250.0</ele></trkpt>
      <trkpt lat="-21.113094" lon="55.493330"><ele>2247.6</ele></trkpt>
      <trkpt lat="-21.113119" lon="55.493249"><ele>2244.8</ele></trkpt>
      <trkpt lat="-21.113489" lon="55.493255"><ele>2228.2</ele></trkpt>
      <trkpt lat="-21.113319" lon="55.493133"><ele>2224.4</ele></trkpt>
      <trkpt lat="-21.113281" lon="55.492997"><ele>2218.0</ele></trkpt>
      <trkpt lat="-21.113464" lon="55.493037"><ele>2209.6</ele></trkpt>
      <trkpt lat="-21.113362" lon="55.492868"><ele>2201.2</ele></trkpt>
      <trkpt lat="-21.113444" lon="55.492782"><ele>2197.0</ele></trkpt>
      <trkpt lat="-21.113171" lon="55.492826"><ele>2193.4</ele></trkpt>
      <trkpt lat="-21.113249" lon="55.492414"><ele>2172.0</ele></trkpt>
      <trkpt lat="-21.113356" lon="55.492463"><ele>2165.4</ele></trkpt>
      <trkpt lat="-21.113243" lon="55.492332"><ele>2156.8</ele></trkpt>
      <trkpt lat="-21.113381" lon="55.492356"><ele>2151.4</ele></trkpt>
      <trkpt lat="-21.112871" lon="55.491818"><ele>2127.0</ele></trkpt>
      <trkpt lat="-21.112934" lon="55.491823"><ele>2122.0</ele></trkpt>
      <trkpt lat="-21.112972" lon="55.491712"><ele>2115.8</ele></trkpt>
      <trkpt lat="-21.113126" lon="55.491743"><ele>2110.2</ele></trkpt>
      <trkpt lat="-21.113102" lon="55.491621"><ele>2104.8</ele></trkpt>
      <trkpt lat="-21.113231" lon="55.491706"><ele>2098.0</ele></trkpt>
      <trkpt lat="-21.113460" lon="55.491688"><ele>2091.4</ele></trkpt>
      <trkpt lat="-21.113285" lon="55.491404"><ele>2083.4</ele></trkpt>
      <trkpt lat="-21.113269" lon="55.491290"><ele>2077.8</ele></trkpt>
      <trkpt lat="-21.113345" lon="55.491216"><ele>2073.0</ele></trkpt>
      <trkpt lat="-21.113221" lon="55.491131"><ele>2068.6</ele></trkpt>
      <trkpt lat="-21.113282" lon="55.490802"><ele>2059.2</ele></trkpt>
      <trkpt lat="-21.113620" lon="55.490553"><ele>2056.6</ele></trkpt>
      <trkpt lat="-21.113621" lon="55.490459"><ele>2056.0</ele></trkpt>
      <trkpt lat="-21.113493" lon="55.490174"><ele>2045.8</ele></trkpt>
      <trkpt lat="-21.113319" lon="55.490101"><ele>2040.0</ele></trkpt>
      <trkpt lat="-21.113328" lon="55.489919"><ele>2032.8</ele></trkpt>
      <trkpt lat="-21.113197" lon="55.489551"><ele>2023.4</ele></trkpt>
      <trkpt lat="-21.112967" lon="55.489661"><ele>2017.6</ele></trkpt>
      <trkpt lat="-21.113018" lon="55.489128"><ele>2014.4</ele></trkpt>
      <trkpt lat="-21.112956" lon="55.489021"><ele>2010.8</ele></trkpt>
      <trkpt lat="-21.113015" lon="55.488926"><ele>2005.8</ele></trkpt>
      <trkpt lat="-21.112912" lon="55.488793"><ele>2000.6</ele></trkpt>
      <trkpt lat="-21.112820" lon="55.488839"><ele>1999.2</ele></trkpt>
      <trkpt lat="-21.112871" lon="55.488733"><ele>1995.2</ele></trkpt>
      <trkpt lat="-21.112804" lon="55.488676"><ele>1992.4</ele></trkpt>
      <trkpt lat="-21.112781" lon="55.488386"><ele>1991.2</ele></trkpt>
      <trkpt lat="-21.112877" lon="55.488227"><ele>1991.0</ele></trkpt>
      <trkpt lat="-21.113697" lon="55.487780"><ele>1981.0</ele></trkpt>
      <trkpt lat="-21.113780" lon="55.487851"><ele>1980.0</ele></trkpt>
      <trkpt lat="-21.113639" lon="55.487862"><ele>1979.8</ele></trkpt>
      <trkpt lat="-21.113683" lon="55.487918"><ele>1979.4</ele></trkpt>
      <trkpt lat="-21.113581" lon="55.487821"><ele>1979.0</ele></trkpt>
      <trkpt lat="-21.113624" lon="55.487864"><ele>1979.0</ele></trkpt>
      <trkpt lat="-21.113807" lon="55.487745"><ele>1977.4</ele></trkpt>
      <trkpt lat="-21.114366" lon="55.487952"><ele>1967.8</ele></trkpt>
      <trkpt lat="-21.115193" lon="55.487973"><ele>1948.8</ele></trkpt>
      <trkpt lat="-21.115484" lon="55.488310"><ele>1934.6</ele></trkpt>
      <trkpt lat="-21.115633" lon="55.487562"><ele>1911.6</ele></trkpt>
      <trkpt lat="-21.116076" lon="55.487135"><ele>1902.4</ele></trkpt>
      <trkpt lat="-21.116178" lon="55.487130"><ele>1899.4</ele></trkpt>
      <trkpt lat="-21.116257" lon="55.487333"><ele>1893.6</ele></trkpt>
      <trkpt lat="-21.116496" lon="55.487503"><ele>1884.4</ele></trkpt>
      <trkpt lat="-21.116758" lon="55.487492"><ele>1874.6</ele></trkpt>
      <trkpt lat="-21.117124" lon="55.487295"><ele>1859.4</ele></trkpt>
      <trkpt lat="-21.117290" lon="55.486837"><ele>1854.8</ele></trkpt>
      <trkpt lat="-21.117339" lon="55.486947"><ele>1848.8</ele></trkpt>
      <trkpt lat="-21.117470" lon="55.486831"><ele>1832.6</ele></trkpt>
      <trkpt lat="-21.117495" lon="55.486926"><ele>1828.6</ele></trkpt>
      <trkpt lat="-21.117600" lon="55.486733"><ele>1819.6</ele></trkpt>
      <trkpt lat="-21.117691" lon="55.486865"><ele>1808.0</ele></trkpt>
      <trkpt lat="-21.117731" lon="55.486762"><ele>1804.0</ele></trkpt>
      <trkpt lat="-21.117790" lon="55.487072"><ele>1793.0</ele></trkpt>
      <trkpt lat="-21.117979" lon="55.486822"><ele>1778.6</ele></trkpt>
      <trkpt lat="-21.118051" lon="55.486456"><ele>1768.0</ele></trkpt>
      <trkpt lat="-21.118173" lon="55.486398"><ele>1761.6</ele></trkpt>
      <trkpt lat="-21.118489" lon="55.486479"><ele>1745.0</ele></trkpt>
      <trkpt lat="-21.118612" lon="55.486472"><ele>1739.6</ele></trkpt>
      <trkpt lat="-21.118625" lon="55.486402"><ele>1736.0</ele></trkpt>
      <trkpt lat="-21.118683" lon="55.486472"><ele>1731.8</ele></trkpt>
      <trkpt lat="-21.118692" lon="55.486386"><ele>1729.2</ele></trkpt>
      <trkpt lat="-21.118826" lon="55.486527"><ele>1720.8</ele></trkpt>
      <trkpt lat="-21.118827" lon="55.486380"><ele>1713.0</ele></trkpt>
      <trkpt lat="-21.118930" lon="55.486451"><ele>1708.0</ele></trkpt>
      <trkpt lat="-21.118998" lon="55.486288"><ele>1699.0</ele></trkpt>
      <trkpt lat="-21.118766" lon="55.486101"><ele>1687.0</ele></trkpt>
      <trkpt lat="-21.118933" lon="55.486004"><ele>1677.8</ele></trkpt>
      <trkpt lat="-21.119136" lon="55.486046"><ele>1665.8</ele></trkpt>
      <trkpt lat="-21.119354" lon="55.485934"><ele>1662.0</ele></trkpt>
      <trkpt lat="-21.119325" lon="55.485760"><ele>1660.2</ele></trkpt>
      <trkpt lat="-21.119241" lon="55.485694"><ele>1657.0</ele></trkpt>
      <trkpt lat="-21.119398" lon="55.485566"><ele>1647.0</ele></trkpt>
      <trkpt lat="-21.119232" lon="55.485358"><ele>1637.0</ele></trkpt>
      <trkpt lat="-21.119523" lon="55.485249"><ele>1624.8</ele></trkpt>
      <trkpt lat="-21.119517" lon="55.485153"><ele>1622.8</ele></trkpt>
      <trkpt lat="-21.119384" lon="55.485052"><ele>1619.4</ele></trkpt>
      <trkpt lat="-21.119645" lon="55.484639"><ele>1621.4</ele></trkpt>
      <trkpt lat="-21.119994" lon="55.484594"><ele>1608.8</ele></trkpt>
      <trkpt lat="-21.119860" lon="55.484498"><ele>1601.6</ele></trkpt>
      <trkpt lat="-21.120235" lon="55.484510"><ele>1587.0</ele></trkpt>
      <trkpt lat="-21.120261" lon="55.484400"><ele>1582.4</ele></trkpt>
      <trkpt lat="-21.120504" lon="55.484751"><ele>1569.0</ele></trkpt>
      <trkpt lat="-21.120517" lon="55.484407"><ele>1556.2</ele></trkpt>
      <trkpt lat="-21.120518" lon="55.484527"><ele>1550.4</ele></trkpt>
      <trkpt lat="-21.120536" lon="55.484428"><ele>1547.0</ele></trkpt>
      <trkpt lat="-21.120681" lon="55.484612"><ele>1540.0</ele></trkpt>
      <trkpt lat="-21.120677" lon="55.484424"><ele>1532.2</ele></trkpt>
      <trkpt lat="-21.120747" lon="55.484538"><ele>1527.0</ele></trkpt>
      <trkpt lat="-21.120894" lon="55.484500"><ele>1522.2</ele></trkpt>
      <trkpt lat="-21.120962" lon="55.484809"><ele>1499.6</ele></trkpt>
      <trkpt lat="-21.121042" lon="55.484645"><ele>1492.0</ele></trkpt>
      <trkpt lat="-21.121128" lon="55.484766"><ele>1488.2</ele></trkpt>
      <trkpt lat="-21.121288" lon="55.484625"><ele>1475.8</ele></trkpt>
      <trkpt lat="-21.121266" lon="55.484368"><ele>1463.2</ele></trkpt>
      <trkpt lat="-21.121399" lon="55.484408"><ele>1455.2</ele></trkpt>
      <trkpt lat="-21.121422" lon="55.484244"><ele>1449.6</ele></trkpt>
      <trkpt lat="-21.121485" lon="55.484252"><ele>1446.2</ele></trkpt>
      <trkpt lat="-21.121566" lon="55.484076"><ele>1441.2</ele></trkpt>
      <trkpt lat="-21.121635" lon="55.484135"><ele>1438.0</ele></trkpt>
      <trkpt lat="-21.121644" lon="55.483997"><ele>1433.4</ele></trkpt>
      <trkpt lat="-21.121704" lon="55.484073"><ele>1429.8</ele></trkpt>
      <trkpt lat="-21.121820" lon="55.484053"><ele>1424.6</ele></trkpt>
      <trkpt lat="-21.121897" lon="55.483778"><ele>1419.4</ele></trkpt>
      <trkpt lat="-21.122396" lon="55.483541"><ele>1414.2</ele></trkpt>
      <trkpt lat="-21.122728" lon="55.483502"><ele>1404.8</ele></trkpt>
      <trkpt lat="-21.122582" lon="55.482764"><ele>1389.2</ele></trkpt>
      <trkpt lat="-21.122454" lon="55.482538"><ele>1385.0</ele></trkpt>
      <trkpt lat="-21.122580" lon="55.482518"><ele>1380.4</ele></trkpt>
      <trkpt lat="-21.123112" lon="55.482952"><ele>1368.2</ele></trkpt>
      <trkpt lat="-21.123317" lon="55.483158"><ele>1365.0</ele></trkpt>
      <trkpt lat="-21.123294" lon="55.483309"><ele>1365.2</ele></trkpt>
      <trkpt lat="-21.123246" lon="55.483215"><ele>1365.4</ele></trkpt>
      <trkpt lat="-21.123305" lon="55.483198"><ele>1365.6</ele></trkpt>
      <trkpt lat="-21.123313" lon="55.483260"><ele>1365.8</ele></trkpt>
      <trkpt lat="-21.123259" lon="55.483257"><ele>1365.8</ele></trkpt>
      <trkpt lat="-21.123459" lon="55.483156"><ele>1365.8</ele></trkpt>
      <trkpt lat="-21.123220" lon="55.483280"><ele>1365.8</ele></trkpt>
      <trkpt lat="-21.123380" lon="55.483215"><ele>1367.2</ele></trkpt>
      <trkpt lat="-21.123349" lon="55.483153"><ele>1367.2</ele></trkpt>
      <trkpt lat="-21.123208" lon="55.483248"><ele>1367.8</ele></trkpt>
      <trkpt lat="-21.123382" lon="55.483220"><ele>1368.6</ele></trkpt>
      <trkpt lat="-21.123304" lon="55.483236"><ele>1368.6</ele></trkpt>
      <trkpt lat="-21.123322" lon="55.483166"><ele>1368.8</ele></trkpt>
      <trkpt lat="-21.123258" lon="55.483215"><ele>1369.0</ele></trkpt>
      <trkpt lat="-21.123425" lon="55.483266"><ele>1368.8</ele></trkpt>
      <trkpt lat="-21.123331" lon="55.482537"><ele>1367.2</ele></trkpt>
      <trkpt lat="-21.123369" lon="55.482272"><ele>1362.6</ele></trkpt>
      <trkpt lat="-21.123203" lon="55.482037"><ele>1357.6</ele></trkpt>
      <trkpt lat="-21.123018" lon="55.481480"><ele>1350.0</ele></trkpt>
      <trkpt lat="-21.123078" lon="55.481325"><ele>1348.6</ele></trkpt>
      <trkpt lat="-21.123629" lon="55.481371"><ele>1347.2</ele></trkpt>
      <trkpt lat="-21.124351" lon="55.481594"><ele>1355.0</ele></trkpt>
      <trkpt lat="-21.124664" lon="55.481765"><ele>1359.0</ele></trkpt>
      <trkpt lat="-21.124948" lon="55.482096"><ele>1359.8</ele></trkpt>
      <trkpt lat="-21.125041" lon="55.482087"><ele>1358.4</ele></trkpt>
      <trkpt lat="-21.124917" lon="55.481955"><ele>1369.6</ele></trkpt>
      <trkpt lat="-21.125039" lon="55.481738"><ele>1380.8</ele></trkpt>
      <trkpt lat="-21.124852" lon="55.481591"><ele>1385.8</ele></trkpt>
      <trkpt lat="-21.124657" lon="55.481280"><ele>1398.0</ele></trkpt>
      <trkpt lat="-21.124398" lon="55.481178"><ele>1402.4</ele></trkpt>
      <trkpt lat="-21.124031" lon="55.480756"><ele>1413.8</ele></trkpt>
      <trkpt lat="-21.124339" lon="55.480185"><ele>1425.4</ele></trkpt>
      <trkpt lat="-21.124214" lon="55.480060"><ele>1430.6</ele></trkpt>
      <trkpt lat="-21.124179" lon="55.479781"><ele>1432.8</ele></trkpt>
      <trkpt lat="-21.124716" lon="55.479742"><ele>1430.4</ele></trkpt>
      <trkpt lat="-21.124833" lon="55.479655"><ele>1432.2</ele></trkpt>
      <trkpt lat="-21.125183" lon="55.479155"><ele>1438.0</ele></trkpt>
      <trkpt lat="-21.125167" lon="55.478977"><ele>1434.6</ele></trkpt>
      <trkpt lat="-21.125276" lon="55.478902"><ele>1428.4</ele></trkpt>
      <trkpt lat="-21.125169" lon="55.478764"><ele>1426.2</ele></trkpt>
      <trkpt lat="-21.124904" lon="55.478659"><ele>1428.2</ele></trkpt>
      <trkpt lat="-21.124532" lon="55.478095"><ele>1436.2</ele></trkpt>
      <trkpt lat="-21.124518" lon="55.477820"><ele>1443.4</ele></trkpt>
      <trkpt lat="-21.124306" lon="55.477476"><ele>1453.0</ele></trkpt>
      <trkpt lat="-21.123458" lon="55.476681"><ele>1474.4</ele></trkpt>
      <trkpt lat="-21.123434" lon="55.475942"><ele>1481.6</ele></trkpt>
      <trkpt lat="-21.123170" lon="55.475045"><ele>1485.8</ele></trkpt>
      <trkpt lat="-21.123210" lon="55.474263"><ele>1478.6</ele></trkpt>
      <trkpt lat="-21.122994" lon="55.474120"><ele>1471.0</ele></trkpt>
      <trkpt lat="-21.123008" lon="55.474018"><ele>1469.0</ele></trkpt>
      <trkpt lat="-21.123358" lon="55.473977"><ele>1459.2</ele></trkpt>
      <trkpt lat="-21.123311" lon="55.473848"><ele>1453.4</ele></trkpt>
      <trkpt lat="-21.123689" lon="55.473774"><ele>1445.6</ele></trkpt>
      <trkpt lat="-21.123868" lon="55.473483"><ele>1440.0</ele></trkpt>
      <trkpt lat="-21.123938" lon="55.473068"><ele>1436.6</ele></trkpt>
      <trkpt lat="-21.124012" lon="55.473143"><ele>1434.4</ele></trkpt>
      <trkpt lat="-21.124048" lon="55.472995"><ele>1428.4</ele></trkpt>
      <trkpt lat="-21.124279" lon="55.473033"><ele>1420.8</ele></trkpt>
      <trkpt lat="-21.124600" lon="55.472741"><ele>1412.8</ele></trkpt>
      <trkpt lat="-21.124632" lon="55.473016"><ele>1402.0</ele></trkpt>
      <trkpt lat="-21.124972" lon="55.472832"><ele>1398.0</ele></trkpt>
      <trkpt lat="-21.125253" lon="55.472787"><ele>1394.8</ele></trkpt>
      <trkpt lat="-21.125612" lon="55.472282"><ele>1386.0</ele></trkpt>
      <trkpt lat="-21.125737" lon="55.472345"><ele>1383.2</ele></trkpt>
      <trkpt lat="-21.126425" lon="55.471816"><ele>1357.6</ele></trkpt>
      <trkpt lat="-21.126389" lon="55.472192"><ele>1348.0</ele></trkpt>
      <trkpt lat="-21.127053" lon="55.471886"><ele>1331.8</ele></trkpt>
      <trkpt lat="-21.127069" lon="55.471965"><ele>1330.6</ele></trkpt>
      <trkpt lat="-21.126710" lon="55.472485"><ele>1321.4</ele></trkpt>
      <trkpt lat="-21.126627" lon="55.473023"><ele>1314.4</ele></trkpt>
      <trkpt lat="-21.126460" lon="55.473365"><ele>1308.4</ele></trkpt>
      <trkpt lat="-21.126783" lon="55.473394"><ele>1301.2</ele></trkpt>
      <trkpt lat="-21.127408" lon="55.474620"><ele>1295.4</ele></trkpt>
      <trkpt lat="-21.127595" lon="55.474808"><ele>1294.8</ele></trkpt>
      <trkpt lat="-21.128919" lon="55.475428"><ele>1285.0</ele></trkpt>
      <trkpt lat="-21.129426" lon="55.476396"><ele>1273.8</ele></trkpt>
      <trkpt lat="-21.130120" lon="55.476936"><ele>1258.6</ele></trkpt>
      <trkpt lat="-21.130676" lon="55.477582"><ele>1252.2</ele></trkpt>
      <trkpt lat="-21.130723" lon="55.477864"><ele>1249.6</ele></trkpt>
      <trkpt lat="-21.130339" lon="55.478332"><ele>1246.0</ele></trkpt>
      <trkpt lat="-21.130333" lon="55.478635"><ele>1245.6</ele></trkpt>
      <trkpt lat="-21.130632" lon="55.479217"><ele>1242.0</ele></trkpt>
      <trkpt lat="-21.130663" lon="55.480118"><ele>1232.8</ele></trkpt>
      <trkpt lat="-21.131005" lon="55.480407"><ele>1227.6</ele></trkpt>
      <trkpt lat="-21.131159" lon="55.480361"><ele>1225.8</ele></trkpt>
      <trkpt lat="-21.131857" lon="55.479479"><ele>1218.6</ele></trkpt>
      <trkpt lat="-21.132503" lon="55.479035"><ele>1209.6</ele></trkpt>
      <trkpt lat="-21.132900" lon="55.478932"><ele>1205.0</ele></trkpt>
      <trkpt lat="-21.133719" lon="55.479078"><ele>1204.4</ele></trkpt>
      <trkpt lat="-21.133804" lon="55.478911"><ele>1204.0</ele></trkpt>
      <trkpt lat="-21.133812" lon="55.478638"><ele>1202.6</ele></trkpt>
      <trkpt lat="-21.133583" lon="55.478152"><ele>1198.0</ele></trkpt>
      <trkpt lat="-21.133603" lon="55.477816"><ele>1193.4</ele></trkpt>
      <trkpt lat="-21.134886" lon="55.476388"><ele>1189.6</ele></trkpt>
      <trkpt lat="-21.135337" lon="55.476016"><ele>1192.0</ele></trkpt>
      <trkpt lat="-21.135749" lon="55.475407"><ele>1193.4</ele></trkpt>
      <trkpt lat="-21.136231" lon="55.475085"><ele>1193.6</ele></trkpt>
      <trkpt lat="-21.136112" lon="55.474652"><ele>1192.8</ele></trkpt>
      <trkpt lat="-21.136243" lon="55.474480"><ele>1192.6</ele></trkpt>
      <trkpt lat="-21.136325" lon="55.474577"><ele>1193.4</ele></trkpt>
      <trkpt lat="-21.136299" lon="55.474505"><ele>1195.0</ele></trkpt>
      <trkpt lat="-21.136236" lon="55.474580"><ele>1194.6</ele></trkpt>
      <trkpt lat="-21.136350" lon="55.474474"><ele>1195.0</ele></trkpt>
      <trkpt lat="-21.136148" lon="55.474623"><ele>1195.4</ele></trkpt>
      <trkpt lat="-21.136179" lon="55.475175"><ele>1195.4</ele></trkpt>
      <trkpt lat="-21.135954" lon="55.475285"><ele>1194.6</ele></trkpt>
      <trkpt lat="-21.135825" lon="55.475249"><ele>1195.0</ele></trkpt>
      <trkpt lat="-21.136134" lon="55.475217"><ele>1194.4</ele></trkpt>
      <trkpt lat="-21.136179" lon="55.475120"><ele>1194.8</ele></trkpt>
      <trkpt lat="-21.136130" lon="55.475036"><ele>1194.4</ele></trkpt>
      <trkpt lat="-21.136140" lon="55.475292"><ele>1195.0</ele></trkpt>
      <trkpt lat="-21.136194" lon="55.475213"><ele>1195.6</ele></trkpt>
      <trkpt lat="-21.136172" lon="55.475167"><ele>1195.8</ele></trkpt>
      <trkpt lat="-21.136149" lon="55.475310"><ele>1197.4</ele></trkpt>
      <trkpt lat="-21.136118" lon="55.475250"><ele>1197.4</ele></trkpt>
      <trkpt lat="-21.136122" lon="55.475318"><ele>1197.8</ele></trkpt>
      <trkpt lat="-21.136173" lon="55.475228"><ele>1198.0</ele></trkpt>
      <trkpt lat="-21.136123" lon="55.475290"><ele>1198.8</ele></trkpt>
      <trkpt lat="-21.136102" lon="55.475244"><ele>1198.6</ele></trkpt>
      <trkpt lat="-21.136176" lon="55.475226"><ele>1198.2</ele></trkpt>
      <trkpt lat="-21.136116" lon="55.474914"><ele>1197.6</ele></trkpt>
      <trkpt lat="-21.136150" lon="55.474640"><ele>1197.4</ele></trkpt>
      <trkpt lat="-21.136386" lon="55.474252"><ele>1196.6</ele></trkpt>
      <trkpt lat="-21.136241" lon="55.474096"><ele>1197.0</ele></trkpt>
      <trkpt lat="-21.136294" lon="55.474046"><ele>1196.8</ele></trkpt>
      <trkpt lat="-21.136336" lon="55.474077"><ele>1196.8</ele></trkpt>
      <trkpt lat="-21.136166" lon="55.473978"><ele>1198.2</ele></trkpt>
      <trkpt lat="-21.135935" lon="55.473992"><ele>1199.6</ele></trkpt>
      <trkpt lat="-21.135524" lon="55.473113"><ele>1196.4</ele></trkpt>
      <trkpt lat="-21.135471" lon="55.473111"><ele>1195.4</ele></trkpt>
      <trkpt lat="-21.135544" lon="55.473097"><ele>1196.0</ele></trkpt>
      <trkpt lat="-21.135479" lon="55.473091"><ele>1198.8</ele></trkpt>
      <trkpt lat="-21.135526" lon="55.473154"><ele>1198.8</ele></trkpt>
      <trkpt lat="-21.135423" lon="55.473248"><ele>1198.4</ele></trkpt>
      <trkpt lat="-21.135233" lon="55.473185"><ele>1196.4</ele></trkpt>
      <trkpt lat="-21.134695" lon="55.472576"><ele>1185.4</ele></trkpt>
      <trkpt lat="-21.134151" lon="55.472956"><ele>1182.4</ele></trkpt>
      <trkpt lat="-21.132734" lon="55.474271"><ele>1194.6</ele></trkpt>
      <trkpt lat="-21.132185" lon="55.474157"><ele>1200.4</ele></trkpt>
      <trkpt lat="-21.131668" lon="55.473573"><ele>1185.8</ele></trkpt>
      <trkpt lat="-21.131498" lon="55.473108"><ele>1184.6</ele></trkpt>
      <trkpt lat="-21.131539" lon="55.472906"><ele>1184.2</ele></trkpt>
      <trkpt lat="-21.131920" lon="55.472200"><ele>1190.6</ele></trkpt>
      <trkpt lat="-21.131729" lon="55.471780"><ele>1190.8</ele></trkpt>
      <trkpt lat="-21.131515" lon="55.471571"><ele>1192.4</ele></trkpt>
      <trkpt lat="-21.131879" lon="55.471357"><ele>1186.4</ele></trkpt>
      <trkpt lat="-21.131876" lon="55.471289"><ele>1184.8</ele></trkpt>
      <trkpt lat="-21.131518" lon="55.471262"><ele>1168.2</ele></trkpt>
      <trkpt lat="-21.131464" lon="55.471170"><ele>1163.0</ele></trkpt>
      <trkpt lat="-21.131612" lon="55.471099"><ele>1161.4</ele></trkpt>
      <trkpt lat="-21.131420" lon="55.470709"><ele>1155.4</ele></trkpt>
      <trkpt lat="-21.131470" lon="55.470886"><ele>1151.4</ele></trkpt>
      <trkpt lat="-21.131208" lon="55.470930"><ele>1147.4</ele></trkpt>
      <trkpt lat="-21.131123" lon="55.470791"><ele>1140.6</ele></trkpt>
      <trkpt lat="-21.130807" lon="55.471056"><ele>1135.2</ele></trkpt>
      <trkpt lat="-21.129798" lon="55.471062"><ele>1133.0</ele></trkpt>
      <trkpt lat="-21.129714" lon="55.470381"><ele>1138.6</ele></trkpt>
      <trkpt lat="-21.130016" lon="55.469751"><ele>1149.2</ele></trkpt>
      <trkpt lat="-21.129685" lon="55.468988"><ele>1160.2</ele></trkpt>
      <trkpt lat="-21.129794" lon="55.468377"><ele>1169.8</ele></trkpt>
      <trkpt lat="-21.129927" lon="55.468536"><ele>1161.4</ele></trkpt>
      <trkpt lat="-21.130133" lon="55.468246"><ele>1151.0</ele></trkpt>
      <trkpt lat="-21.130219" lon="55.468380"><ele>1143.8</ele></trkpt>
      <trkpt lat="-21.130453" lon="55.468378"><ele>1137.2</ele></trkpt>
      <trkpt lat="-21.130434" lon="55.468108"><ele>1131.2</ele></trkpt>
      <trkpt lat="-21.130612" lon="55.468134"><ele>1126.2</ele></trkpt>
      <trkpt lat="-21.130375" lon="55.467918"><ele>1124.2</ele></trkpt>
      <trkpt lat="-21.130255" lon="55.467478"><ele>1120.0</ele></trkpt>
      <trkpt lat="-21.130242" lon="55.467264"><ele>1119.8</ele></trkpt>
      <trkpt lat="-21.130382" lon="55.466680"><ele>1116.0</ele></trkpt>
      <trkpt lat="-21.130202" lon="55.466545"><ele>1113.4</ele></trkpt>
      <trkpt lat="-21.129980" lon="55.466500"><ele>1111.8</ele></trkpt>
      <trkpt lat="-21.129759" lon="55.466566"><ele>1111.0</ele></trkpt>
      <trkpt lat="-21.129647" lon="55.466479"><ele>1108.6</ele></trkpt>
      <trkpt lat="-21.129778" lon="55.465461"><ele>1107.6</ele></trkpt>
      <trkpt lat="-21.129936" lon="55.465384"><ele>1105.4</ele></trkpt>
      <trkpt lat="-21.130117" lon="55.465081"><ele>1103.8</ele></trkpt>
      <trkpt lat="-21.130323" lon="55.464916"><ele>1100.6</ele></trkpt>
      <trkpt lat="-21.130155" lon="55.464733"><ele>1098.4</ele></trkpt>
      <trkpt lat="-21.130053" lon="55.464426"><ele>1095.2</ele></trkpt>
      <trkpt lat="-21.130206" lon="55.464371"><ele>1092.8</ele></trkpt>
      <trkpt lat="-21.130260" lon="55.464270"><ele>1091.6</ele></trkpt>
      <trkpt lat="-21.130011" lon="55.464160"><ele>1088.2</ele></trkpt>
      <trkpt lat="-21.130298" lon="55.463522"><ele>1076.4</ele></trkpt>
      <trkpt lat="-21.130149" lon="55.463511"><ele>1073.0</ele></trkpt>
      <trkpt lat="-21.129592" lon="55.463853"><ele>1068.2</ele></trkpt>
      <trkpt lat="-21.129771" lon="55.463378"><ele>1063.0</ele></trkpt>
      <trkpt lat="-21.129710" lon="55.463198"><ele>1062.2</ele></trkpt>
      <trkpt lat="-21.129505" lon="55.463161"><ele>1060.6</ele></trkpt>
      <trkpt lat="-21.129763" lon="55.462790"><ele>1054.2</ele></trkpt>
      <trkpt lat="-21.129668" lon="55.462530"><ele>1049.6</ele></trkpt>
      <trkpt lat="-21.129916" lon="55.462702"><ele>1045.0</ele></trkpt>
      <trkpt lat="-21.129978" lon="55.462591"><ele>1034.2</ele></trkpt>
      <trkpt lat="-21.129971" lon="55.462437"><ele>1030.4</ele></trkpt>
      <trkpt lat="-21.129873" lon="55.462316"><ele>1027.4</ele></trkpt>
      <trkpt lat="-21.129917" lon="55.462256"><ele>1025.2</ele></trkpt>
      <trkpt lat="-21.129746" lon="55.462142"><ele>1022.0</ele></trkpt>
      <trkpt lat="-21.129855" lon="55.462088"><ele>1021.2</ele></trkpt>
      <trkpt lat="-21.130140" lon="55.461683"><ele>1015.6</ele></trkpt>
      <trkpt lat="-21.130154" lon="55.461531"><ele>1015.0</ele></trkpt>
      <trkpt lat="-21.129778" lon="55.461025"><ele>1014.0</ele></trkpt>
      <trkpt lat="-21.129785" lon="55.460705"><ele>1009.6</ele></trkpt>
      <trkpt lat="-21.129835" lon="55.460731"><ele>1007.0</ele></trkpt>
      <trkpt lat="-21.129718" lon="55.460048"><ele>1000.4</ele></trkpt>
      <trkpt lat="-21.129762" lon="55.459934"><ele>1002.2</ele></trkpt>
      <trkpt lat="-21.129575" lon="55.459817"><ele>997.4</ele></trkpt>
      <trkpt lat="-21.129513" lon="55.459660"><ele>993.6</ele></trkpt>
      <trkpt lat="-21.129574" lon="55.459472"><ele>990.0</ele></trkpt>
      <trkpt lat="-21.129337" lon="55.458639"><ele>983.0</ele></trkpt>
      <trkpt lat="-21.129661" lon="55.457743"><ele>980.6</ele></trkpt>
      <trkpt lat="-21.129597" lon="55.457512"><ele>982.4</ele></trkpt>
      <trkpt lat="-21.129433" lon="55.457217"><ele>982.6</ele></trkpt>
      <trkpt lat="-21.129180" lon="55.456963"><ele>983.4</ele></trkpt>
      <trkpt lat="-21.128905" lon="55.457009"><ele>976.4</ele></trkpt>
      <trkpt lat="-21.128714" lon="55.457161"><ele>972.4</ele></trkpt>
      <trkpt lat="-21.128535" lon="55.457191"><ele>968.4</ele></trkpt>
      <trkpt lat="-21.128546" lon="55.457337"><ele>961.2</ele></trkpt>
      <trkpt lat="-21.128473" lon="55.457249"><ele>960.8</ele></trkpt>
      <trkpt lat="-21.128517" lon="55.457108"><ele>959.6</ele></trkpt>
      <trkpt lat="-21.128428" lon="55.456576"><ele>958.0</ele></trkpt>
      <trkpt lat="-21.128488" lon="55.456524"><ele>955.2</ele></trkpt>
      <trkpt lat="-21.128298" lon="55.456594"><ele>951.8</ele></trkpt>
      <trkpt lat="-21.128432" lon="55.456454"><ele>945.8</ele></trkpt>
      <trkpt lat="-21.128433" lon="55.456348"><ele>941.8</ele></trkpt>
      <trkpt lat="-21.128586" lon="55.456313"><ele>935.2</ele></trkpt>
      <trkpt lat="-21.128545" lon="55.456198"><ele>929.6</ele></trkpt>
      <trkpt lat="-21.128627" lon="55.455921"><ele>918.6</ele></trkpt>
      <trkpt lat="-21.128517" lon="55.455831"><ele>914.4</ele></trkpt>
      <trkpt lat="-21.128598" lon="55.455697"><ele>907.2</ele></trkpt>
      <trkpt lat="-21.128536" lon="55.455481"><ele>899.6</ele></trkpt>
      <trkpt lat="-21.128593" lon="55.455181"><ele>892.6</ele></trkpt>
      <trkpt lat="-21.128745" lon="55.454861"><ele>890.4</ele></trkpt>
      <trkpt lat="-21.128832" lon="55.454812"><ele>889.4</ele></trkpt>
      <trkpt lat="-21.128652" lon="55.454814"><ele>895.2</ele></trkpt>
      <trkpt lat="-21.128808" lon="55.455077"><ele>897.0</ele></trkpt>
      <trkpt lat="-21.128969" lon="55.455117"><ele>900.4</ele></trkpt>
      <trkpt lat="-21.128952" lon="55.454832"><ele>911.2</ele></trkpt>
      <trkpt lat="-21.129022" lon="55.454699"><ele>912.0</ele></trkpt>
      <trkpt lat="-21.128880" lon="55.454395"><ele>919.2</ele></trkpt>
      <trkpt lat="-21.129047" lon="55.454127"><ele>928.4</ele></trkpt>
      <trkpt lat="-21.129005" lon="55.454043"><ele>932.0</ele></trkpt>
      <trkpt lat="-21.129155" lon="55.453947"><ele>940.0</ele></trkpt>
      <trkpt lat="-21.129121" lon="55.453881"><ele>944.4</ele></trkpt>
      <trkpt lat="-21.129267" lon="55.453813"><ele>950.0</ele></trkpt>
      <trkpt lat="-21.129331" lon="55.453863"><ele>953.4</ele></trkpt>
      <trkpt lat="-21.129346" lon="55.453801"><ele>955.8</ele></trkpt>
      <trkpt lat="-21.129261" lon="55.453669"><ele>960.2</ele></trkpt>
      <trkpt lat="-21.129079" lon="55.453661"><ele>967.8</ele></trkpt>
      <trkpt lat="-21.129125" lon="55.453598"><ele>970.4</ele></trkpt>
      <trkpt lat="-21.129022" lon="55.453587"><ele>972.2</ele></trkpt>
      <trkpt lat="-21.129105" lon="55.453529"><ele>976.4</ele></trkpt>
      <trkpt lat="-21.129048" lon="55.453504"><ele>976.8</ele></trkpt>
      <trkpt lat="-21.129152" lon="55.453522"><ele>977.4</ele></trkpt>
      <trkpt lat="-21.129064" lon="55.453557"><ele>977.4</ele></trkpt>
      <trkpt lat="-21.129107" lon="55.453462"><ele>979.4</ele></trkpt>
      <trkpt lat="-21.129000" lon="55.453470"><ele>983.2</ele></trkpt>
      <trkpt lat="-21.129068" lon="55.453334"><ele>988.4</ele></trkpt>
      <trkpt lat="-21.128770" lon="55.453236"><ele>1003.0</ele></trkpt>
      <trkpt lat="-21.128860" lon="55.453176"><ele>1004.4</ele></trkpt>
      <trkpt lat="-21.128757" lon="55.453078"><ele>1013.4</ele></trkpt>
      <trkpt lat="-21.128798" lon="55.452939"><ele>1016.4</ele></trkpt>
      <trkpt lat="-21.128705" lon="55.452956"><ele>1021.4</ele></trkpt>
      <trkpt lat="-21.128639" lon="55.452806"><ele>1029.6</ele></trkpt>
      <trkpt lat="-21.128566" lon="55.452811"><ele>1032.8</ele></trkpt>
      <trkpt lat="-21.128590" lon="55.452737"><ele>1035.4</ele></trkpt>
      <trkpt lat="-21.128472" lon="55.452825"><ele>1038.2</ele></trkpt>
      <trkpt lat="-21.128535" lon="55.452692"><ele>1042.4</ele></trkpt>
      <trkpt lat="-21.128419" lon="55.452740"><ele>1047.8</ele></trkpt>
      <trkpt lat="-21.128484" lon="55.452667"><ele>1050.8</ele></trkpt>
      <trkpt lat="-21.128335" lon="55.452642"><ele>1055.4</ele></trkpt>
      <trkpt lat="-21.128380" lon="55.452483"><ele>1067.8</ele></trkpt>
      <trkpt lat="-21.128091" lon="55.452581"><ele>1072.6</ele></trkpt>
      <trkpt lat="-21.128166" lon="55.452486"><ele>1076.0</ele></trkpt>
      <trkpt lat="-21.127952" lon="55.452435"><ele>1082.0</ele></trkpt>
      <trkpt lat="-21.128181" lon="55.452340"><ele>1087.8</ele></trkpt>
      <trkpt lat="-21.128000" lon="55.452323"><ele>1091.6</ele></trkpt>
      <trkpt lat="-21.128134" lon="55.452260"><ele>1094.0</ele></trkpt>
      <trkpt lat="-21.127972" lon="55.452301"><ele>1097.8</ele></trkpt>
      <trkpt lat="-21.128121" lon="55.452113"><ele>1103.2</ele></trkpt>
      <trkpt lat="-21.128056" lon="55.451764"><ele>1114.8</ele></trkpt>
      <trkpt lat="-21.128025" lon="55.451847"><ele>1118.6</ele></trkpt>
      <trkpt lat="-21.127803" lon="55.451861"><ele>1126.2</ele></trkpt>
      <trkpt lat="-21.127855" lon="55.451805"><ele>1128.6</ele></trkpt>
      <trkpt lat="-21.127780" lon="55.451770"><ele>1131.2</ele></trkpt>
      <trkpt lat="-21.127801" lon="55.451617"><ele>1138.2</ele></trkpt>
      <trkpt lat="-21.127733" lon="55.451540"><ele>1143.2</ele></trkpt>
      <trkpt lat="-21.127873" lon="55.451359"><ele>1149.6</ele></trkpt>
      <trkpt lat="-21.127868" lon="55.451172"><ele>1154.6</ele></trkpt>
      <trkpt lat="-21.127348" lon="55.450867"><ele>1159.0</ele></trkpt>
      <trkpt lat="-21.127038" lon="55.450997"><ele>1164.4</ele></trkpt>
      <trkpt lat="-21.126947" lon="55.450946"><ele>1162.6</ele></trkpt>
      <trkpt lat="-21.126845" lon="55.451189"><ele>1164.6</ele></trkpt>
      <trkpt lat="-21.126699" lon="55.451184"><ele>1168.8</ele></trkpt>
      <trkpt lat="-21.126605" lon="55.451118"><ele>1173.0</ele></trkpt>
      <trkpt lat="-21.126593" lon="55.450982"><ele>1176.6</ele></trkpt>
      <trkpt lat="-21.126322" lon="55.450809"><ele>1175.0</ele></trkpt>
      <trkpt lat="-21.126284" lon="55.450705"><ele>1174.8</ele></trkpt>
      <trkpt lat="-21.126080" lon="55.450801"><ele>1168.8</ele></trkpt>
      <trkpt lat="-21.125937" lon="55.450733"><ele>1164.6</ele></trkpt>
      <trkpt lat="-21.125976" lon="55.450498"><ele>1157.2</ele></trkpt>
      <trkpt lat="-21.125380" lon="55.450363"><ele>1143.2</ele></trkpt>
      <trkpt lat="-21.125307" lon="55.450218"><ele>1140.2</ele></trkpt>
      <trkpt lat="-21.125435" lon="55.450191"><ele>1135.4</ele></trkpt>
      <trkpt lat="-21.125503" lon="55.450019"><ele>1130.2</ele></trkpt>
      <trkpt lat="-21.125277" lon="55.449899"><ele>1139.0</ele></trkpt>
      <trkpt lat="-21.125272" lon="55.449761"><ele>1142.2</ele></trkpt>
      <trkpt lat="-21.125182" lon="55.449833"><ele>1147.8</ele></trkpt>
      <trkpt lat="-21.124924" lon="55.449840"><ele>1154.6</ele></trkpt>
      <trkpt lat="-21.124748" lon="55.450126"><ele>1159.8</ele></trkpt>
      <trkpt lat="-21.124516" lon="55.450115"><ele>1154.0</ele></trkpt>
      <trkpt lat="-21.124150" lon="55.450231"><ele>1139.8</ele></trkpt>
      <trkpt lat="-21.124244" lon="55.450311"><ele>1137.2</ele></trkpt>
      <trkpt lat="-21.124106" lon="55.450258"><ele>1135.2</ele></trkpt>
      <trkpt lat="-21.124023" lon="55.450062"><ele>1128.6</ele></trkpt>
      <trkpt lat="-21.123921" lon="55.450077"><ele>1124.0</ele></trkpt>
      <trkpt lat="-21.123905" lon="55.449957"><ele>1124.8</ele></trkpt>
      <trkpt lat="-21.123749" lon="55.450501"><ele>1121.8</ele></trkpt>
      <trkpt lat="-21.123589" lon="55.450518"><ele>1121.8</ele></trkpt>
      <trkpt lat="-21.123307" lon="55.450440"><ele>1125.2</ele></trkpt>
      <trkpt lat="-21.123060" lon="55.450197"><ele>1131.0</ele></trkpt>
      <trkpt lat="-21.122701" lon="55.450136"><ele>1131.8</ele></trkpt>
      <trkpt lat="-21.122558" lon="55.449996"><ele>1127.2</ele></trkpt>
      <trkpt lat="-21.122384" lon="55.450030"><ele>1122.2</ele></trkpt>
      <trkpt lat="-21.122316" lon="55.449961"><ele>1122.0</ele></trkpt>
      <trkpt lat="-21.122103" lon="55.450076"><ele>1128.8</ele></trkpt>
      <trkpt lat="-21.121983" lon="55.450030"><ele>1133.2</ele></trkpt>
      <trkpt lat="-21.121948" lon="55.449974"><ele>1134.8</ele></trkpt>
      <trkpt lat="-21.122020" lon="55.449896"><ele>1137.4</ele></trkpt>
      <trkpt lat="-21.121563" lon="55.449738"><ele>1149.4</ele></trkpt>
      <trkpt lat="-21.121410" lon="55.449453"><ele>1155.8</ele></trkpt>
      <trkpt lat="-21.121092" lon="55.449526"><ele>1161.8</ele></trkpt>
      <trkpt lat="-21.121089" lon="55.449403"><ele>1167.2</ele></trkpt>
      <trkpt lat="-21.121017" lon="55.449384"><ele>1169.4</ele></trkpt>
      <trkpt lat="-21.120948" lon="55.449466"><ele>1172.0</ele></trkpt>
      <trkpt lat="-21.120953" lon="55.449399"><ele>1175.6</ele></trkpt>
      <trkpt lat="-21.120960" lon="55.449485"><ele>1177.0</ele></trkpt>
      <trkpt lat="-21.120781" lon="55.449552"><ele>1181.8</ele></trkpt>
      <trkpt lat="-21.120319" lon="55.449047"><ele>1182.4</ele></trkpt>
      <trkpt lat="-21.120343" lon="55.449122"><ele>1180.4</ele></trkpt>
      <trkpt lat="-21.120260" lon="55.449192"><ele>1177.8</ele></trkpt>
      <trkpt lat="-21.120080" lon="55.449052"><ele>1169.4</ele></trkpt>
      <trkpt lat="-21.120058" lon="55.448860"><ele>1172.6</ele></trkpt>
      <trkpt lat="-21.119938" lon="55.449016"><ele>1176.4</ele></trkpt>
      <trkpt lat="-21.119538" lon="55.449229"><ele>1182.4</ele></trkpt>
      <trkpt lat="-21.119326" lon="55.449630"><ele>1182.8</ele></trkpt>
      <trkpt lat="-21.119357" lon="55.449750"><ele>1186.4</ele></trkpt>
      <trkpt lat="-21.119186" lon="55.449868"><ele>1184.4</ele></trkpt>
      <trkpt lat="-21.119081" lon="55.450148"><ele>1181.6</ele></trkpt>
      <trkpt lat="-21.118959" lon="55.450303"><ele>1181.4</ele></trkpt>
      <trkpt lat="-21.118660" lon="55.450470"><ele>1189.2</ele></trkpt>
      <trkpt lat="-21.118515" lon="55.450466"><ele>1196.6</ele></trkpt>
      <trkpt lat="-21.118710" lon="55.450315"><ele>1200.2</ele></trkpt>
      <trkpt lat="-21.118794" lon="55.450013"><ele>1208.8</ele></trkpt>
      <trkpt lat="-21.118700" lon="55.450142"><ele>1212.2</ele></trkpt>
      <trkpt lat="-21.118735" lon="55.450066"><ele>1214.2</ele></trkpt>
      <trkpt lat="-21.118656" lon="55.449922"><ele>1217.4</ele></trkpt>
      <trkpt lat="-21.118557" lon="55.450076"><ele>1222.2</ele></trkpt>
      <trkpt lat="-21.118603" lon="55.449880"><ele>1226.4</ele></trkpt>
      <trkpt lat="-21.118513" lon="55.449863"><ele>1228.6</ele></trkpt>
      <trkpt lat="-21.118387" lon="55.450089"><ele>1232.8</ele></trkpt>
      <trkpt lat="-21.118381" lon="55.449783"><ele>1238.2</ele></trkpt>
      <trkpt lat="-21.118214" lon="55.450008"><ele>1245.8</ele></trkpt>
      <trkpt lat="-21.118074" lon="55.450047"><ele>1248.2</ele></trkpt>
      <trkpt lat="-21.118099" lon="55.449813"><ele>1255.4</ele></trkpt>
      <trkpt lat="-21.118139" lon="55.449847"><ele>1258.6</ele></trkpt>
      <trkpt lat="-21.117687" lon="55.450148"><ele>1267.2</ele></trkpt>
      <trkpt lat="-21.117732" lon="55.450276"><ele>1267.6</ele></trkpt>
      <trkpt lat="-21.117602" lon="55.450126"><ele>1266.2</ele></trkpt>
      <trkpt lat="-21.117737" lon="55.450251"><ele>1266.2</ele></trkpt>
      <trkpt lat="-21.117632" lon="55.450270"><ele>1265.6</ele></trkpt>
      <trkpt lat="-21.117612" lon="55.450211"><ele>1264.8</ele></trkpt>
      <trkpt lat="-21.117683" lon="55.450276"><ele>1264.6</ele></trkpt>
      <trkpt lat="-21.117631" lon="55.450346"><ele>1264.0</ele></trkpt>
      <trkpt lat="-21.117645" lon="55.450262"><ele>1264.4</ele></trkpt>
      <trkpt lat="-21.117679" lon="55.450352"><ele>1264.2</ele></trkpt>
      <trkpt lat="-21.117634" lon="55.450205"><ele>1264.2</ele></trkpt>
      <trkpt lat="-21.117637" lon="55.450324"><ele>1262.2</ele></trkpt>
      <trkpt lat="-21.117660" lon="55.450217"><ele>1261.2</ele></trkpt>
      <trkpt lat="-21.117793" lon="55.450135"><ele>1264.0</ele></trkpt>
      <trkpt lat="-21.117735" lon="55.449988"><ele>1265.8</ele></trkpt>
      <trkpt lat="-21.117626" lon="55.450090"><ele>1272.0</ele></trkpt>
      <trkpt lat="-21.117474" lon="55.450101"><ele>1278.2</ele></trkpt>
      <trkpt lat="-21.117382" lon="55.450021"><ele>1280.4</ele></trkpt>
      <trkpt lat="-21.117532" lon="55.450106"><ele>1280.6</ele></trkpt>
      <trkpt lat="-21.117539" lon="55.450032"><ele>1283.8</ele></trkpt>
      <trkpt lat="-21.117351" lon="55.450083"><ele>1289.2</ele></trkpt>
      <trkpt lat="-21.117544" lon="55.449704"><ele>1296.8</ele></trkpt>
      <trkpt lat="-21.117387" lon="55.449860"><ele>1302.4</ele></trkpt>
      <trkpt lat="-21.117173" lon="55.449865"><ele>1305.4</ele></trkpt>
      <trkpt lat="-21.117090" lon="55.449995"><ele>1308.0</ele></trkpt>
      <trkpt lat="-21.116937" lon="55.449849"><ele>1310.0</ele></trkpt>
      <trkpt lat="-21.116711" lon="55.450164"><ele>1315.8</ele></trkpt>
      <trkpt lat="-21.116482" lon="55.450238"><ele>1322.0</ele></trkpt>
      <trkpt lat="-21.116512" lon="55.450507"><ele>1325.8</ele></trkpt>
      <trkpt lat="-21.116463" lon="55.450545"><ele>1328.0</ele></trkpt>
      <trkpt lat="-21.116439" lon="55.450382"><ele>1334.2</ele></trkpt>
      <trkpt lat="-21.116378" lon="55.450507"><ele>1338.2</ele></trkpt>
      <trkpt lat="-21.116366" lon="55.450384"><ele>1342.4</ele></trkpt>
      <trkpt lat="-21.116327" lon="55.450470"><ele>1344.8</ele></trkpt>
      <trkpt lat="-21.116296" lon="55.450356"><ele>1351.8</ele></trkpt>
      <trkpt lat="-21.116127" lon="55.450360"><ele>1364.0</ele></trkpt>
      <trkpt lat="-21.116178" lon="55.450176"><ele>1374.2</ele></trkpt>
      <trkpt lat="-21.116033" lon="55.450281"><ele>1378.0</ele></trkpt>
      <trkpt lat="-21.116128" lon="55.450040"><ele>1385.2</ele></trkpt>
      <trkpt lat="-21.116093" lon="55.449742"><ele>1392.0</ele></trkpt>
      <trkpt lat="-21.115980" lon="55.450005"><ele>1403.4</ele></trkpt>
      <trkpt lat="-21.115990" lon="55.449884"><ele>1407.2</ele></trkpt>
      <trkpt lat="-21.115843" lon="55.450109"><ele>1413.0</ele></trkpt>
      <trkpt lat="-21.115655" lon="55.450166"><ele>1419.6</ele></trkpt>
      <trkpt lat="-21.115786" lon="55.449899"><ele>1427.4</ele></trkpt>
      <trkpt lat="-21.115618" lon="55.450041"><ele>1436.8</ele></trkpt>
      <trkpt lat="-21.115610" lon="55.449958"><ele>1440.0</ele></trkpt>
      <trkpt lat="-21.115528" lon="55.449983"><ele>1444.0</ele></trkpt>
      <trkpt lat="-21.115580" lon="55.449911"><ele>1447.2</ele></trkpt>
      <trkpt lat="-21.115447" lon="55.449970"><ele>1450.8</ele></trkpt>
      <trkpt lat="-21.115536" lon="55.449828"><ele>1455.6</ele></trkpt>
      <trkpt lat="-21.115326" lon="55.449898"><ele>1460.2</ele></trkpt>
      <trkpt lat="-21.115418" lon="55.449730"><ele>1467.2</ele></trkpt>
      <trkpt lat="-21.115305" lon="55.449476"><ele>1472.2</ele></trkpt>
      <trkpt lat="-21.115298" lon="55.449695"><ele>1477.6</ele></trkpt>
      <trkpt lat="-21.115041" lon="55.449776"><ele>1484.0</ele></trkpt>
      <trkpt lat="-21.115094" lon="55.449637"><ele>1489.8</ele></trkpt>
      <trkpt lat="-21.115049" lon="55.449548"><ele>1492.6</ele></trkpt>
      <trkpt lat="-21.115024" lon="55.449606"><ele>1495.4</ele></trkpt>
      <trkpt lat="-21.114937" lon="55.449538"><ele>1498.4</ele></trkpt>
      <trkpt lat="-21.114934" lon="55.449606"><ele>1501.6</ele></trkpt>
      <trkpt lat="-21.114576" lon="55.449622"><ele>1513.0</ele></trkpt>
      <trkpt lat="-21.114460" lon="55.449729"><ele>1516.4</ele></trkpt>
      <trkpt lat="-21.114384" lon="55.450061"><ele>1525.2</ele></trkpt>
      <trkpt lat="-21.114398" lon="55.449944"><ele>1529.6</ele></trkpt>
      <trkpt lat="-21.114160" lon="55.449840"><ele>1538.2</ele></trkpt>
      <trkpt lat="-21.114119" lon="55.449577"><ele>1542.8</ele></trkpt>
      <trkpt lat="-21.113993" lon="55.449410"><ele>1547.0</ele></trkpt>
      <trkpt lat="-21.113805" lon="55.449385"><ele>1557.0</ele></trkpt>
      <trkpt lat="-21.113703" lon="55.449260"><ele>1562.6</ele></trkpt>
      <trkpt lat="-21.113470" lon="55.449167"><ele>1568.2</ele></trkpt>
      <trkpt lat="-21.113510" lon="55.449116"><ele>1570.2</ele></trkpt>
      <trkpt lat="-21.113412" lon="55.448819"><ele>1576.6</ele></trkpt>
      <trkpt lat="-21.113220" lon="55.448838"><ele>1577.6</ele></trkpt>
      <trkpt lat="-21.113473" lon="55.448761"><ele>1577.8</ele></trkpt>
      <trkpt lat="-21.113330" lon="55.448907"><ele>1577.8</ele></trkpt>
      <trkpt lat="-21.113374" lon="55.448809"><ele>1577.8</ele></trkpt>
      <trkpt lat="-21.113060" lon="55.448359"><ele>1588.6</ele></trkpt>
      <trkpt lat="-21.112923" lon="55.447893"><ele>1599.4</ele></trkpt>
      <trkpt lat="-21.112729" lon="55.447568"><ele>1613.4</ele></trkpt>
      <trkpt lat="-21.112530" lon="55.447471"><ele>1622.4</ele></trkpt>
      <trkpt lat="-21.112886" lon="55.447447"><ele>1634.0</ele></trkpt>
      <trkpt lat="-21.112766" lon="55.447390"><ele>1638.2</ele></trkpt>
      <trkpt lat="-21.112699" lon="55.447243"><ele>1645.2</ele></trkpt>
      <trkpt lat="-21.112983" lon="55.447212"><ele>1654.0</ele></trkpt>
      <trkpt lat="-21.113399" lon="55.446962"><ele>1664.2</ele></trkpt>
      <trkpt lat="-21.113595" lon="55.446759"><ele>1673.8</ele></trkpt>
      <trkpt lat="-21.113610" lon="55.446578"><ele>1676.6</ele></trkpt>
      <trkpt lat="-21.113754" lon="55.446520"><ele>1680.8</ele></trkpt>
      <trkpt lat="-21.113899" lon="55.446323"><ele>1687.4</ele></trkpt>
      <trkpt lat="-21.113944" lon="55.446025"><ele>1693.0</ele></trkpt>
      <trkpt lat="-21.113861" lon="55.445746"><ele>1695.8</ele></trkpt>
      <trkpt lat="-21.113774" lon="55.445682"><ele>1698.6</ele></trkpt>
      <trkpt lat="-21.113767" lon="55.445132"><ele>1706.8</ele></trkpt>
      <trkpt lat="-21.113380" lon="55.444379"><ele>1720.8</ele></trkpt>
      <trkpt lat="-21.113205" lon="55.444164"><ele>1727.2</ele></trkpt>
      <trkpt lat="-21.112675" lon="55.443838"><ele>1730.0</ele></trkpt>
      <trkpt lat="-21.112704" lon="55.443676"><ele>1734.4</ele></trkpt>
      <trkpt lat="-21.112272" lon="55.443190"><ele>1742.8</ele></trkpt>
      <trkpt lat="-21.112127" lon="55.442870"><ele>1747.8</ele></trkpt>
      <trkpt lat="-21.111698" lon="55.442588"><ele>1755.6</ele></trkpt>
      <trkpt lat="-21.111578" lon="55.442587"><ele>1756.8</ele></trkpt>
      <trkpt lat="-21.111486" lon="55.441956"><ele>1770.2</ele></trkpt>
      <trkpt lat="-21.111694" lon="55.441410"><ele>1782.8</ele></trkpt>
      <trkpt lat="-21.111704" lon="55.441196"><ele>1789.0</ele></trkpt>
      <trkpt lat="-21.111643" lon="55.441016"><ele>1794.6</ele></trkpt>
      <trkpt lat="-21.111401" lon="55.440827"><ele>1807.6</ele></trkpt>
      <trkpt lat="-21.111468" lon="55.440779"><ele>1811.4</ele></trkpt>
      <trkpt lat="-21.111448" lon="55.440549"><ele>1823.2</ele></trkpt>
      <trkpt lat="-21.111611" lon="55.440415"><ele>1833.6</ele></trkpt>
      <trkpt lat="-21.111821" lon="55.440369"><ele>1841.4</ele></trkpt>
      <trkpt lat="-21.111881" lon="55.440454"><ele>1843.6</ele></trkpt>
      <trkpt lat="-21.112212" lon="55.440488"><ele>1851.0</ele></trkpt>
      <trkpt lat="-21.112358" lon="55.440577"><ele>1855.6</ele></trkpt>
      <trkpt lat="-21.112742" lon="55.440532"><ele>1867.0</ele></trkpt>
      <trkpt lat="-21.112837" lon="55.440639"><ele>1868.2</ele></trkpt>
      <trkpt lat="-21.112870" lon="55.440463"><ele>1874.8</ele></trkpt>
      <trkpt lat="-21.113070" lon="55.440385"><ele>1884.2</ele></trkpt>
      <trkpt lat="-21.112990" lon="55.440291"><ele>1888.4</ele></trkpt>
      <trkpt lat="-21.113352" lon="55.440376"><ele>1896.4</ele></trkpt>
      <trkpt lat="-21.113288" lon="55.440236"><ele>1902.4</ele></trkpt>
      <trkpt lat="-21.113368" lon="55.440153"><ele>1907.0</ele></trkpt>
      <trkpt lat="-21.113313" lon="55.440098"><ele>1909.4</ele></trkpt>
      <trkpt lat="-21.113508" lon="55.440004"><ele>1927.6</ele></trkpt>
      <trkpt lat="-21.113316" lon="55.439825"><ele>1933.6</ele></trkpt>
      <trkpt lat="-21.113406" lon="55.439839"><ele>1939.6</ele></trkpt>
      <trkpt lat="-21.113653" lon="55.439270"><ele>1958.0</ele></trkpt>
      <trkpt lat="-21.113910" lon="55.438936"><ele>1954.4</ele></trkpt>
      <trkpt lat="-21.113580" lon="55.438318"><ele>1945.4</ele></trkpt>
      <trkpt lat="-21.113639" lon="55.438135"><ele>1944.8</ele></trkpt>
      <trkpt lat="-21.113603" lon="55.437969"><ele>1944.2</ele></trkpt>
      <trkpt lat="-21.113841" lon="55.437519"><ele>1937.2</ele></trkpt>
      <trkpt lat="-21.113864" lon="55.437190"><ele>1936.6</ele></trkpt>
      <trkpt lat="-21.113726" lon="55.436575"><ele>1944.4</ele></trkpt>
      <trkpt lat="-21.113361" lon="55.436221"><ele>1946.0</ele></trkpt>
      <trkpt lat="-21.113511" lon="55.435916"><ele>1957.8</ele></trkpt>
      <trkpt lat="-21.113416" lon="55.435699"><ele>1964.6</ele></trkpt>
      <trkpt lat="-21.113442" lon="55.435592"><ele>1970.2</ele></trkpt>
      <trkpt lat="-21.113603" lon="55.435358"><ele>1976.8</ele></trkpt>
      <trkpt lat="-21.113489" lon="55.435337"><ele>1982.4</ele></trkpt>
      <trkpt lat="-21.113490" lon="55.435265"><ele>1984.6</ele></trkpt>
      <trkpt lat="-21.113397" lon="55.435323"><ele>1988.6</ele></trkpt>
      <trkpt lat="-21.113473" lon="55.435218"><ele>1994.2</ele></trkpt>
      <trkpt lat="-21.113391" lon="55.435240"><ele>1998.6</ele></trkpt>
      <trkpt lat="-21.113360" lon="55.435131"><ele>2003.6</ele></trkpt>
      <trkpt lat="-21.113259" lon="55.435190"><ele>2010.4</ele></trkpt>
      <trkpt lat="-21.113287" lon="55.434979"><ele>2011.6</ele></trkpt>
      <trkpt lat="-21.113368" lon="55.434894"><ele>2011.0</ele></trkpt>
      <trkpt lat="-21.113253" lon="55.434734"><ele>2011.2</ele></trkpt>
      <trkpt lat="-21.113298" lon="55.434545"><ele>2018.4</ele></trkpt>
      <trkpt lat="-21.113132" lon="55.434664"><ele>2023.4</ele></trkpt>
      <trkpt lat="-21.113271" lon="55.434449"><ele>2031.8</ele></trkpt>
      <trkpt lat="-21.113296" lon="55.434196"><ele>2035.0</ele></trkpt>
      <trkpt lat="-21.113191" lon="55.434021"><ele>2043.8</ele></trkpt>
      <trkpt lat="-21.113163" lon="55.434146"><ele>2048.8</ele></trkpt>
      <trkpt lat="-21.113016" lon="55.433888"><ele>2055.8</ele></trkpt>
      <trkpt lat="-21.112935" lon="55.433923"><ele>2058.8</ele></trkpt>
      <trkpt lat="-21.113051" lon="55.433918"><ele>2058.8</ele></trkpt>
      <trkpt lat="-21.113019" lon="55.433840"><ele>2060.8</ele></trkpt>
      <trkpt lat="-21.113280" lon="55.433805"><ele>2072.4</ele></trkpt>
      <trkpt lat="-21.113397" lon="55.433519"><ele>2078.4</ele></trkpt>
      <trkpt lat="-21.113322" lon="55.433392"><ele>2081.6</ele></trkpt>
      <trkpt lat="-21.113343" lon="55.433207"><ele>2084.2</ele></trkpt>
      <trkpt lat="-21.113190" lon="55.432968"><ele>2089.0</ele></trkpt>
      <trkpt lat="-21.113218" lon="55.432810"><ele>2091.2</ele></trkpt>
      <trkpt lat="-21.113019" lon="55.432918"><ele>2095.6</ele></trkpt>
      <trkpt lat="-21.113036" lon="55.432759"><ele>2101.2</ele></trkpt>
      <trkpt lat="-21.112936" lon="55.432714"><ele>2104.4</ele></trkpt>
      <trkpt lat="-21.112661" lon="55.432845"><ele>2110.0</ele></trkpt>
      <trkpt lat="-21.112625" lon="55.432785"><ele>2111.4</ele></trkpt>
      <trkpt lat="-21.112619" lon="55.432856"><ele>2112.0</ele></trkpt>
      <trkpt lat="-21.112620" lon="55.432783"><ele>2111.6</ele></trkpt>
      <trkpt lat="-21.112625" lon="55.432863"><ele>2112.0</ele></trkpt>
      <trkpt lat="-21.112591" lon="55.432792"><ele>2113.2</ele></trkpt>
      <trkpt lat="-21.112635" lon="55.432826"><ele>2113.0</ele></trkpt>
      <trkpt lat="-21.112648" lon="55.432763"><ele>2111.6</ele></trkpt>
      <trkpt lat="-21.112647" lon="55.432836"><ele>2111.8</ele></trkpt>
      <trkpt lat="-21.112603" lon="55.432802"><ele>2110.6</ele></trkpt>
      <trkpt lat="-21.112654" lon="55.432761"><ele>2109.2</ele></trkpt>
      <trkpt lat="-21.112565" lon="55.432778"><ele>2106.4</ele></trkpt>
      <trkpt lat="-21.112516" lon="55.432684"><ele>2102.6</ele></trkpt>
      <trkpt lat="-21.112677" lon="55.432429"><ele>2095.2</ele></trkpt>
      <trkpt lat="-21.112535" lon="55.432408"><ele>2090.4</ele></trkpt>
      <trkpt lat="-21.112692" lon="55.432194"><ele>2084.0</ele></trkpt>
      <trkpt lat="-21.112549" lon="55.432210"><ele>2080.0</ele></trkpt>
      <trkpt lat="-21.112784" lon="55.431910"><ele>2071.4</ele></trkpt>
      <trkpt lat="-21.112651" lon="55.431888"><ele>2067.8</ele></trkpt>
      <trkpt lat="-21.112645" lon="55.431772"><ele>2063.4</ele></trkpt>
      <trkpt lat="-21.112531" lon="55.431879"><ele>2058.8</ele></trkpt>
      <trkpt lat="-21.112612" lon="55.431694"><ele>2055.6</ele></trkpt>
      <trkpt lat="-21.112513" lon="55.431714"><ele>2051.6</ele></trkpt>
      <trkpt lat="-21.112407" lon="55.431986"><ele>2045.6</ele></trkpt>
      <trkpt lat="-21.112325" lon="55.431747"><ele>2039.0</ele></trkpt>
      <trkpt lat="-21.112099" lon="55.432017"><ele>2029.8</ele></trkpt>
      <trkpt lat="-21.112027" lon="55.431942"><ele>2026.6</ele></trkpt>
      <trkpt lat="-21.112101" lon="55.431844"><ele>2024.0</ele></trkpt>
      <trkpt lat="-21.111939" lon="55.431837"><ele>2017.2</ele></trkpt>
      <trkpt lat="-21.111957" lon="55.431781"><ele>2015.4</ele></trkpt>
      <trkpt lat="-21.111712" lon="55.431864"><ele>2002.2</ele></trkpt>
      <trkpt lat="-21.111674" lon="55.431731"><ele>1998.8</ele></trkpt>
      <trkpt lat="-21.111588" lon="55.431873"><ele>1993.6</ele></trkpt>
      <trkpt lat="-21.111559" lon="55.431806"><ele>1992.2</ele></trkpt>
      <trkpt lat="-21.111346" lon="55.431820"><ele>1987.0</ele></trkpt>
      <trkpt lat="-21.111304" lon="55.431664"><ele>1982.2</ele></trkpt>
      <trkpt lat="-21.111137" lon="55.431697"><ele>1975.6</ele></trkpt>
      <trkpt lat="-21.111117" lon="55.431623"><ele>1972.2</ele></trkpt>
      <trkpt lat="-21.110948" lon="55.431626"><ele>1968.0</ele></trkpt>
      <trkpt lat="-21.110950" lon="55.431537"><ele>1965.2</ele></trkpt>
      <trkpt lat="-21.110874" lon="55.431509"><ele>1961.6</ele></trkpt>
      <trkpt lat="-21.110667" lon="55.431604"><ele>1952.6</ele></trkpt>
      <trkpt lat="-21.110544" lon="55.431465"><ele>1949.0</ele></trkpt>
      <trkpt lat="-21.110474" lon="55.431584"><ele>1947.0</ele></trkpt>
      <trkpt lat="-21.110422" lon="55.431561"><ele>1944.4</ele></trkpt>
      <trkpt lat="-21.110383" lon="55.431994"><ele>1928.0</ele></trkpt>
      <trkpt lat="-21.110298" lon="55.431992"><ele>1924.2</ele></trkpt>
      <trkpt lat="-21.110097" lon="55.432361"><ele>1908.0</ele></trkpt>
      <trkpt lat="-21.109997" lon="55.432313"><ele>1903.0</ele></trkpt>
      <trkpt lat="-21.109986" lon="55.432438"><ele>1897.2</ele></trkpt>
      <trkpt lat="-21.109846" lon="55.432434"><ele>1886.8</ele></trkpt>
      <trkpt lat="-21.109893" lon="55.432513"><ele>1884.2</ele></trkpt>
      <trkpt lat="-21.109822" lon="55.432553"><ele>1877.8</ele></trkpt>
      <trkpt lat="-21.110018" lon="55.432893"><ele>1868.8</ele></trkpt>
      <trkpt lat="-21.109780" lon="55.432730"><ele>1859.4</ele></trkpt>
      <trkpt lat="-21.109812" lon="55.432982"><ele>1850.0</ele></trkpt>
      <trkpt lat="-21.109653" lon="55.432968"><ele>1841.4</ele></trkpt>
      <trkpt lat="-21.109343" lon="55.433106"><ele>1829.4</ele></trkpt>
      <trkpt lat="-21.109369" lon="55.433025"><ele>1827.4</ele></trkpt>
      <trkpt lat="-21.109317" lon="55.433059"><ele>1824.6</ele></trkpt>
      <trkpt lat="-21.109229" lon="55.432954"><ele>1820.6</ele></trkpt>
      <trkpt lat="-21.109027" lon="55.433055"><ele>1816.6</ele></trkpt>
      <trkpt lat="-21.109049" lon="55.433171"><ele>1811.6</ele></trkpt>
      <trkpt lat="-21.108945" lon="55.433106"><ele>1806.8</ele></trkpt>
      <trkpt lat="-21.108958" lon="55.433212"><ele>1803.0</ele></trkpt>
      <trkpt lat="-21.108753" lon="55.433305"><ele>1790.0</ele></trkpt>
      <trkpt lat="-21.108732" lon="55.433159"><ele>1782.4</ele></trkpt>
      <trkpt lat="-21.108569" lon="55.433191"><ele>1774.2</ele></trkpt>
      <trkpt lat="-21.108588" lon="55.432938"><ele>1762.4</ele></trkpt>
      <trkpt lat="-21.108504" lon="55.432915"><ele>1759.2</ele></trkpt>
      <trkpt lat="-21.108562" lon="55.432806"><ele>1756.4</ele></trkpt>
      <trkpt lat="-21.108403" lon="55.432779"><ele>1754.0</ele></trkpt>
      <trkpt lat="-21.108401" lon="55.432651"><ele>1750.4</ele></trkpt>
      <trkpt lat="-21.108297" lon="55.432572"><ele>1745.4</ele></trkpt>
      <trkpt lat="-21.108175" lon="55.432627"><ele>1741.8</ele></trkpt>
      <trkpt lat="-21.108187" lon="55.432486"><ele>1737.0</ele></trkpt>
      <trkpt lat="-21.108011" lon="55.432522"><ele>1731.2</ele></trkpt>
      <trkpt lat="-21.107974" lon="55.432418"><ele>1727.8</ele></trkpt>
      <trkpt lat="-21.107875" lon="55.432466"><ele>1723.6</ele></trkpt>
      <trkpt lat="-21.107845" lon="55.432341"><ele>1719.4</ele></trkpt>
      <trkpt lat="-21.107746" lon="55.432407"><ele>1714.8</ele></trkpt>
      <trkpt lat="-21.107631" lon="55.432327"><ele>1710.0</ele></trkpt>
      <trkpt lat="-21.107484" lon="55.432356"><ele>1705.6</ele></trkpt>
      <trkpt lat="-21.107289" lon="55.432217"><ele>1695.2</ele></trkpt>
      <trkpt lat="-21.106855" lon="55.432477"><ele>1683.6</ele></trkpt>
      <trkpt lat="-21.106271" lon="55.432461"><ele>1668.6</ele></trkpt>
      <trkpt lat="-21.105690" lon="55.432548"><ele>1656.8</ele></trkpt>
      <trkpt lat="-21.105293" lon="55.432690"><ele>1647.8</ele></trkpt>
      <trkpt lat="-21.105171" lon="55.432812"><ele>1645.2</ele></trkpt>
      <trkpt lat="-21.104643" lon="55.432887"><ele>1638.8</ele></trkpt>
      <trkpt lat="-21.104444" lon="55.433135"><ele>1634.2</ele></trkpt>
      <trkpt lat="-21.103640" lon="55.433692"><ele>1625.8</ele></trkpt>
      <trkpt lat="-21.103635" lon="55.433770"><ele>1625.0</ele></trkpt>
      <trkpt lat="-21.103835" lon="55.433971"><ele>1624.2</ele></trkpt>
      <trkpt lat="-21.103738" lon="55.433886"><ele>1624.8</ele></trkpt>
      <trkpt lat="-21.103585" lon="55.433893"><ele>1625.0</ele></trkpt>
      <trkpt lat="-21.103636" lon="55.433912"><ele>1624.0</ele></trkpt>
      <trkpt lat="-21.103606" lon="55.433825"><ele>1624.0</ele></trkpt>
      <trkpt lat="-21.103618" lon="55.433947"><ele>1623.8</ele></trkpt>
      <trkpt lat="-21.103596" lon="55.433863"><ele>1623.4</ele></trkpt>
      <trkpt lat="-21.103697" lon="55.433913"><ele>1624.4</ele></trkpt>
      <trkpt lat="-21.103529" lon="55.434071"><ele>1623.0</ele></trkpt>
      <trkpt lat="-21.103325" lon="55.434893"><ele>1616.2</ele></trkpt>
      <trkpt lat="-21.103372" lon="55.435052"><ele>1613.4</ele></trkpt>
      <trkpt lat="-21.103271" lon="55.435201"><ele>1609.4</ele></trkpt>
      <trkpt lat="-21.102691" lon="55.435458"><ele>1596.8</ele></trkpt>
      <trkpt lat="-21.102490" lon="55.435690"><ele>1593.2</ele></trkpt>
      <trkpt lat="-21.102334" lon="55.435683"><ele>1591.6</ele></trkpt>
      <trkpt lat="-21.102141" lon="55.435952"><ele>1587.6</ele></trkpt>
      <trkpt lat="-21.100988" lon="55.435952"><ele>1582.8</ele></trkpt>
      <trkpt lat="-21.100825" lon="55.436033"><ele>1582.8</ele></trkpt>
      <trkpt lat="-21.100193" lon="55.435844"><ele>1573.8</ele></trkpt>
      <trkpt lat="-21.099667" lon="55.436011"><ele>1571.8</ele></trkpt>
      <trkpt lat="-21.099640" lon="55.435961"><ele>1571.6</ele></trkpt>
      <trkpt lat="-21.099191" lon="55.436443"><ele>1571.8</ele></trkpt>
      <trkpt lat="-21.098891" lon="55.436566"><ele>1562.6</ele></trkpt>
      <trkpt lat="-21.098706" lon="55.436825"><ele>1550.2</ele></trkpt>
      <trkpt lat="-21.098709" lon="55.436984"><ele>1547.8</ele></trkpt>
      <trkpt lat="-21.098342" lon="55.437293"><ele>1541.4</ele></trkpt>
      <trkpt lat="-21.097819" lon="55.437519"><ele>1533.8</ele></trkpt>
      <trkpt lat="-21.097508" lon="55.437457"><ele>1528.8</ele></trkpt>
      <trkpt lat="-21.097194" lon="55.437523"><ele>1526.0</ele></trkpt>
      <trkpt lat="-21.096781" lon="55.437735"><ele>1520.0</ele></trkpt>
      <trkpt lat="-21.096432" lon="55.437738"><ele>1518.4</ele></trkpt>
      <trkpt lat="-21.095922" lon="55.438002"><ele>1517.8</ele></trkpt>
      <trkpt lat="-21.094959" lon="55.438029"><ele>1510.8</ele></trkpt>
      <trkpt lat="-21.094332" lon="55.438276"><ele>1510.0</ele></trkpt>
      <trkpt lat="-21.093952" lon="55.438552"><ele>1508.0</ele></trkpt>
      <trkpt lat="-21.093547" lon="55.438421"><ele>1504.0</ele></trkpt>
      <trkpt lat="-21.093225" lon="55.438776"><ele>1488.0</ele></trkpt>
      <trkpt lat="-21.092642" lon="55.438875"><ele>1480.8</ele></trkpt>
      <trkpt lat="-21.092181" lon="55.439545"><ele>1478.2</ele></trkpt>
      <trkpt lat="-21.092120" lon="55.439766"><ele>1477.0</ele></trkpt>
      <trkpt lat="-21.092046" lon="55.439708"><ele>1476.0</ele></trkpt>
      <trkpt lat="-21.091920" lon="55.439855"><ele>1475.8</ele></trkpt>
      <trkpt lat="-21.091569" lon="55.439800"><ele>1479.2</ele></trkpt>
      <trkpt lat="-21.091361" lon="55.439900"><ele>1477.0</ele></trkpt>
      <trkpt lat="-21.091284" lon="55.439883"><ele>1478.2</ele></trkpt>
      <trkpt lat="-21.091170" lon="55.439629"><ele>1481.8</ele></trkpt>
      <trkpt lat="-21.091108" lon="55.439696"><ele>1485.4</ele></trkpt>
      <trkpt lat="-21.091117" lon="55.439937"><ele>1492.6</ele></trkpt>
      <trkpt lat="-21.091050" lon="55.440008"><ele>1494.6</ele></trkpt>
      <trkpt lat="-21.091016" lon="55.439914"><ele>1498.0</ele></trkpt>
      <trkpt lat="-21.090653" lon="55.440206"><ele>1511.0</ele></trkpt>
      <trkpt lat="-21.090602" lon="55.440408"><ele>1519.8</ele></trkpt>
      <trkpt lat="-21.090517" lon="55.440375"><ele>1522.2</ele></trkpt>
      <trkpt lat="-21.090452" lon="55.440440"><ele>1526.6</ele></trkpt>
      <trkpt lat="-21.090423" lon="55.440333"><ele>1528.6</ele></trkpt>
      <trkpt lat="-21.090246" lon="55.440434"><ele>1535.8</ele></trkpt>
      <trkpt lat="-21.090262" lon="55.440313"><ele>1544.8</ele></trkpt>
      <trkpt lat="-21.090146" lon="55.440302"><ele>1549.6</ele></trkpt>
      <trkpt lat="-21.090025" lon="55.440415"><ele>1554.8</ele></trkpt>
      <trkpt lat="-21.090059" lon="55.440224"><ele>1561.6</ele></trkpt>
      <trkpt lat="-21.089925" lon="55.440313"><ele>1566.2</ele></trkpt>
      <trkpt lat="-21.089979" lon="55.440011"><ele>1577.8</ele></trkpt>
      <trkpt lat="-21.089928" lon="55.440029"><ele>1581.0</ele></trkpt>
      <trkpt lat="-21.089857" lon="55.439891"><ele>1587.2</ele></trkpt>
      <trkpt lat="-21.089802" lon="55.439935"><ele>1591.6</ele></trkpt>
      <trkpt lat="-21.089868" lon="55.439964"><ele>1594.8</ele></trkpt>
      <trkpt lat="-21.089758" lon="55.440048"><ele>1595.8</ele></trkpt>
      <trkpt lat="-21.089554" lon="55.440084"><ele>1600.8</ele></trkpt>
      <trkpt lat="-21.089145" lon="55.440636"><ele>1609.8</ele></trkpt>
      <trkpt lat="-21.088824" lon="55.440764"><ele>1618.6</ele></trkpt>
      <trkpt lat="-21.088570" lon="55.440733"><ele>1626.6</ele></trkpt>
      <trkpt lat="-21.088450" lon="55.440790"><ele>1630.6</ele></trkpt>
      <trkpt lat="-21.088153" lon="55.440682"><ele>1639.8</ele></trkpt>
      <trkpt lat="-21.088286" lon="55.440595"><ele>1645.6</ele></trkpt>
      <trkpt lat="-21.087853" lon="55.440529"><ele>1659.8</ele></trkpt>
      <trkpt lat="-21.088092" lon="55.440441"><ele>1670.2</ele></trkpt>
      <trkpt lat="-21.087948" lon="55.440382"><ele>1675.6</ele></trkpt>
      <trkpt lat="-21.088182" lon="55.440266"><ele>1684.6</ele></trkpt>
      <trkpt lat="-21.087907" lon="55.440183"><ele>1691.6</ele></trkpt>
      <trkpt lat="-21.087585" lon="55.440315"><ele>1698.2</ele></trkpt>
      <trkpt lat="-21.087411" lon="55.440299"><ele>1704.8</ele></trkpt>
      <trkpt lat="-21.087392" lon="55.440249"><ele>1707.8</ele></trkpt>
      <trkpt lat="-21.087529" lon="55.440168"><ele>1712.8</ele></trkpt>
      <trkpt lat="-21.087415" lon="55.440130"><ele>1717.2</ele></trkpt>
      <trkpt lat="-21.087477" lon="55.440033"><ele>1721.0</ele></trkpt>
      <trkpt lat="-21.087396" lon="55.439992"><ele>1726.0</ele></trkpt>
      <trkpt lat="-21.087313" lon="55.439698"><ele>1737.2</ele></trkpt>
      <trkpt lat="-21.087052" lon="55.439530"><ele>1744.6</ele></trkpt>
      <trkpt lat="-21.086989" lon="55.439351"><ele>1749.4</ele></trkpt>
      <trkpt lat="-21.086847" lon="55.439257"><ele>1753.8</ele></trkpt>
      <trkpt lat="-21.086460" lon="55.439147"><ele>1760.0</ele></trkpt>
      <trkpt lat="-21.086350" lon="55.438955"><ele>1763.6</ele></trkpt>
      <trkpt lat="-21.085967" lon="55.438964"><ele>1766.0</ele></trkpt>
      <trkpt lat="-21.085569" lon="55.439181"><ele>1765.0</ele></trkpt>
      <trkpt lat="-21.085176" lon="55.439234"><ele>1764.2</ele></trkpt>
      <trkpt lat="-21.084525" lon="55.438770"><ele>1771.4</ele></trkpt>
      <trkpt lat="-21.084343" lon="55.438757"><ele>1771.2</ele></trkpt>
      <trkpt lat="-21.083514" lon="55.438128"><ele>1777.6</ele></trkpt>
      <trkpt lat="-21.083255" lon="55.438046"><ele>1778.8</ele></trkpt>
      <trkpt lat="-21.082952" lon="55.438062"><ele>1781.4</ele></trkpt>
      <trkpt lat="-21.082851" lon="55.438288"><ele>1782.4</ele></trkpt>
      <trkpt lat="-21.082662" lon="55.438405"><ele>1784.0</ele></trkpt>
      <trkpt lat="-21.082566" lon="55.438668"><ele>1784.8</ele></trkpt>
      <trkpt lat="-21.082367" lon="55.438808"><ele>1784.4</ele></trkpt>
      <trkpt lat="-21.082013" lon="55.439521"><ele>1789.0</ele></trkpt>
      <trkpt lat="-21.081813" lon="55.439514"><ele>1786.6</ele></trkpt>
      <trkpt lat="-21.081692" lon="55.439664"><ele>1784.8</ele></trkpt>
      <trkpt lat="-21.081569" lon="55.439667"><ele>1784.4</ele></trkpt>
      <trkpt lat="-21.081448" lon="55.440062"><ele>1777.0</ele></trkpt>
      <trkpt lat="-21.081493" lon="55.440345"><ele>1774.2</ele></trkpt>
      <trkpt lat="-21.081354" lon="55.440474"><ele>1774.6</ele></trkpt>
      <trkpt lat="-21.081259" lon="55.440892"><ele>1780.6</ele></trkpt>
      <trkpt lat="-21.080916" lon="55.441196"><ele>1780.6</ele></trkpt>
      <trkpt lat="-21.080497" lon="55.441323"><ele>1779.6</ele></trkpt>
      <trkpt lat="-21.079962" lon="55.441847"><ele>1777.2</ele></trkpt>
      <trkpt lat="-21.079715" lon="55.442401"><ele>1775.8</ele></trkpt>
      <trkpt lat="-21.079430" lon="55.442558"><ele>1774.4</ele></trkpt>
      <trkpt lat="-21.079097" lon="55.442980"><ele>1773.0</ele></trkpt>
      <trkpt lat="-21.078713" lon="55.443143"><ele>1771.0</ele></trkpt>
      <trkpt lat="-21.078490" lon="55.443835"><ele>1770.6</ele></trkpt>
      <trkpt lat="-21.078188" lon="55.444219"><ele>1775.0</ele></trkpt>
      <trkpt lat="-21.078174" lon="55.444621"><ele>1777.6</ele></trkpt>
      <trkpt lat="-21.078345" lon="55.445467"><ele>1788.4</ele></trkpt>
      <trkpt lat="-21.078272" lon="55.445724"><ele>1790.2</ele></trkpt>
      <trkpt lat="-21.078096" lon="55.445895"><ele>1793.2</ele></trkpt>
      <trkpt lat="-21.077929" lon="55.446442"><ele>1800.0</ele></trkpt>
      <trkpt lat="-21.078253" lon="55.447109"><ele>1812.6</ele></trkpt>
      <trkpt lat="-21.078304" lon="55.447383"><ele>1818.6</ele></trkpt>
      <trkpt lat="-21.078230" lon="55.447606"><ele>1822.2</ele></trkpt>
      <trkpt lat="-21.077944" lon="55.447843"><ele>1826.0</ele></trkpt>
      <trkpt lat="-21.077783" lon="55.448372"><ele>1825.4</ele></trkpt>
      <trkpt lat="-21.077562" lon="55.448525"><ele>1826.0</ele></trkpt>
      <trkpt lat="-21.077527" lon="55.448699"><ele>1827.4</ele></trkpt>
      <trkpt lat="-21.077391" lon="55.448618"><ele>1827.6</ele></trkpt>
      <trkpt lat="-21.077253" lon="55.448650"><ele>1828.0</ele></trkpt>
      <trkpt lat="-21.077046" lon="55.448397"><ele>1827.2</ele></trkpt>
      <trkpt lat="-21.076966" lon="55.448477"><ele>1827.4</ele></trkpt>
      <trkpt lat="-21.076839" lon="55.448308"><ele>1828.8</ele></trkpt>
      <trkpt lat="-21.076630" lon="55.448510"><ele>1830.4</ele></trkpt>
      <trkpt lat="-21.076474" lon="55.448496"><ele>1831.4</ele></trkpt>
      <trkpt lat="-21.076444" lon="55.448675"><ele>1831.8</ele></trkpt>
      <trkpt lat="-21.076066" lon="55.448665"><ele>1834.2</ele></trkpt>
      <trkpt lat="-21.075850" lon="55.448959"><ele>1835.8</ele></trkpt>
      <trkpt lat="-21.075723" lon="55.448882"><ele>1837.0</ele></trkpt>
      <trkpt lat="-21.075628" lon="55.448940"><ele>1837.2</ele></trkpt>
      <trkpt lat="-21.075648" lon="55.449011"><ele>1838.4</ele></trkpt>
      <trkpt lat="-21.075517" lon="55.448939"><ele>1838.8</ele></trkpt>
      <trkpt lat="-21.075138" lon="55.448981"><ele>1841.6</ele></trkpt>
      <trkpt lat="-21.074905" lon="55.449160"><ele>1842.2</ele></trkpt>
      <trkpt lat="-21.074443" lon="55.448930"><ele>1845.0</ele></trkpt>
      <trkpt lat="-21.074248" lon="55.449041"><ele>1845.6</ele></trkpt>
      <trkpt lat="-21.073849" lon="55.448695"><ele>1849.6</ele></trkpt>
      <trkpt lat="-21.073536" lon="55.448703"><ele>1859.4</ele></trkpt>
      <trkpt lat="-21.073383" lon="55.448798"><ele>1862.8</ele></trkpt>
      <trkpt lat="-21.073267" lon="55.448558"><ele>1862.6</ele></trkpt>
      <trkpt lat="-21.073127" lon="55.448669"><ele>1869.4</ele></trkpt>
      <trkpt lat="-21.072761" lon="55.448541"><ele>1878.4</ele></trkpt>
      <trkpt lat="-21.072631" lon="55.448583"><ele>1884.6</ele></trkpt>
      <trkpt lat="-21.072606" lon="55.448709"><ele>1888.8</ele></trkpt>
      <trkpt lat="-21.072451" lon="55.448859"><ele>1899.6</ele></trkpt>
      <trkpt lat="-21.072352" lon="55.449174"><ele>1907.0</ele></trkpt>
      <trkpt lat="-21.072077" lon="55.448596"><ele>1921.2</ele></trkpt>
      <trkpt lat="-21.071874" lon="55.448602"><ele>1933.0</ele></trkpt>
      <trkpt lat="-21.071814" lon="55.448507"><ele>1937.6</ele></trkpt>
      <trkpt lat="-21.071699" lon="55.448705"><ele>1944.8</ele></trkpt>
      <trkpt lat="-21.071693" lon="55.448555"><ele>1947.8</ele></trkpt>
      <trkpt lat="-21.071615" lon="55.448674"><ele>1952.4</ele></trkpt>
      <trkpt lat="-21.071511" lon="55.448506"><ele>1962.0</ele></trkpt>
      <trkpt lat="-21.071487" lon="55.448567"><ele>1962.0</ele></trkpt>
      <trkpt lat="-21.071460" lon="55.448524"><ele>1961.8</ele></trkpt>
      <trkpt lat="-21.071542" lon="55.448574"><ele>1962.4</ele></trkpt>
      <trkpt lat="-21.071476" lon="55.448512"><ele>1963.0</ele></trkpt>
      <trkpt lat="-21.071478" lon="55.448565"><ele>1964.0</ele></trkpt>
      <trkpt lat="-21.071539" lon="55.448526"><ele>1964.2</ele></trkpt>
      <trkpt lat="-21.071416" lon="55.448603"><ele>1969.0</ele></trkpt>
      <trkpt lat="-21.071311" lon="55.448375"><ele>1974.8</ele></trkpt>
      <trkpt lat="-21.070783" lon="55.448636"><ele>1976.8</ele></trkpt>
      <trkpt lat="-21.070168" lon="55.448801"><ele>1975.4</ele></trkpt>
      <trkpt lat="-21.069983" lon="55.448546"><ele>1973.2</ele></trkpt>
      <trkpt lat="-21.069614" lon="55.448522"><ele>1970.6</ele></trkpt>
      <trkpt lat="-21.069413" lon="55.448139"><ele>1965.2</ele></trkpt>
      <trkpt lat="-21.068897" lon="55.447746"><ele>1957.4</ele></trkpt>
      <trkpt lat="-21.068512" lon="55.447668"><ele>1952.8</ele></trkpt>
      <trkpt lat="-21.068084" lon="55.447115"><ele>1944.6</ele></trkpt>
      <trkpt lat="-21.067684" lon="55.447313"><ele>1940.6</ele></trkpt>
      <trkpt lat="-21.067425" lon="55.447345"><ele>1938.0</ele></trkpt>
      <trkpt lat="-21.067265" lon="55.447277"><ele>1934.4</ele></trkpt>
      <trkpt lat="-21.066670" lon="55.447507"><ele>1928.4</ele></trkpt>
      <trkpt lat="-21.066089" lon="55.447309"><ele>1921.4</ele></trkpt>
      <trkpt lat="-21.065691" lon="55.447577"><ele>1917.4</ele></trkpt>
      <trkpt lat="-21.065122" lon="55.447633"><ele>1910.2</ele></trkpt>
      <trkpt lat="-21.064735" lon="55.447588"><ele>1905.4</ele></trkpt>
      <trkpt lat="-21.064482" lon="55.447792"><ele>1902.0</ele></trkpt>
      <trkpt lat="-21.064894" lon="55.447701"><ele>1900.0</ele></trkpt>
      <trkpt lat="-21.065181" lon="55.447873"><ele>1897.6</ele></trkpt>
      <trkpt lat="-21.065833" lon="55.447836"><ele>1892.6</ele></trkpt>
      <trkpt lat="-21.066266" lon="55.447947"><ele>1890.8</ele></trkpt>
      <trkpt lat="-21.066833" lon="55.448307"><ele>1885.8</ele></trkpt>
      <trkpt lat="-21.066816" lon="55.448437"><ele>1884.8</ele></trkpt>
      <trkpt lat="-21.066568" lon="55.448297"><ele>1882.4</ele></trkpt>
      <trkpt lat="-21.066249" lon="55.448240"><ele>1878.2</ele></trkpt>
      <trkpt lat="-21.065831" lon="55.448427"><ele>1873.4</ele></trkpt>
      <trkpt lat="-21.065831" lon="55.448562"><ele>1871.6</ele></trkpt>
      <trkpt lat="-21.066001" lon="55.448620"><ele>1869.0</ele></trkpt>
      <trkpt lat="-21.066500" lon="55.449015"><ele>1860.2</ele></trkpt>
      <trkpt lat="-21.066593" lon="55.449475"><ele>1853.6</ele></trkpt>
      <trkpt lat="-21.066486" lon="55.449628"><ele>1850.4</ele></trkpt>
      <trkpt lat="-21.066010" lon="55.449896"><ele>1845.4</ele></trkpt>
      <trkpt lat="-21.065205" lon="55.450062"><ele>1839.0</ele></trkpt>
      <trkpt lat="-21.065059" lon="55.450525"><ele>1835.4</ele></trkpt>
      <trkpt lat="-21.065086" lon="55.450697"><ele>1833.6</ele></trkpt>
      <trkpt lat="-21.065314" lon="55.450842"><ele>1830.6</ele></trkpt>
      <trkpt lat="-21.065607" lon="55.450947"><ele>1828.6</ele></trkpt>
      <trkpt lat="-21.065944" lon="55.450935"><ele>1826.0</ele></trkpt>
      <trkpt lat="-21.066080" lon="55.450985"><ele>1826.4</ele></trkpt>
      <trkpt lat="-21.066089" lon="55.451054"><ele>1826.2</ele></trkpt>
      <trkpt lat="-21.066133" lon="55.450968"><ele>1826.0</ele></trkpt>
      <trkpt lat="-21.066090" lon="55.451006"><ele>1826.2</ele></trkpt>
      <trkpt lat="-21.066195" lon="55.451004"><ele>1825.6</ele></trkpt>
      <trkpt lat="-21.066179" lon="55.451100"><ele>1825.0</ele></trkpt>
      <trkpt lat="-21.066275" lon="55.451070"><ele>1825.2</ele></trkpt>
      <trkpt lat="-21.066182" lon="55.450987"><ele>1825.8</ele></trkpt>
      <trkpt lat="-21.066177" lon="55.451094"><ele>1826.0</ele></trkpt>
      <trkpt lat="-21.066205" lon="55.450967"><ele>1825.6</ele></trkpt>
      <trkpt lat="-21.066111" lon="55.451092"><ele>1825.6</ele></trkpt>
      <trkpt lat="-21.066067" lon="55.451046"><ele>1824.4</ele></trkpt>
      <trkpt lat="-21.066223" lon="55.451064"><ele>1823.8</ele></trkpt>
      <trkpt lat="-21.066226" lon="55.450962"><ele>1823.4</ele></trkpt>
      <trkpt lat="-21.066161" lon="55.451022"><ele>1823.6</ele></trkpt>
      <trkpt lat="-21.066239" lon="55.451028"><ele>1824.0</ele></trkpt>
      <trkpt lat="-21.066214" lon="55.451104"><ele>1823.4</ele></trkpt>
      <trkpt lat="-21.066165" lon="55.450963"><ele>1822.8</ele></trkpt>
      <trkpt lat="-21.066194" lon="55.451026"><ele>1823.2</ele></trkpt>
      <trkpt lat="-21.066040" lon="55.451127"><ele>1820.0</ele></trkpt>
      <trkpt lat="-21.065841" lon="55.451093"><ele>1818.2</ele></trkpt>
      <trkpt lat="-21.065446" lon="55.451188"><ele>1814.6</ele></trkpt>
      <trkpt lat="-21.065209" lon="55.451107"><ele>1813.0</ele></trkpt>
      <trkpt lat="-21.065165" lon="55.451193"><ele>1812.6</ele></trkpt>
      <trkpt lat="-21.065169" lon="55.451128"><ele>1812.4</ele></trkpt>
      <trkpt lat="-21.064890" lon="55.451033"><ele>1809.8</ele></trkpt>
      <trkpt lat="-21.064682" lon="55.450667"><ele>1806.4</ele></trkpt>
      <trkpt lat="-21.064341" lon="55.450532"><ele>1803.4</ele></trkpt>
      <trkpt lat="-21.063562" lon="55.451107"><ele>1798.8</ele></trkpt>
      <trkpt lat="-21.063100" lon="55.451273"><ele>1796.4</ele></trkpt>
      <trkpt lat="-21.062777" lon="55.451277"><ele>1792.8</ele></trkpt>
      <trkpt lat="-21.062391" lon="55.451745"><ele>1788.2</ele></trkpt>
      <trkpt lat="-21.062203" lon="55.452136"><ele>1785.2</ele></trkpt>
      <trkpt lat="-21.062020" lon="55.452355"><ele>1784.6</ele></trkpt>
      <trkpt lat="-21.061759" lon="55.452499"><ele>1782.0</ele></trkpt>
      <trkpt lat="-21.061641" lon="55.452725"><ele>1783.6</ele></trkpt>
      <trkpt lat="-21.061353" lon="55.452885"><ele>1796.0</ele></trkpt>
      <trkpt lat="-21.060930" lon="55.452964"><ele>1801.0</ele></trkpt>
      <trkpt lat="-21.060853" lon="55.453334"><ele>1792.2</ele></trkpt>
      <trkpt lat="-21.060651" lon="55.453316"><ele>1787.4</ele></trkpt>
      <trkpt lat="-21.060787" lon="55.453359"><ele>1784.4</ele></trkpt>
      <trkpt lat="-21.060620" lon="55.453402"><ele>1777.6</ele></trkpt>
      <trkpt lat="-21.060715" lon="55.453493"><ele>1772.0</ele></trkpt>
      <trkpt lat="-21.060519" lon="55.453518"><ele>1767.8</ele></trkpt>
      <trkpt lat="-21.060428" lon="55.453691"><ele>1766.8</ele></trkpt>
      <trkpt lat="-21.060223" lon="55.453582"><ele>1762.6</ele></trkpt>
      <trkpt lat="-21.060133" lon="55.453631"><ele>1762.2</ele></trkpt>
      <trkpt lat="-21.060091" lon="55.453782"><ele>1761.4</ele></trkpt>
      <trkpt lat="-21.059706" lon="55.453708"><ele>1757.0</ele></trkpt>
      <trkpt lat="-21.059576" lon="55.453776"><ele>1755.0</ele></trkpt>
      <trkpt lat="-21.059534" lon="55.453680"><ele>1753.2</ele></trkpt>
      <trkpt lat="-21.059409" lon="55.453658"><ele>1752.4</ele></trkpt>
      <trkpt lat="-21.058855" lon="55.454130"><ele>1746.4</ele></trkpt>
      <trkpt lat="-21.058669" lon="55.454355"><ele>1743.2</ele></trkpt>
      <trkpt lat="-21.058814" lon="55.454358"><ele>1741.8</ele></trkpt>
      <trkpt lat="-21.058919" lon="55.454273"><ele>1740.0</ele></trkpt>
      <trkpt lat="-21.058961" lon="55.454317"><ele>1739.6</ele></trkpt>
      <trkpt lat="-21.059093" lon="55.454187"><ele>1737.6</ele></trkpt>
      <trkpt lat="-21.059184" lon="55.454214"><ele>1736.4</ele></trkpt>
      <trkpt lat="-21.058827" lon="55.454484"><ele>1731.8</ele></trkpt>
      <trkpt lat="-21.058432" lon="55.454643"><ele>1727.2</ele></trkpt>
      <trkpt lat="-21.058384" lon="55.455290"><ele>1722.0</ele></trkpt>
      <trkpt lat="-21.058154" lon="55.455774"><ele>1718.4</ele></trkpt>
      <trkpt lat="-21.058049" lon="55.455853"><ele>1718.6</ele></trkpt>
      <trkpt lat="-21.057552" lon="55.455750"><ele>1715.0</ele></trkpt>
      <trkpt lat="-21.057324" lon="55.455622"><ele>1710.4</ele></trkpt>
      <trkpt lat="-21.057306" lon="55.455712"><ele>1708.2</ele></trkpt>
      <trkpt lat="-21.057391" lon="55.455690"><ele>1705.0</ele></trkpt>
      <trkpt lat="-21.057211" lon="55.455876"><ele>1698.2</ele></trkpt>
      <trkpt lat="-21.057096" lon="55.455818"><ele>1695.4</ele></trkpt>
      <trkpt lat="-21.057002" lon="55.455621"><ele>1692.4</ele></trkpt>
      <trkpt lat="-21.057040" lon="55.455837"><ele>1687.8</ele></trkpt>
      <trkpt lat="-21.056891" lon="55.455578"><ele>1683.4</ele></trkpt>
      <trkpt lat="-21.056905" lon="55.455846"><ele>1680.2</ele></trkpt>
      <trkpt lat="-21.056812" lon="55.455612"><ele>1675.6</ele></trkpt>
      <trkpt lat="-21.056840" lon="55.455815"><ele>1672.6</ele></trkpt>
      <trkpt lat="-21.056796" lon="55.455785"><ele>1670.8</ele></trkpt>
      <trkpt lat="-21.056772" lon="55.455407"><ele>1666.2</ele></trkpt>
      <trkpt lat="-21.056560" lon="55.455098"><ele>1662.4</ele></trkpt>
      <trkpt lat="-21.056522" lon="55.455232"><ele>1653.6</ele></trkpt>
      <trkpt lat="-21.056349" lon="55.455366"><ele>1647.4</ele></trkpt>
      <trkpt lat="-21.056280" lon="55.455258"><ele>1643.8</ele></trkpt>
      <trkpt lat="-21.056137" lon="55.455361"><ele>1639.0</ele></trkpt>
      <trkpt lat="-21.055667" lon="55.455131"><ele>1631.6</ele></trkpt>
      <trkpt lat="-21.055407" lon="55.454782"><ele>1641.6</ele></trkpt>
      <trkpt lat="-21.055086" lon="55.454699"><ele>1636.6</ele></trkpt>
      <trkpt lat="-21.054870" lon="55.454461"><ele>1637.8</ele></trkpt>
      <trkpt lat="-21.054700" lon="55.454396"><ele>1640.0</ele></trkpt>
      <trkpt lat="-21.054108" lon="55.454526"><ele>1646.0</ele></trkpt>
      <trkpt lat="-21.053483" lon="55.454551"><ele>1651.6</ele></trkpt>
      <trkpt lat="-21.052817" lon="55.454216"><ele>1643.0</ele></trkpt>
      <trkpt lat="-21.052711" lon="55.454060"><ele>1640.0</ele></trkpt>
      <trkpt lat="-21.052451" lon="55.453960"><ele>1639.8</ele></trkpt>
      <trkpt lat="-21.052432" lon="55.453826"><ele>1639.8</ele></trkpt>
      <trkpt lat="-21.052273" lon="55.453710"><ele>1642.0</ele></trkpt>
      <trkpt lat="-21.052290" lon="55.453542"><ele>1642.6</ele></trkpt>
      <trkpt lat="-21.052795" lon="55.453321"><ele>1649.0</ele></trkpt>
      <trkpt lat="-21.052615" lon="55.453161"><ele>1647.8</ele></trkpt>
      <trkpt lat="-21.052284" lon="55.453077"><ele>1642.8</ele></trkpt>
      <trkpt lat="-21.052392" lon="55.452803"><ele>1638.2</ele></trkpt>
      <trkpt lat="-21.052676" lon="55.452744"><ele>1635.0</ele></trkpt>
      <trkpt lat="-21.052698" lon="55.452537"><ele>1632.6</ele></trkpt>
      <trkpt lat="-21.052850" lon="55.452489"><ele>1630.0</ele></trkpt>
      <trkpt lat="-21.053073" lon="55.452199"><ele>1627.6</ele></trkpt>
      <trkpt lat="-21.053148" lon="55.451623"><ele>1621.8</ele></trkpt>
      <trkpt lat="-21.053250" lon="55.451532"><ele>1620.0</ele></trkpt>
      <trkpt lat="-21.053679" lon="55.451657"><ele>1613.2</ele></trkpt>
      <trkpt lat="-21.053832" lon="55.451594"><ele>1613.6</ele></trkpt>
      <trkpt lat="-21.054018" lon="55.451168"><ele>1608.4</ele></trkpt>
      <trkpt lat="-21.053885" lon="55.451106"><ele>1609.0</ele></trkpt>
      <trkpt lat="-21.053861" lon="55.450991"><ele>1606.0</ele></trkpt>
      <trkpt lat="-21.053412" lon="55.450786"><ele>1601.6</ele></trkpt>
      <trkpt lat="-21.053293" lon="55.450680"><ele>1600.4</ele></trkpt>
      <trkpt lat="-21.053255" lon="55.450528"><ele>1597.0</ele></trkpt>
      <trkpt lat="-21.052683" lon="55.450430"><ele>1590.2</ele></trkpt>
      <trkpt lat="-21.052660" lon="55.450175"><ele>1589.4</ele></trkpt>
      <trkpt lat="-21.052869" lon="55.450083"><ele>1588.2</ele></trkpt>
      <trkpt lat="-21.052804" lon="55.449983"><ele>1588.8</ele></trkpt>
      <trkpt lat="-21.052732" lon="55.449314"><ele>1588.4</ele></trkpt>
      <trkpt lat="-21.052604" lon="55.449042"><ele>1586.0</ele></trkpt>
      <trkpt lat="-21.052244" lon="55.448692"><ele>1584.2</ele></trkpt>
      <trkpt lat="-21.052143" lon="55.448472"><ele>1583.0</ele></trkpt>
      <trkpt lat="-21.052166" lon="55.448347"><ele>1581.4</ele></trkpt>
      <trkpt lat="-21.052298" lon="55.448539"><ele>1574.0</ele></trkpt>
      <trkpt lat="-21.052732" lon="55.448554"><ele>1566.6</ele></trkpt>
      <trkpt lat="-21.052270" lon="55.448196"><ele>1554.2</ele></trkpt>
      <trkpt lat="-21.052379" lon="55.448185"><ele>1551.8</ele></trkpt>
      <trkpt lat="-21.052631" lon="55.448214"><ele>1546.8</ele></trkpt>
      <trkpt lat="-21.052906" lon="55.448423"><ele>1539.8</ele></trkpt>
      <trkpt lat="-21.053037" lon="55.448140"><ele>1529.8</ele></trkpt>
      <trkpt lat="-21.053110" lon="55.447488"><ele>1522.8</ele></trkpt>
      <trkpt lat="-21.053731" lon="55.447624"><ele>1511.0</ele></trkpt>
      <trkpt lat="-21.053592" lon="55.447583"><ele>1504.4</ele></trkpt>
      <trkpt lat="-21.053521" lon="55.447456"><ele>1502.2</ele></trkpt>
      <trkpt lat="-21.053229" lon="55.447261"><ele>1490.6</ele></trkpt>
      <trkpt lat="-21.053244" lon="55.447136"><ele>1486.6</ele></trkpt>
      <trkpt lat="-21.053216" lon="55.447214"><ele>1486.2</ele></trkpt>
      <trkpt lat="-21.053127" lon="55.446988"><ele>1482.8</ele></trkpt>
      <trkpt lat="-21.052819" lon="55.446906"><ele>1476.8</ele></trkpt>
      <trkpt lat="-21.053211" lon="55.447100"><ele>1466.6</ele></trkpt>
      <trkpt lat="-21.053565" lon="55.446518"><ele>1449.2</ele></trkpt>
      <trkpt lat="-21.053808" lon="55.446309"><ele>1450.0</ele></trkpt>
      <trkpt lat="-21.053709" lon="55.446580"><ele>1455.2</ele></trkpt>
      <trkpt lat="-21.053699" lon="55.446660"><ele>1457.0</ele></trkpt>
      <trkpt lat="-21.053756" lon="55.446660"><ele>1461.0</ele></trkpt>
      <trkpt lat="-21.053661" lon="55.446151"><ele>1464.2</ele></trkpt>
      <trkpt lat="-21.053375" lon="55.445586"><ele>1476.2</ele></trkpt>
      <trkpt lat="-21.053137" lon="55.445484"><ele>1486.4</ele></trkpt>
      <trkpt lat="-21.052501" lon="55.445519"><ele>1492.4</ele></trkpt>
      <trkpt lat="-21.052164" lon="55.445252"><ele>1497.6</ele></trkpt>
      <trkpt lat="-21.051520" lon="55.445302"><ele>1501.2</ele></trkpt>
      <trkpt lat="-21.051453" lon="55.445213"><ele>1500.2</ele></trkpt>
      <trkpt lat="-21.050438" lon="55.445173"><ele>1496.2</ele></trkpt>
      <trkpt lat="-21.049681" lon="55.444941"><ele>1502.8</ele></trkpt>
      <trkpt lat="-21.048764" lon="55.445182"><ele>1505.4</ele></trkpt>
      <trkpt lat="-21.048436" lon="55.445424"><ele>1507.4</ele></trkpt>
      <trkpt lat="-21.047948" lon="55.445574"><ele>1507.6</ele></trkpt>
      <trkpt lat="-21.047637" lon="55.445937"><ele>1514.2</ele></trkpt>
      <trkpt lat="-21.047532" lon="55.445911"><ele>1513.6</ele></trkpt>
      <trkpt lat="-21.047374" lon="55.445784"><ele>1514.2</ele></trkpt>
      <trkpt lat="-21.047289" lon="55.445422"><ele>1513.6</ele></trkpt>
      <trkpt lat="-21.047067" lon="55.445284"><ele>1516.2</ele></trkpt>
      <trkpt lat="-21.046816" lon="55.444907"><ele>1516.4</ele></trkpt>
      <trkpt lat="-21.046029" lon="55.444369"><ele>1511.2</ele></trkpt>
      <trkpt lat="-21.045829" lon="55.444327"><ele>1515.6</ele></trkpt>
      <trkpt lat="-21.045321" lon="55.444476"><ele>1507.0</ele></trkpt>
      <trkpt lat="-21.044898" lon="55.444294"><ele>1499.4</ele></trkpt>
      <trkpt lat="-21.044810" lon="55.444032"><ele>1493.2</ele></trkpt>
      <trkpt lat="-21.044492" lon="55.443671"><ele>1484.8</ele></trkpt>
      <trkpt lat="-21.044127" lon="55.443566"><ele>1474.2</ele></trkpt>
      <trkpt lat="-21.044074" lon="55.443530"><ele>1471.2</ele></trkpt>
      <trkpt lat="-21.044176" lon="55.443511"><ele>1465.8</ele></trkpt>
      <trkpt lat="-21.044093" lon="55.443472"><ele>1461.6</ele></trkpt>
      <trkpt lat="-21.043828" lon="55.443467"><ele>1458.4</ele></trkpt>
      <trkpt lat="-21.043797" lon="55.443207"><ele>1458.4</ele></trkpt>
      <trkpt lat="-21.043702" lon="55.443076"><ele>1458.8</ele></trkpt>
      <trkpt lat="-21.043457" lon="55.443207"><ele>1451.2</ele></trkpt>
      <trkpt lat="-21.043205" lon="55.443108"><ele>1445.4</ele></trkpt>
      <trkpt lat="-21.042803" lon="55.443124"><ele>1440.4</ele></trkpt>
      <trkpt lat="-21.042711" lon="55.442909"><ele>1440.2</ele></trkpt>
      <trkpt lat="-21.042551" lon="55.442949"><ele>1439.6</ele></trkpt>
      <trkpt lat="-21.042379" lon="55.442854"><ele>1434.4</ele></trkpt>
      <trkpt lat="-21.042077" lon="55.442845"><ele>1428.4</ele></trkpt>
      <trkpt lat="-21.041998" lon="55.442653"><ele>1425.6</ele></trkpt>
      <trkpt lat="-21.041667" lon="55.442697"><ele>1415.8</ele></trkpt>
      <trkpt lat="-21.041604" lon="55.442554"><ele>1411.0</ele></trkpt>
      <trkpt lat="-21.041397" lon="55.442424"><ele>1407.2</ele></trkpt>
      <trkpt lat="-21.041277" lon="55.442510"><ele>1400.4</ele></trkpt>
      <trkpt lat="-21.041077" lon="55.442407"><ele>1394.0</ele></trkpt>
      <trkpt lat="-21.040873" lon="55.442153"><ele>1388.0</ele></trkpt>
      <trkpt lat="-21.040417" lon="55.441980"><ele>1377.6</ele></trkpt>
      <trkpt lat="-21.040278" lon="55.441781"><ele>1375.2</ele></trkpt>
      <trkpt lat="-21.040117" lon="55.441738"><ele>1369.4</ele></trkpt>
      <trkpt lat="-21.040083" lon="55.441619"><ele>1361.0</ele></trkpt>
      <trkpt lat="-21.040565" lon="55.441704"><ele>1345.0</ele></trkpt>
      <trkpt lat="-21.040746" lon="55.441661"><ele>1335.8</ele></trkpt>
      <trkpt lat="-21.040595" lon="55.441480"><ele>1322.8</ele></trkpt>
      <trkpt lat="-21.040424" lon="55.441070"><ele>1300.2</ele></trkpt>
      <trkpt lat="-21.040090" lon="55.440802"><ele>1297.8</ele></trkpt>
      <trkpt lat="-21.039913" lon="55.440479"><ele>1285.8</ele></trkpt>
      <trkpt lat="-21.039795" lon="55.440458"><ele>1280.2</ele></trkpt>
      <trkpt lat="-21.039841" lon="55.440200"><ele>1275.2</ele></trkpt>
      <trkpt lat="-21.039642" lon="55.439606"><ele>1262.6</ele></trkpt>
      <trkpt lat="-21.039530" lon="55.439530"><ele>1259.6</ele></trkpt>
      <trkpt lat="-21.039506" lon="55.439674"><ele>1256.0</ele></trkpt>
      <trkpt lat="-21.039410" lon="55.439706"><ele>1252.4</ele></trkpt>
      <trkpt lat="-21.039426" lon="55.439597"><ele>1247.8</ele></trkpt>
      <trkpt lat="-21.039383" lon="55.439650"><ele>1244.4</ele></trkpt>
      <trkpt lat="-21.039397" lon="55.439535"><ele>1239.4</ele></trkpt>
      <trkpt lat="-21.039343" lon="55.439549"><ele>1236.0</ele></trkpt>
      <trkpt lat="-21.039599" lon="55.439171"><ele>1211.2</ele></trkpt>
      <trkpt lat="-21.039527" lon="55.439149"><ele>1206.6</ele></trkpt>
      <trkpt lat="-21.039532" lon="55.439009"><ele>1201.4</ele></trkpt>
      <trkpt lat="-21.039421" lon="55.439034"><ele>1198.0</ele></trkpt>
      <trkpt lat="-21.039556" lon="55.438935"><ele>1192.4</ele></trkpt>
      <trkpt lat="-21.039402" lon="55.438832"><ele>1186.4</ele></trkpt>
      <trkpt lat="-21.039629" lon="55.438736"><ele>1180.0</ele></trkpt>
      <trkpt lat="-21.039685" lon="55.438638"><ele>1178.0</ele></trkpt>
      <trkpt lat="-21.039433" lon="55.438558"><ele>1171.6</ele></trkpt>
      <trkpt lat="-21.039494" lon="55.438405"><ele>1165.8</ele></trkpt>
      <trkpt lat="-21.039360" lon="55.438064"><ele>1159.2</ele></trkpt>
      <trkpt lat="-21.038755" lon="55.437355"><ele>1146.6</ele></trkpt>
      <trkpt lat="-21.038715" lon="55.437428"><ele>1144.4</ele></trkpt>
      <trkpt lat="-21.038879" lon="55.437552"><ele>1143.8</ele></trkpt>
      <trkpt lat="-21.038968" lon="55.437981"><ele>1135.4</ele></trkpt>
      <trkpt lat="-21.038816" lon="55.437686"><ele>1131.2</ele></trkpt>
      <trkpt lat="-21.038659" lon="55.437570"><ele>1128.2</ele></trkpt>
      <trkpt lat="-21.038454" lon="55.436883"><ele>1121.8</ele></trkpt>
      <trkpt lat="-21.038288" lon="55.436748"><ele>1120.2</ele></trkpt>
      <trkpt lat="-21.038351" lon="55.436716"><ele>1116.4</ele></trkpt>
      <trkpt lat="-21.038162" lon="55.436637"><ele>1110.8</ele></trkpt>
      <trkpt lat="-21.038245" lon="55.436594"><ele>1105.6</ele></trkpt>
      <trkpt lat="-21.038035" lon="55.436517"><ele>1099.4</ele></trkpt>
      <trkpt lat="-21.038206" lon="55.436462"><ele>1095.6</ele></trkpt>
      <trkpt lat="-21.037990" lon="55.436363"><ele>1088.6</ele></trkpt>
      <trkpt lat="-21.038190" lon="55.436316"><ele>1083.6</ele></trkpt>
      <trkpt lat="-21.037931" lon="55.436191"><ele>1077.0</ele></trkpt>
      <trkpt lat="-21.038131" lon="55.436168"><ele>1072.8</ele></trkpt>
      <trkpt lat="-21.037956" lon="55.436122"><ele>1066.4</ele></trkpt>
      <trkpt lat="-21.038026" lon="55.436090"><ele>1064.0</ele></trkpt>
      <trkpt lat="-21.038046" lon="55.435955"><ele>1061.8</ele></trkpt>
      <trkpt lat="-21.037765" lon="55.435889"><ele>1054.8</ele></trkpt>
      <trkpt lat="-21.037560" lon="55.435453"><ele>1036.8</ele></trkpt>
      <trkpt lat="-21.037381" lon="55.435243"><ele>1028.4</ele></trkpt>
      <trkpt lat="-21.037338" lon="55.434979"><ele>1020.8</ele></trkpt>
      <trkpt lat="-21.037196" lon="55.434899"><ele>1015.8</ele></trkpt>
      <trkpt lat="-21.037224" lon="55.434737"><ele>1011.2</ele></trkpt>
      <trkpt lat="-21.037058" lon="55.434413"><ele>1001.6</ele></trkpt>
      <trkpt lat="-21.036955" lon="55.433503"><ele>979.8</ele></trkpt>
      <trkpt lat="-21.036581" lon="55.432716"><ele>965.0</ele></trkpt>
      <trkpt lat="-21.036593" lon="55.432333"><ele>952.6</ele></trkpt>
      <trkpt lat="-21.036326" lon="55.432275"><ele>946.0</ele></trkpt>
      <trkpt lat="-21.036228" lon="55.431264"><ele>927.0</ele></trkpt>
      <trkpt lat="-21.036126" lon="55.431051"><ele>923.0</ele></trkpt>
      <trkpt lat="-21.035869" lon="55.430862"><ele>909.4</ele></trkpt>
      <trkpt lat="-21.035886" lon="55.430747"><ele>904.8</ele></trkpt>
      <trkpt lat="-21.035800" lon="55.430716"><ele>900.8</ele></trkpt>
      <trkpt lat="-21.035838" lon="55.430521"><ele>895.4</ele></trkpt>
      <trkpt lat="-21.035699" lon="55.430384"><ele>887.8</ele></trkpt>
      <trkpt lat="-21.035627" lon="55.430514"><ele>884.0</ele></trkpt>
      <trkpt lat="-21.035544" lon="55.430223"><ele>885.4</ele></trkpt>
      <trkpt lat="-21.035100" lon="55.430042"><ele>881.2</ele></trkpt>
      <trkpt lat="-21.034807" lon="55.430297"><ele>872.8</ele></trkpt>
      <trkpt lat="-21.034679" lon="55.430181"><ele>874.4</ele></trkpt>
      <trkpt lat="-21.034410" lon="55.429462"><ele>868.6</ele></trkpt>
      <trkpt lat="-21.034481" lon="55.429504"><ele>868.4</ele></trkpt>
      <trkpt lat="-21.034401" lon="55.429471"><ele>868.4</ele></trkpt>
      <trkpt lat="-21.034465" lon="55.429459"><ele>868.4</ele></trkpt>
      <trkpt lat="-21.034432" lon="55.429510"><ele>867.4</ele></trkpt>
      <trkpt lat="-21.034571" lon="55.429693"><ele>863.2</ele></trkpt>
      <trkpt lat="-21.034766" lon="55.429767"><ele>857.6</ele></trkpt>
      <trkpt lat="-21.034832" lon="55.429612"><ele>858.2</ele></trkpt>
      <trkpt lat="-21.035080" lon="55.429530"><ele>857.0</ele></trkpt>
      <trkpt lat="-21.035044" lon="55.429286"><ele>862.2</ele></trkpt>
      <trkpt lat="-21.035314" lon="55.429088"><ele>867.2</ele></trkpt>
      <trkpt lat="-21.035451" lon="55.428252"><ele>862.8</ele></trkpt>
      <trkpt lat="-21.035329" lon="55.427970"><ele>856.4</ele></trkpt>
      <trkpt lat="-21.035515" lon="55.427879"><ele>850.0</ele></trkpt>
      <trkpt lat="-21.035120" lon="55.427687"><ele>833.6</ele></trkpt>
      <trkpt lat="-21.035402" lon="55.427653"><ele>821.8</ele></trkpt>
      <trkpt lat="-21.035397" lon="55.427574"><ele>818.4</ele></trkpt>
      <trkpt lat="-21.035608" lon="55.427524"><ele>812.2</ele></trkpt>
      <trkpt lat="-21.035339" lon="55.427431"><ele>803.4</ele></trkpt>
      <trkpt lat="-21.035346" lon="55.427363"><ele>800.0</ele></trkpt>
      <trkpt lat="-21.035527" lon="55.427303"><ele>793.2</ele></trkpt>
      <trkpt lat="-21.035431" lon="55.427232"><ele>789.8</ele></trkpt>
      <trkpt lat="-21.035610" lon="55.427127"><ele>778.0</ele></trkpt>
      <trkpt lat="-21.035550" lon="55.427036"><ele>775.4</ele></trkpt>
      <trkpt lat="-21.035729" lon="55.427112"><ele>771.4</ele></trkpt>
      <trkpt lat="-21.035579" lon="55.426981"><ele>767.0</ele></trkpt>
      <trkpt lat="-21.035730" lon="55.426975"><ele>762.8</ele></trkpt>
      <trkpt lat="-21.035724" lon="55.426911"><ele>759.8</ele></trkpt>
      <trkpt lat="-21.035799" lon="55.426898"><ele>755.4</ele></trkpt>
      <trkpt lat="-21.035903" lon="55.427059"><ele>753.8</ele></trkpt>
      <trkpt lat="-21.035878" lon="55.427212"><ele>755.8</ele></trkpt>
      <trkpt lat="-21.036128" lon="55.427249"><ele>766.6</ele></trkpt>
      <trkpt lat="-21.036036" lon="55.427120"><ele>771.8</ele></trkpt>
      <trkpt lat="-21.036115" lon="55.426934"><ele>775.8</ele></trkpt>
      <trkpt lat="-21.036181" lon="55.427009"><ele>778.6</ele></trkpt>
      <trkpt lat="-21.036237" lon="55.426884"><ele>785.0</ele></trkpt>
      <trkpt lat="-21.036202" lon="55.426769"><ele>786.8</ele></trkpt>
      <trkpt lat="-21.036339" lon="55.426853"><ele>793.4</ele></trkpt>
      <trkpt lat="-21.036473" lon="55.426786"><ele>800.8</ele></trkpt>
      <trkpt lat="-21.036403" lon="55.426534"><ele>811.0</ele></trkpt>
      <trkpt lat="-21.036531" lon="55.426676"><ele>817.4</ele></trkpt>
      <trkpt lat="-21.036566" lon="55.426961"><ele>821.0</ele></trkpt>
      <trkpt lat="-21.036681" lon="55.426878"><ele>827.6</ele></trkpt>
      <trkpt lat="-21.036933" lon="55.427162"><ele>842.4</ele></trkpt>
      <trkpt lat="-21.036664" lon="55.426489"><ele>845.0</ele></trkpt>
      <trkpt lat="-21.036386" lon="55.426275"><ele>844.2</ele></trkpt>
      <trkpt lat="-21.036234" lon="55.425885"><ele>853.6</ele></trkpt>
      <trkpt lat="-21.036075" lon="55.425913"><ele>855.0</ele></trkpt>
      <trkpt lat="-21.036103" lon="55.425868"><ele>856.8</ele></trkpt>
      <trkpt lat="-21.036438" lon="55.426118"><ele>862.4</ele></trkpt>
      <trkpt lat="-21.037182" lon="55.426908"><ele>880.8</ele></trkpt>
      <trkpt lat="-21.037573" lon="55.427166"><ele>884.2</ele></trkpt>
      <trkpt lat="-21.037985" lon="55.427652"><ele>896.2</ele></trkpt>
      <trkpt lat="-21.038432" lon="55.428460"><ele>905.0</ele></trkpt>
      <trkpt lat="-21.038666" lon="55.428527"><ele>903.4</ele></trkpt>
      <trkpt lat="-21.038940" lon="55.428816"><ele>891.8</ele></trkpt>
      <trkpt lat="-21.039136" lon="55.428902"><ele>889.6</ele></trkpt>
      <trkpt lat="-21.039179" lon="55.428585"><ele>886.2</ele></trkpt>
      <trkpt lat="-21.039444" lon="55.428666"><ele>882.2</ele></trkpt>
      <trkpt lat="-21.039627" lon="55.428611"><ele>881.6</ele></trkpt>
      <trkpt lat="-21.039760" lon="55.428367"><ele>879.4</ele></trkpt>
      <trkpt lat="-21.039747" lon="55.427919"><ele>883.0</ele></trkpt>
      <trkpt lat="-21.039606" lon="55.427494"><ele>891.2</ele></trkpt>
      <trkpt lat="-21.039694" lon="55.427214"><ele>886.2</ele></trkpt>
      <trkpt lat="-21.040164" lon="55.426526"><ele>871.0</ele></trkpt>
      <trkpt lat="-21.040796" lon="55.426034"><ele>883.0</ele></trkpt>
      <trkpt lat="-21.040857" lon="55.425681"><ele>880.2</ele></trkpt>
      <trkpt lat="-21.040529" lon="55.425430"><ele>878.2</ele></trkpt>
      <trkpt lat="-21.040426" lon="55.425204"><ele>876.6</ele></trkpt>
      <trkpt lat="-21.040475" lon="55.425025"><ele>874.8</ele></trkpt>
      <trkpt lat="-21.040698" lon="55.425069"><ele>867.2</ele></trkpt>
      <trkpt lat="-21.041015" lon="55.425000"><ele>861.8</ele></trkpt>
      <trkpt lat="-21.041137" lon="55.424870"><ele>858.0</ele></trkpt>
      <trkpt lat="-21.041067" lon="55.424741"><ele>851.2</ele></trkpt>
      <trkpt lat="-21.041152" lon="55.424567"><ele>845.2</ele></trkpt>
      <trkpt lat="-21.041272" lon="55.424592"><ele>840.6</ele></trkpt>
      <trkpt lat="-21.041408" lon="55.424350"><ele>833.4</ele></trkpt>
      <trkpt lat="-21.041518" lon="55.424379"><ele>830.4</ele></trkpt>
      <trkpt lat="-21.041762" lon="55.424252"><ele>822.2</ele></trkpt>
      <trkpt lat="-21.042159" lon="55.424349"><ele>816.4</ele></trkpt>
      <trkpt lat="-21.042391" lon="55.424281"><ele>815.6</ele></trkpt>
      <trkpt lat="-21.042902" lon="55.424329"><ele>804.2</ele></trkpt>
      <trkpt lat="-21.043194" lon="55.424433"><ele>806.4</ele></trkpt>
      <trkpt lat="-21.043398" lon="55.424645"><ele>811.4</ele></trkpt>
      <trkpt lat="-21.043369" lon="55.424885"><ele>816.2</ele></trkpt>
      <trkpt lat="-21.043398" lon="55.424804"><ele>821.2</ele></trkpt>
      <trkpt lat="-21.043633" lon="55.424723"><ele>829.2</ele></trkpt>
      <trkpt lat="-21.043633" lon="55.424884"><ele>835.4</ele></trkpt>
      <trkpt lat="-21.043748" lon="55.424838"><ele>840.2</ele></trkpt>
      <trkpt lat="-21.044567" lon="55.424916"><ele>855.6</ele></trkpt>
      <trkpt lat="-21.044602" lon="55.424757"><ele>855.4</ele></trkpt>
      <trkpt lat="-21.044489" lon="55.424744"><ele>858.8</ele></trkpt>
      <trkpt lat="-21.044388" lon="55.424512"><ele>871.2</ele></trkpt>
      <trkpt lat="-21.044517" lon="55.424565"><ele>876.8</ele></trkpt>
      <trkpt lat="-21.044588" lon="55.424550"><ele>880.2</ele></trkpt>
      <trkpt lat="-21.044536" lon="55.424489"><ele>884.8</ele></trkpt>
      <trkpt lat="-21.044705" lon="55.424497"><ele>892.2</ele></trkpt>
      <trkpt lat="-21.044561" lon="55.424371"><ele>896.2</ele></trkpt>
      <trkpt lat="-21.044708" lon="55.424303"><ele>902.6</ele></trkpt>
      <trkpt lat="-21.044629" lon="55.424180"><ele>908.0</ele></trkpt>
      <trkpt lat="-21.044785" lon="55.424170"><ele>913.0</ele></trkpt>
      <trkpt lat="-21.044709" lon="55.424083"><ele>918.4</ele></trkpt>
      <trkpt lat="-21.044731" lon="55.423943"><ele>923.8</ele></trkpt>
      <trkpt lat="-21.044656" lon="55.423919"><ele>926.2</ele></trkpt>
      <trkpt lat="-21.044866" lon="55.423757"><ele>939.4</ele></trkpt>
      <trkpt lat="-21.044747" lon="55.423739"><ele>942.4</ele></trkpt>
      <trkpt lat="-21.044556" lon="55.423393"><ele>949.6</ele></trkpt>
      <trkpt lat="-21.044352" lon="55.423229"><ele>950.6</ele></trkpt>
      <trkpt lat="-21.044446" lon="55.422991"><ele>953.2</ele></trkpt>
      <trkpt lat="-21.044202" lon="55.422630"><ele>963.4</ele></trkpt>
      <trkpt lat="-21.044278" lon="55.422651"><ele>960.2</ele></trkpt>
      <trkpt lat="-21.044225" lon="55.422574"><ele>957.4</ele></trkpt>
      <trkpt lat="-21.044390" lon="55.422509"><ele>949.2</ele></trkpt>
      <trkpt lat="-21.044443" lon="55.422324"><ele>941.0</ele></trkpt>
      <trkpt lat="-21.044338" lon="55.422051"><ele>939.0</ele></trkpt>
      <trkpt lat="-21.044371" lon="55.421835"><ele>936.8</ele></trkpt>
      <trkpt lat="-21.044283" lon="55.421849"><ele>935.8</ele></trkpt>
      <trkpt lat="-21.044167" lon="55.421717"><ele>933.6</ele></trkpt>
      <trkpt lat="-21.044124" lon="55.421411"><ele>933.4</ele></trkpt>
      <trkpt lat="-21.043950" lon="55.421437"><ele>932.0</ele></trkpt>
      <trkpt lat="-21.043688" lon="55.421276"><ele>934.0</ele></trkpt>
      <trkpt lat="-21.043720" lon="55.421076"><ele>933.4</ele></trkpt>
      <trkpt lat="-21.043580" lon="55.421045"><ele>932.0</ele></trkpt>
      <trkpt lat="-21.043655" lon="55.421023"><ele>932.0</ele></trkpt>
      <trkpt lat="-21.043578" lon="55.420944"><ele>928.8</ele></trkpt>
      <trkpt lat="-21.043412" lon="55.420954"><ele>925.0</ele></trkpt>
      <trkpt lat="-21.043277" lon="55.420851"><ele>921.6</ele></trkpt>
      <trkpt lat="-21.043155" lon="55.420612"><ele>916.8</ele></trkpt>
      <trkpt lat="-21.042419" lon="55.419779"><ele>907.0</ele></trkpt>
      <trkpt lat="-21.041926" lon="55.419479"><ele>901.8</ele></trkpt>
      <trkpt lat="-21.041635" lon="55.419435"><ele>898.8</ele></trkpt>
      <trkpt lat="-21.041507" lon="55.419489"><ele>898.0</ele></trkpt>
      <trkpt lat="-21.041401" lon="55.419292"><ele>895.4</ele></trkpt>
      <trkpt lat="-21.041195" lon="55.419238"><ele>888.8</ele></trkpt>
      <trkpt lat="-21.041139" lon="55.419072"><ele>886.4</ele></trkpt>
      <trkpt lat="-21.040881" lon="55.419081"><ele>883.4</ele></trkpt>
      <trkpt lat="-21.040933" lon="55.418909"><ele>884.8</ele></trkpt>
      <trkpt lat="-21.040629" lon="55.418634"><ele>889.8</ele></trkpt>
      <trkpt lat="-21.040453" lon="55.418660"><ele>886.2</ele></trkpt>
      <trkpt lat="-21.040212" lon="55.418387"><ele>888.0</ele></trkpt>
      <trkpt lat="-21.039561" lon="55.418035"><ele>885.4</ele></trkpt>
      <trkpt lat="-21.039689" lon="55.417980"><ele>881.6</ele></trkpt>
      <trkpt lat="-21.039689" lon="55.417688"><ele>874.8</ele></trkpt>
      <trkpt lat="-21.039561" lon="55.417666"><ele>873.6</ele></trkpt>
      <trkpt lat="-21.039468" lon="55.417541"><ele>871.6</ele></trkpt>
      <trkpt lat="-21.039367" lon="55.417295"><ele>871.4</ele></trkpt>
      <trkpt lat="-21.039145" lon="55.417050"><ele>869.2</ele></trkpt>
      <trkpt lat="-21.039085" lon="55.416830"><ele>867.6</ele></trkpt>
      <trkpt lat="-21.038882" lon="55.416669"><ele>862.6</ele></trkpt>
      <trkpt lat="-21.038696" lon="55.416325"><ele>853.4</ele></trkpt>
      <trkpt lat="-21.038514" lon="55.415765"><ele>842.4</ele></trkpt>
      <trkpt lat="-21.038599" lon="55.415587"><ele>838.0</ele></trkpt>
      <trkpt lat="-21.038589" lon="55.415379"><ele>833.8</ele></trkpt>
      <trkpt lat="-21.038394" lon="55.415196"><ele>822.0</ele></trkpt>
      <trkpt lat="-21.038442" lon="55.414361"><ele>802.4</ele></trkpt>
      <trkpt lat="-21.038346" lon="55.414038"><ele>799.8</ele></trkpt>
      <trkpt lat="-21.038309" lon="55.413435"><ele>800.2</ele></trkpt>
      <trkpt lat="-21.038422" lon="55.413141"><ele>790.6</ele></trkpt>
      <trkpt lat="-21.038242" lon="55.413202"><ele>784.2</ele></trkpt>
      <trkpt lat="-21.038130" lon="55.413154"><ele>778.2</ele></trkpt>
      <trkpt lat="-21.038199" lon="55.413107"><ele>772.4</ele></trkpt>
      <trkpt lat="-21.038255" lon="55.412258"><ele>747.2</ele></trkpt>
      <trkpt lat="-21.038164" lon="55.412187"><ele>739.6</ele></trkpt>
      <trkpt lat="-21.038179" lon="55.411986"><ele>734.4</ele></trkpt>
      <trkpt lat="-21.038087" lon="55.412032"><ele>730.4</ele></trkpt>
      <trkpt lat="-21.038145" lon="55.411839"><ele>724.6</ele></trkpt>
      <trkpt lat="-21.038818" lon="55.411310"><ele>693.2</ele></trkpt>
      <trkpt lat="-21.038798" lon="55.411185"><ele>687.6</ele></trkpt>
      <trkpt lat="-21.038977" lon="55.411055"><ele>679.0</ele></trkpt>
      <trkpt lat="-21.038719" lon="55.410612"><ele>670.4</ele></trkpt>
      <trkpt lat="-21.038429" lon="55.410452"><ele>669.0</ele></trkpt>
      <trkpt lat="-21.038465" lon="55.409784"><ele>663.8</ele></trkpt>
      <trkpt lat="-21.038636" lon="55.409944"><ele>663.6</ele></trkpt>
      <trkpt lat="-21.038849" lon="55.409947"><ele>665.6</ele></trkpt>
      <trkpt lat="-21.038782" lon="55.409744"><ele>664.2</ele></trkpt>
      <trkpt lat="-21.038860" lon="55.409848"><ele>664.4</ele></trkpt>
      <trkpt lat="-21.038812" lon="55.409856"><ele>664.4</ele></trkpt>
      <trkpt lat="-21.038921" lon="55.409837"><ele>663.8</ele></trkpt>
      <trkpt lat="-21.038745" lon="55.409838"><ele>662.4</ele></trkpt>
      <trkpt lat="-21.038860" lon="55.409849"><ele>662.6</ele></trkpt>
      <trkpt lat="-21.038784" lon="55.409794"><ele>662.6</ele></trkpt>
      <trkpt lat="-21.038844" lon="55.409720"><ele>662.4</ele></trkpt>
      <trkpt lat="-21.038794" lon="55.409776"><ele>662.8</ele></trkpt>
      <trkpt lat="-21.038846" lon="55.409820"><ele>662.8</ele></trkpt>
      <trkpt lat="-21.038795" lon="55.409816"><ele>662.8</ele></trkpt>
      <trkpt lat="-21.038838" lon="55.409758"><ele>663.0</ele></trkpt>
      <trkpt lat="-21.038786" lon="55.409797"><ele>663.4</ele></trkpt>
      <trkpt lat="-21.038823" lon="55.409747"><ele>663.6</ele></trkpt>
      <trkpt lat="-21.038839" lon="55.409806"><ele>663.6</ele></trkpt>
      <trkpt lat="-21.038756" lon="55.409776"><ele>664.0</ele></trkpt>
      <trkpt lat="-21.038849" lon="55.409797"><ele>663.6</ele></trkpt>
      <trkpt lat="-21.038850" lon="55.409726"><ele>663.8</ele></trkpt>
      <trkpt lat="-21.038805" lon="55.409888"><ele>665.0</ele></trkpt>
      <trkpt lat="-21.038883" lon="55.409864"><ele>664.2</ele></trkpt>
      <trkpt lat="-21.038763" lon="55.409828"><ele>664.0</ele></trkpt>
      <trkpt lat="-21.038875" lon="55.409804"><ele>663.2</ele></trkpt>
      <trkpt lat="-21.038855" lon="55.409883"><ele>662.8</ele></trkpt>
      <trkpt lat="-21.038882" lon="55.409765"><ele>663.2</ele></trkpt>
      <trkpt lat="-21.038904" lon="55.409891"><ele>663.4</ele></trkpt>
      <trkpt lat="-21.038842" lon="55.409839"><ele>663.2</ele></trkpt>
      <trkpt lat="-21.038891" lon="55.409889"><ele>663.2</ele></trkpt>
      <trkpt lat="-21.038921" lon="55.409807"><ele>663.0</ele></trkpt>
      <trkpt lat="-21.038871" lon="55.409874"><ele>663.0</ele></trkpt>
      <trkpt lat="-21.038817" lon="55.409816"><ele>663.4</ele></trkpt>
      <trkpt lat="-21.038909" lon="55.409886"><ele>662.8</ele></trkpt>
      <trkpt lat="-21.038883" lon="55.409941"><ele>662.6</ele></trkpt>
      <trkpt lat="-21.038949" lon="55.409865"><ele>662.8</ele></trkpt>
      <trkpt lat="-21.038834" lon="55.409832"><ele>662.8</ele></trkpt>
      <trkpt lat="-21.038852" lon="55.409763"><ele>662.4</ele></trkpt>
      <trkpt lat="-21.038927" lon="55.409809"><ele>662.4</ele></trkpt>
      <trkpt lat="-21.038826" lon="55.409770"><ele>662.4</ele></trkpt>
      <trkpt lat="-21.038798" lon="55.409842"><ele>662.6</ele></trkpt>
      <trkpt lat="-21.038887" lon="55.409872"><ele>663.0</ele></trkpt>
      <trkpt lat="-21.038804" lon="55.409883"><ele>663.4</ele></trkpt>
      <trkpt lat="-21.038819" lon="55.409731"><ele>663.2</ele></trkpt>
      <trkpt lat="-21.038844" lon="55.409811"><ele>663.2</ele></trkpt>
      <trkpt lat="-21.038780" lon="55.409864"><ele>663.2</ele></trkpt>
      <trkpt lat="-21.038842" lon="55.409936"><ele>664.6</ele></trkpt>
      <trkpt lat="-21.038859" lon="55.409889"><ele>665.0</ele></trkpt>
      <trkpt lat="-21.039059" lon="55.410035"><ele>668.0</ele></trkpt>
      <trkpt lat="-21.039408" lon="55.410048"><ele>674.6</ele></trkpt>
      <trkpt lat="-21.039879" lon="55.409926"><ele>683.0</ele></trkpt>
      <trkpt lat="-21.040254" lon="55.409668"><ele>683.6</ele></trkpt>
      <trkpt lat="-21.040424" lon="55.409859"><ele>684.8</ele></trkpt>
      <trkpt lat="-21.040728" lon="55.409943"><ele>688.4</ele></trkpt>
      <trkpt lat="-21.041258" lon="55.409538"><ele>692.2</ele></trkpt>
      <trkpt lat="-21.041304" lon="55.409689"><ele>696.2</ele></trkpt>
      <trkpt lat="-21.041544" lon="55.409959"><ele>705.6</ele></trkpt>
      <trkpt lat="-21.041708" lon="55.410007"><ele>709.6</ele></trkpt>
      <trkpt lat="-21.041660" lon="55.410259"><ele>716.0</ele></trkpt>
      <trkpt lat="-21.041830" lon="55.410400"><ele>722.6</ele></trkpt>
      <trkpt lat="-21.041711" lon="55.410525"><ele>727.8</ele></trkpt>
      <trkpt lat="-21.041699" lon="55.410628"><ele>730.4</ele></trkpt>
      <trkpt lat="-21.041759" lon="55.410599"><ele>733.2</ele></trkpt>
      <trkpt lat="-21.041772" lon="55.410657"><ele>734.8</ele></trkpt>
      <trkpt lat="-21.041633" lon="55.410987"><ele>740.8</ele></trkpt>
      <trkpt lat="-21.041747" lon="55.410836"><ele>745.2</ele></trkpt>
      <trkpt lat="-21.041894" lon="55.410820"><ele>748.2</ele></trkpt>
      <trkpt lat="-21.041860" lon="55.410981"><ele>751.2</ele></trkpt>
      <trkpt lat="-21.042066" lon="55.410990"><ele>757.6</ele></trkpt>
      <trkpt lat="-21.042235" lon="55.411091"><ele>761.0</ele></trkpt>
      <trkpt lat="-21.042441" lon="55.410850"><ele>763.8</ele></trkpt>
      <trkpt lat="-21.042794" lon="55.410871"><ele>770.8</ele></trkpt>
      <trkpt lat="-21.043078" lon="55.410781"><ele>769.2</ele></trkpt>
      <trkpt lat="-21.043496" lon="55.411095"><ele>787.4</ele></trkpt>
      <trkpt lat="-21.043673" lon="55.411146"><ele>792.0</ele></trkpt>
      <trkpt lat="-21.043838" lon="55.410983"><ele>800.6</ele></trkpt>
      <trkpt lat="-21.043800" lon="55.410825"><ele>807.6</ele></trkpt>
      <trkpt lat="-21.043963" lon="55.410725"><ele>813.2</ele></trkpt>
      <trkpt lat="-21.044178" lon="55.410706"><ele>819.0</ele></trkpt>
      <trkpt lat="-21.044240" lon="55.410821"><ele>828.2</ele></trkpt>
      <trkpt lat="-21.044808" lon="55.410572"><ele>839.0</ele></trkpt>
      <trkpt lat="-21.044895" lon="55.410772"><ele>848.6</ele></trkpt>
      <trkpt lat="-21.045224" lon="55.410645"><ele>863.4</ele></trkpt>
      <trkpt lat="-21.045302" lon="55.410721"><ele>867.8</ele></trkpt>
      <trkpt lat="-21.045403" lon="55.410636"><ele>872.6</ele></trkpt>
      <trkpt lat="-21.045572" lon="55.410835"><ele>881.4</ele></trkpt>
      <trkpt lat="-21.045737" lon="55.410850"><ele>885.6</ele></trkpt>
      <trkpt lat="-21.045911" lon="55.410675"><ele>894.2</ele></trkpt>
      <trkpt lat="-21.046461" lon="55.410782"><ele>901.8</ele></trkpt>
      <trkpt lat="-21.046573" lon="55.410938"><ele>906.4</ele></trkpt>
      <trkpt lat="-21.046968" lon="55.411080"><ele>912.4</ele></trkpt>
      <trkpt lat="-21.047110" lon="55.411286"><ele>913.8</ele></trkpt>
      <trkpt lat="-21.047879" lon="55.411523"><ele>932.2</ele></trkpt>
      <trkpt lat="-21.048244" lon="55.411482"><ele>938.2</ele></trkpt>
      <trkpt lat="-21.048362" lon="55.411606"><ele>940.4</ele></trkpt>
      <trkpt lat="-21.048697" lon="55.411540"><ele>951.6</ele></trkpt>
      <trkpt lat="-21.048780" lon="55.411602"><ele>954.2</ele></trkpt>
      <trkpt lat="-21.049607" lon="55.411450"><ele>978.6</ele></trkpt>
      <trkpt lat="-21.050000" lon="55.411647"><ele>986.0</ele></trkpt>
      <trkpt lat="-21.050034" lon="55.411533"><ele>989.0</ele></trkpt>
      <trkpt lat="-21.050168" lon="55.411534"><ele>994.0</ele></trkpt>
      <trkpt lat="-21.050316" lon="55.411083"><ele>1008.6</ele></trkpt>
      <trkpt lat="-21.050502" lon="55.411202"><ele>1007.8</ele></trkpt>
      <trkpt lat="-21.050449" lon="55.410958"><ele>1002.6</ele></trkpt>
      <trkpt lat="-21.050508" lon="55.411069"><ele>998.6</ele></trkpt>
      <trkpt lat="-21.050591" lon="55.411085"><ele>997.2</ele></trkpt>
      <trkpt lat="-21.050600" lon="55.411024"><ele>994.0</ele></trkpt>
      <trkpt lat="-21.050746" lon="55.411181"><ele>987.8</ele></trkpt>
      <trkpt lat="-21.050709" lon="55.411031"><ele>983.2</ele></trkpt>
      <trkpt lat="-21.050850" lon="55.411145"><ele>971.2</ele></trkpt>
      <trkpt lat="-21.050879" lon="55.410950"><ele>960.8</ele></trkpt>
      <trkpt lat="-21.051005" lon="55.411050"><ele>953.8</ele></trkpt>
      <trkpt lat="-21.050988" lon="55.410950"><ele>950.2</ele></trkpt>
      <trkpt lat="-21.051373" lon="55.411240"><ele>930.4</ele></trkpt>
      <trkpt lat="-21.051385" lon="55.410922"><ele>920.0</ele></trkpt>
      <trkpt lat="-21.051581" lon="55.411023"><ele>912.8</ele></trkpt>
      <trkpt lat="-21.051606" lon="55.410746"><ele>905.0</ele></trkpt>
      <trkpt lat="-21.051522" lon="55.410703"><ele>898.4</ele></trkpt>
      <trkpt lat="-21.051458" lon="55.410360"><ele>889.4</ele></trkpt>
      <trkpt lat="-21.051648" lon="55.410129"><ele>875.4</ele></trkpt>
      <trkpt lat="-21.051766" lon="55.410157"><ele>863.4</ele></trkpt>
      <trkpt lat="-21.051715" lon="55.409848"><ele>853.0</ele></trkpt>
      <trkpt lat="-21.051815" lon="55.409944"><ele>848.6</ele></trkpt>
      <trkpt lat="-21.051903" lon="55.409819"><ele>841.8</ele></trkpt>
      <trkpt lat="-21.051984" lon="55.409873"><ele>836.2</ele></trkpt>
      <trkpt lat="-21.051948" lon="55.409687"><ele>825.0</ele></trkpt>
      <trkpt lat="-21.052095" lon="55.409532"><ele>812.2</ele></trkpt>
      <trkpt lat="-21.052009" lon="55.409511"><ele>808.0</ele></trkpt>
      <trkpt lat="-21.052031" lon="55.409451"><ele>800.4</ele></trkpt>
      <trkpt lat="-21.052200" lon="55.409436"><ele>795.6</ele></trkpt>
      <trkpt lat="-21.052379" lon="55.409752"><ele>778.8</ele></trkpt>
      <trkpt lat="-21.052470" lon="55.409771"><ele>773.0</ele></trkpt>
      <trkpt lat="-21.052598" lon="55.409697"><ele>765.4</ele></trkpt>
      <trkpt lat="-21.052645" lon="55.409743"><ele>761.4</ele></trkpt>
      <trkpt lat="-21.052718" lon="55.409623"><ele>754.6</ele></trkpt>
      <trkpt lat="-21.052881" lon="55.409569"><ele>749.0</ele></trkpt>
      <trkpt lat="-21.052935" lon="55.409702"><ele>742.2</ele></trkpt>
      <trkpt lat="-21.053094" lon="55.409596"><ele>733.6</ele></trkpt>
      <trkpt lat="-21.053197" lon="55.409658"><ele>725.4</ele></trkpt>
      <trkpt lat="-21.053425" lon="55.409594"><ele>713.2</ele></trkpt>
      <trkpt lat="-21.053447" lon="55.409479"><ele>707.4</ele></trkpt>
      <trkpt lat="-21.053622" lon="55.409458"><ele>698.4</ele></trkpt>
      <trkpt lat="-21.053689" lon="55.409329"><ele>694.8</ele></trkpt>
      <trkpt lat="-21.053752" lon="55.409433"><ele>689.8</ele></trkpt>
      <trkpt lat="-21.053866" lon="55.409329"><ele>684.6</ele></trkpt>
      <trkpt lat="-21.053962" lon="55.409527"><ele>679.0</ele></trkpt>
      <trkpt lat="-21.054121" lon="55.409536"><ele>676.6</ele></trkpt>
      <trkpt lat="-21.054444" lon="55.409831"><ele>668.8</ele></trkpt>
      <trkpt lat="-21.054554" lon="55.409657"><ele>660.8</ele></trkpt>
      <trkpt lat="-21.054645" lon="55.409676"><ele>657.8</ele></trkpt>
      <trkpt lat="-21.054621" lon="55.410011"><ele>655.2</ele></trkpt>
      <trkpt lat="-21.055137" lon="55.410230"><ele>646.6</ele></trkpt>
      <trkpt lat="-21.055903" lon="55.409976"><ele>631.6</ele></trkpt>
      <trkpt lat="-21.056149" lon="55.409943"><ele>627.0</ele></trkpt>
      <trkpt lat="-21.056376" lon="55.409994"><ele>623.4</ele></trkpt>
      <trkpt lat="-21.056342" lon="55.410034"><ele>623.0</ele></trkpt>
      <trkpt lat="-21.056472" lon="55.409884"><ele>621.4</ele></trkpt>
      <trkpt lat="-21.056454" lon="55.409708"><ele>619.8</ele></trkpt>
      <trkpt lat="-21.056385" lon="55.409351"><ele>616.0</ele></trkpt>
      <trkpt lat="-21.056217" lon="55.409201"><ele>611.8</ele></trkpt>
      <trkpt lat="-21.056285" lon="55.408951"><ele>611.0</ele></trkpt>
      <trkpt lat="-21.056149" lon="55.408477"><ele>605.6</ele></trkpt>
      <trkpt lat="-21.056161" lon="55.408307"><ele>606.2</ele></trkpt>
      <trkpt lat="-21.056314" lon="55.408103"><ele>605.0</ele></trkpt>
      <trkpt lat="-21.056128" lon="55.407742"><ele>604.2</ele></trkpt>
      <trkpt lat="-21.056084" lon="55.407465"><ele>600.0</ele></trkpt>
      <trkpt lat="-21.056207" lon="55.407053"><ele>593.2</ele></trkpt>
      <trkpt lat="-21.056513" lon="55.406893"><ele>585.8</ele></trkpt>
      <trkpt lat="-21.056509" lon="55.407038"><ele>580.6</ele></trkpt>
      <trkpt lat="-21.056645" lon="55.407095"><ele>577.4</ele></trkpt>
      <trkpt lat="-21.056618" lon="55.406882"><ele>566.8</ele></trkpt>
      <trkpt lat="-21.056663" lon="55.406936"><ele>562.4</ele></trkpt>
      <trkpt lat="-21.056731" lon="55.406845"><ele>558.6</ele></trkpt>
      <trkpt lat="-21.056769" lon="55.406402"><ele>546.0</ele></trkpt>
      <trkpt lat="-21.056768" lon="55.406467"><ele>546.0</ele></trkpt>
      <trkpt lat="-21.056662" lon="55.406462"><ele>545.8</ele></trkpt>
      <trkpt lat="-21.056668" lon="55.406366"><ele>546.0</ele></trkpt>
      <trkpt lat="-21.056419" lon="55.406419"><ele>545.4</ele></trkpt>
      <trkpt lat="-21.056729" lon="55.406429"><ele>545.8</ele></trkpt>
      <trkpt lat="-21.056630" lon="55.406385"><ele>545.8</ele></trkpt>
      <trkpt lat="-21.056533" lon="55.406491"><ele>545.6</ele></trkpt>
      <trkpt lat="-21.056601" lon="55.406486"><ele>548.8</ele></trkpt>
      <trkpt lat="-21.056533" lon="55.406561"><ele>553.2</ele></trkpt>
      <trkpt lat="-21.056540" lon="55.406765"><ele>554.6</ele></trkpt>
      <trkpt lat="-21.056822" lon="55.405210"><ele>605.2</ele></trkpt>
      <trkpt lat="-21.056555" lon="55.405268"><ele>606.2</ele></trkpt>
      <trkpt lat="-21.056506" lon="55.405345"><ele>607.4</ele></trkpt>
      <trkpt lat="-21.056470" lon="55.405263"><ele>614.0</ele></trkpt>
      <trkpt lat="-21.056379" lon="55.405333"><ele>613.4</ele></trkpt>
      <trkpt lat="-21.056102" lon="55.405319"><ele>607.2</ele></trkpt>
      <trkpt lat="-21.055915" lon="55.405495"><ele>613.8</ele></trkpt>
      <trkpt lat="-21.055886" lon="55.405331"><ele>626.2</ele></trkpt>
      <trkpt lat="-21.056037" lon="55.405097"><ele>640.2</ele></trkpt>
      <trkpt lat="-21.056092" lon="55.405153"><ele>644.6</ele></trkpt>
      <trkpt lat="-21.056185" lon="55.404985"><ele>656.6</ele></trkpt>
      <trkpt lat="-21.056219" lon="55.405033"><ele>658.6</ele></trkpt>
      <trkpt lat="-21.056244" lon="55.404947"><ele>662.4</ele></trkpt>
      <trkpt lat="-21.056313" lon="55.404965"><ele>665.6</ele></trkpt>
      <trkpt lat="-21.056245" lon="55.404905"><ele>668.8</ele></trkpt>
      <trkpt lat="-21.056366" lon="55.404867"><ele>675.6</ele></trkpt>
      <trkpt lat="-21.056340" lon="55.404777"><ele>679.8</ele></trkpt>
      <trkpt lat="-21.056402" lon="55.404808"><ele>682.0</ele></trkpt>
      <trkpt lat="-21.056569" lon="55.404620"><ele>690.0</ele></trkpt>
      <trkpt lat="-21.056604" lon="55.404396"><ele>696.6</ele></trkpt>
      <trkpt lat="-21.056727" lon="55.404460"><ele>701.6</ele></trkpt>
      <trkpt lat="-21.056710" lon="55.404289"><ele>705.4</ele></trkpt>
      <trkpt lat="-21.056822" lon="55.404447"><ele>710.2</ele></trkpt>
      <trkpt lat="-21.056886" lon="55.404351"><ele>713.6</ele></trkpt>
      <trkpt lat="-21.056829" lon="55.404122"><ele>722.2</ele></trkpt>
      <trkpt lat="-21.056649" lon="55.404033"><ele>724.2</ele></trkpt>
      <trkpt lat="-21.056525" lon="55.404088"><ele>727.6</ele></trkpt>
      <trkpt lat="-21.056361" lon="55.404034"><ele>725.0</ele></trkpt>
      <trkpt lat="-21.056440" lon="55.403918"><ele>719.8</ele></trkpt>
      <trkpt lat="-21.056565" lon="55.403075"><ele>665.6</ele></trkpt>
      <trkpt lat="-21.056801" lon="55.403026"><ele>666.2</ele></trkpt>
      <trkpt lat="-21.056829" lon="55.402950"><ele>667.0</ele></trkpt>
      <trkpt lat="-21.056708" lon="55.402911"><ele>666.0</ele></trkpt>
      <trkpt lat="-21.056792" lon="55.403044"><ele>665.8</ele></trkpt>
      <trkpt lat="-21.056834" lon="55.402955"><ele>665.6</ele></trkpt>
      <trkpt lat="-21.056753" lon="55.402965"><ele>665.4</ele></trkpt>
      <trkpt lat="-21.056867" lon="55.403029"><ele>665.0</ele></trkpt>
      <trkpt lat="-21.056760" lon="55.403030"><ele>665.0</ele></trkpt>
      <trkpt lat="-21.056822" lon="55.402925"><ele>664.8</ele></trkpt>
      <trkpt lat="-21.056879" lon="55.403140"><ele>664.8</ele></trkpt>
      <trkpt lat="-21.056758" lon="55.402992"><ele>664.4</ele></trkpt>
      <trkpt lat="-21.056819" lon="55.402910"><ele>665.8</ele></trkpt>
      <trkpt lat="-21.056840" lon="55.402998"><ele>666.8</ele></trkpt>
      <trkpt lat="-21.056951" lon="55.402859"><ele>670.8</ele></trkpt>
      <trkpt lat="-21.056890" lon="55.402643"><ele>675.2</ele></trkpt>
      <trkpt lat="-21.057575" lon="55.402226"><ele>693.0</ele></trkpt>
      <trkpt lat="-21.058047" lon="55.402470"><ele>700.6</ele></trkpt>
      <trkpt lat="-21.058221" lon="55.402799"><ele>705.0</ele></trkpt>
      <trkpt lat="-21.058291" lon="55.403402"><ele>722.8</ele></trkpt>
      <trkpt lat="-21.058710" lon="55.403510"><ele>742.2</ele></trkpt>
      <trkpt lat="-21.058713" lon="55.403423"><ele>745.6</ele></trkpt>
      <trkpt lat="-21.058846" lon="55.403436"><ele>750.4</ele></trkpt>
      <trkpt lat="-21.058893" lon="55.403353"><ele>753.4</ele></trkpt>
      <trkpt lat="-21.059166" lon="55.403559"><ele>764.0</ele></trkpt>
      <trkpt lat="-21.059360" lon="55.403557"><ele>757.4</ele></trkpt>
      <trkpt lat="-21.059666" lon="55.403767"><ele>760.8</ele></trkpt>
      <trkpt lat="-21.059679" lon="55.403826"><ele>762.4</ele></trkpt>
      <trkpt lat="-21.059602" lon="55.403790"><ele>767.2</ele></trkpt>
      <trkpt lat="-21.059566" lon="55.403997"><ele>772.6</ele></trkpt>
      <trkpt lat="-21.059626" lon="55.403933"><ele>774.2</ele></trkpt>
      <trkpt lat="-21.059544" lon="55.404081"><ele>783.0</ele></trkpt>
      <trkpt lat="-21.059722" lon="55.404173"><ele>789.6</ele></trkpt>
      <trkpt lat="-21.059738" lon="55.404078"><ele>793.4</ele></trkpt>
      <trkpt lat="-21.059954" lon="55.404174"><ele>800.2</ele></trkpt>
      <trkpt lat="-21.060198" lon="55.404118"><ele>807.0</ele></trkpt>
      <trkpt lat="-21.060151" lon="55.404268"><ele>812.4</ele></trkpt>
      <trkpt lat="-21.060244" lon="55.404299"><ele>826.4</ele></trkpt>
      <trkpt lat="-21.060231" lon="55.404403"><ele>829.6</ele></trkpt>
      <trkpt lat="-21.060357" lon="55.404417"><ele>836.4</ele></trkpt>
      <trkpt lat="-21.060296" lon="55.404392"><ele>837.8</ele></trkpt>
      <trkpt lat="-21.060338" lon="55.404479"><ele>841.4</ele></trkpt>
      <trkpt lat="-21.060471" lon="55.404401"><ele>844.4</ele></trkpt>
      <trkpt lat="-21.060814" lon="55.404646"><ele>848.0</ele></trkpt>
      <trkpt lat="-21.061237" lon="55.404531"><ele>867.2</ele></trkpt>
      <trkpt lat="-21.061232" lon="55.404328"><ele>872.8</ele></trkpt>
      <trkpt lat="-21.061428" lon="55.404312"><ele>870.4</ele></trkpt>
      <trkpt lat="-21.061446" lon="55.404190"><ele>875.0</ele></trkpt>
      <trkpt lat="-21.061582" lon="55.404399"><ele>881.8</ele></trkpt>
      <trkpt lat="-21.061404" lon="55.404390"><ele>888.0</ele></trkpt>
      <trkpt lat="-21.061545" lon="55.404577"><ele>893.6</ele></trkpt>
      <trkpt lat="-21.061728" lon="55.404540"><ele>899.8</ele></trkpt>
      <trkpt lat="-21.061712" lon="55.404493"><ele>899.8</ele></trkpt>
      <trkpt lat="-21.061754" lon="55.404555"><ele>899.8</ele></trkpt>
      <trkpt lat="-21.061739" lon="55.404384"><ele>899.6</ele></trkpt>
      <trkpt lat="-21.061696" lon="55.404480"><ele>899.2</ele></trkpt>
      <trkpt lat="-21.061775" lon="55.404578"><ele>904.6</ele></trkpt>
      <trkpt lat="-21.061721" lon="55.404739"><ele>912.2</ele></trkpt>
      <trkpt lat="-21.061832" lon="55.404726"><ele>917.4</ele></trkpt>
      <trkpt lat="-21.061872" lon="55.404933"><ele>908.2</ele></trkpt>
      <trkpt lat="-21.062090" lon="55.405203"><ele>915.8</ele></trkpt>
      <trkpt lat="-21.062276" lon="55.405258"><ele>920.4</ele></trkpt>
      <trkpt lat="-21.062182" lon="55.405360"><ele>924.6</ele></trkpt>
      <trkpt lat="-21.061989" lon="55.405273"><ele>927.4</ele></trkpt>
      <trkpt lat="-21.061794" lon="55.405338"><ele>930.8</ele></trkpt>
      <trkpt lat="-21.062023" lon="55.405533"><ele>938.8</ele></trkpt>
      <trkpt lat="-21.061974" lon="55.405772"><ele>947.0</ele></trkpt>
      <trkpt lat="-21.062329" lon="55.405655"><ele>954.6</ele></trkpt>
      <trkpt lat="-21.062103" lon="55.406024"><ele>964.8</ele></trkpt>
      <trkpt lat="-21.062135" lon="55.406071"><ele>966.6</ele></trkpt>
      <trkpt lat="-21.062653" lon="55.405948"><ele>981.6</ele></trkpt>
      <trkpt lat="-21.063255" lon="55.406233"><ele>999.8</ele></trkpt>
      <trkpt lat="-21.063439" lon="55.406189"><ele>1005.0</ele></trkpt>
      <trkpt lat="-21.063359" lon="55.406345"><ele>1009.4</ele></trkpt>
      <trkpt lat="-21.063408" lon="55.406404"><ele>1010.8</ele></trkpt>
      <trkpt lat="-21.063564" lon="55.406332"><ele>1013.6</ele></trkpt>
      <trkpt lat="-21.063579" lon="55.406633"><ele>1031.4</ele></trkpt>
      <trkpt lat="-21.063425" lon="55.406576"><ele>1032.0</ele></trkpt>
      <trkpt lat="-21.063018" lon="55.406764"><ele>1050.8</ele></trkpt>
      <trkpt lat="-21.062914" lon="55.407383"><ele>1072.4</ele></trkpt>
      <trkpt lat="-21.063094" lon="55.407690"><ele>1081.8</ele></trkpt>
      <trkpt lat="-21.063325" lon="55.407841"><ele>1086.0</ele></trkpt>
      <trkpt lat="-21.063496" lon="55.408447"><ele>1098.8</ele></trkpt>
      <trkpt lat="-21.063523" lon="55.408727"><ele>1104.2</ele></trkpt>
      <trkpt lat="-21.063388" lon="55.409279"><ele>1110.2</ele></trkpt>
      <trkpt lat="-21.063135" lon="55.409622"><ele>1116.6</ele></trkpt>
      <trkpt lat="-21.063212" lon="55.409828"><ele>1123.4</ele></trkpt>
      <trkpt lat="-21.063303" lon="55.409730"><ele>1126.6</ele></trkpt>
      <trkpt lat="-21.063396" lon="55.409832"><ele>1130.0</ele></trkpt>
      <trkpt lat="-21.063527" lon="55.409701"><ele>1133.8</ele></trkpt>
      <trkpt lat="-21.063548" lon="55.409825"><ele>1136.8</ele></trkpt>
      <trkpt lat="-21.063720" lon="55.409550"><ele>1144.6</ele></trkpt>
      <trkpt lat="-21.063812" lon="55.409626"><ele>1150.0</ele></trkpt>
      <trkpt lat="-21.063927" lon="55.409419"><ele>1156.0</ele></trkpt>
      <trkpt lat="-21.063981" lon="55.409670"><ele>1162.2</ele></trkpt>
      <trkpt lat="-21.064103" lon="55.409693"><ele>1166.2</ele></trkpt>
      <trkpt lat="-21.064129" lon="55.409617"><ele>1169.0</ele></trkpt>
      <trkpt lat="-21.064257" lon="55.409593"><ele>1174.4</ele></trkpt>
      <trkpt lat="-21.064217" lon="55.409428"><ele>1180.2</ele></trkpt>
      <trkpt lat="-21.064518" lon="55.409210"><ele>1191.6</ele></trkpt>
      <trkpt lat="-21.064741" lon="55.409186"><ele>1195.4</ele></trkpt>
      <trkpt lat="-21.064993" lon="55.409268"><ele>1199.4</ele></trkpt>
      <trkpt lat="-21.065354" lon="55.409203"><ele>1198.4</ele></trkpt>
      <trkpt lat="-21.065633" lon="55.409302"><ele>1198.2</ele></trkpt>
      <trkpt lat="-21.065761" lon="55.409277"><ele>1191.4</ele></trkpt>
      <trkpt lat="-21.065717" lon="55.409168"><ele>1190.0</ele></trkpt>
      <trkpt lat="-21.065771" lon="55.409153"><ele>1191.4</ele></trkpt>
      <trkpt lat="-21.066247" lon="55.409372"><ele>1200.4</ele></trkpt>
      <trkpt lat="-21.066373" lon="55.409289"><ele>1200.2</ele></trkpt>
      <trkpt lat="-21.066442" lon="55.409357"><ele>1196.2</ele></trkpt>
      <trkpt lat="-21.066502" lon="55.409251"><ele>1197.2</ele></trkpt>
      <trkpt lat="-21.066935" lon="55.409015"><ele>1184.2</ele></trkpt>
      <trkpt lat="-21.066945" lon="55.409068"><ele>1181.6</ele></trkpt>
      <trkpt lat="-21.067176" lon="55.408902"><ele>1184.0</ele></trkpt>
      <trkpt lat="-21.067436" lon="55.408874"><ele>1183.8</ele></trkpt>
      <trkpt lat="-21.067593" lon="55.408746"><ele>1180.4</ele></trkpt>
      <trkpt lat="-21.067778" lon="55.408719"><ele>1179.2</ele></trkpt>
      <trkpt lat="-21.068007" lon="55.408294"><ele>1178.2</ele></trkpt>
      <trkpt lat="-21.067915" lon="55.407960"><ele>1178.0</ele></trkpt>
      <trkpt lat="-21.067968" lon="55.407845"><ele>1177.4</ele></trkpt>
      <trkpt lat="-21.068300" lon="55.407738"><ele>1180.6</ele></trkpt>
      <trkpt lat="-21.068528" lon="55.407537"><ele>1180.6</ele></trkpt>
      <trkpt lat="-21.068791" lon="55.407120"><ele>1180.2</ele></trkpt>
      <trkpt lat="-21.069220" lon="55.406977"><ele>1188.0</ele></trkpt>
      <trkpt lat="-21.069287" lon="55.406762"><ele>1190.2</ele></trkpt>
      <trkpt lat="-21.070183" lon="55.405718"><ele>1197.2</ele></trkpt>
      <trkpt lat="-21.070636" lon="55.405384"><ele>1203.6</ele></trkpt>
      <trkpt lat="-21.070737" lon="55.405210"><ele>1209.2</ele></trkpt>
      <trkpt lat="-21.071063" lon="55.405071"><ele>1215.0</ele></trkpt>
      <trkpt lat="-21.071163" lon="55.404687"><ele>1218.6</ele></trkpt>
      <trkpt lat="-21.071520" lon="55.404331"><ele>1236.8</ele></trkpt>
      <trkpt lat="-21.071510" lon="55.404075"><ele>1239.2</ele></trkpt>
      <trkpt lat="-21.071654" lon="55.403867"><ele>1244.4</ele></trkpt>
      <trkpt lat="-21.071598" lon="55.403757"><ele>1247.4</ele></trkpt>
      <trkpt lat="-21.071804" lon="55.403709"><ele>1255.4</ele></trkpt>
      <trkpt lat="-21.072068" lon="55.403284"><ele>1264.2</ele></trkpt>
      <trkpt lat="-21.072170" lon="55.402876"><ele>1272.6</ele></trkpt>
      <trkpt lat="-21.072043" lon="55.402466"><ele>1283.2</ele></trkpt>
      <trkpt lat="-21.072076" lon="55.402316"><ele>1282.4</ele></trkpt>
      <trkpt lat="-21.072324" lon="55.402106"><ele>1287.4</ele></trkpt>
      <trkpt lat="-21.072232" lon="55.401692"><ele>1284.6</ele></trkpt>
      <trkpt lat="-21.072416" lon="55.401497"><ele>1288.4</ele></trkpt>
      <trkpt lat="-21.072451" lon="55.401348"><ele>1285.8</ele></trkpt>
      <trkpt lat="-21.072653" lon="55.401239"><ele>1281.8</ele></trkpt>
      <trkpt lat="-21.073002" lon="55.401332"><ele>1284.2</ele></trkpt>
      <trkpt lat="-21.073252" lon="55.401191"><ele>1285.8</ele></trkpt>
      <trkpt lat="-21.073646" lon="55.401248"><ele>1287.6</ele></trkpt>
      <trkpt lat="-21.073861" lon="55.400957"><ele>1288.8</ele></trkpt>
      <trkpt lat="-21.073980" lon="55.401011"><ele>1289.0</ele></trkpt>
      <trkpt lat="-21.073918" lon="55.400963"><ele>1289.8</ele></trkpt>
      <trkpt lat="-21.073890" lon="55.401034"><ele>1289.0</ele></trkpt>
      <trkpt lat="-21.073985" lon="55.400895"><ele>1289.2</ele></trkpt>
      <trkpt lat="-21.073913" lon="55.400833"><ele>1290.4</ele></trkpt>
      <trkpt lat="-21.073946" lon="55.400928"><ele>1289.4</ele></trkpt>
      <trkpt lat="-21.073986" lon="55.400876"><ele>1289.4</ele></trkpt>
      <trkpt lat="-21.073892" lon="55.400801"><ele>1288.4</ele></trkpt>
      <trkpt lat="-21.073958" lon="55.400850"><ele>1286.6</ele></trkpt>
      <trkpt lat="-21.073979" lon="55.400747"><ele>1286.2</ele></trkpt>
      <trkpt lat="-21.073963" lon="55.400867"><ele>1286.2</ele></trkpt>
      <trkpt lat="-21.074056" lon="55.400711"><ele>1285.6</ele></trkpt>
      <trkpt lat="-21.073953" lon="55.400792"><ele>1285.4</ele></trkpt>
      <trkpt lat="-21.074015" lon="55.400823"><ele>1285.0</ele></trkpt>
      <trkpt lat="-21.073951" lon="55.400778"><ele>1285.0</ele></trkpt>
      <trkpt lat="-21.073959" lon="55.400902"><ele>1285.0</ele></trkpt>
      <trkpt lat="-21.073953" lon="55.400756"><ele>1283.2</ele></trkpt>
      <trkpt lat="-21.073994" lon="55.400849"><ele>1280.4</ele></trkpt>
      <trkpt lat="-21.074022" lon="55.400740"><ele>1277.4</ele></trkpt>
      <trkpt lat="-21.073943" lon="55.400772"><ele>1276.8</ele></trkpt>
      <trkpt lat="-21.074015" lon="55.400723"><ele>1276.8</ele></trkpt>
      <trkpt lat="-21.073991" lon="55.400819"><ele>1276.8</ele></trkpt>
      <trkpt lat="-21.074057" lon="55.400730"><ele>1276.6</ele></trkpt>
      <trkpt lat="-21.073964" lon="55.400726"><ele>1276.2</ele></trkpt>
      <trkpt lat="-21.073992" lon="55.400827"><ele>1276.4</ele></trkpt>
      <trkpt lat="-21.073916" lon="55.400792"><ele>1277.0</ele></trkpt>
      <trkpt lat="-21.073989" lon="55.400724"><ele>1277.4</ele></trkpt>
      <trkpt lat="-21.073956" lon="55.400819"><ele>1277.2</ele></trkpt>
      <trkpt lat="-21.073998" lon="55.400774"><ele>1277.2</ele></trkpt>
      <trkpt lat="-21.073939" lon="55.400750"><ele>1277.4</ele></trkpt>
      <trkpt lat="-21.073940" lon="55.400859"><ele>1277.4</ele></trkpt>
      <trkpt lat="-21.073898" lon="55.400822"><ele>1277.8</ele></trkpt>
      <trkpt lat="-21.073971" lon="55.400814"><ele>1278.2</ele></trkpt>
      <trkpt lat="-21.073897" lon="55.400837"><ele>1277.8</ele></trkpt>
      <trkpt lat="-21.073962" lon="55.400971"><ele>1275.8</ele></trkpt>
      <trkpt lat="-21.073881" lon="55.400939"><ele>1275.2</ele></trkpt>
      <trkpt lat="-21.073971" lon="55.400975"><ele>1275.4</ele></trkpt>
      <trkpt lat="-21.073923" lon="55.400928"><ele>1275.2</ele></trkpt>
      <trkpt lat="-21.073914" lon="55.400988"><ele>1274.8</ele></trkpt>
      <trkpt lat="-21.073957" lon="55.400894"><ele>1274.8</ele></trkpt>
      <trkpt lat="-21.073990" lon="55.400963"><ele>1274.2</ele></trkpt>
      <trkpt lat="-21.073937" lon="55.400948"><ele>1274.4</ele></trkpt>
      <trkpt lat="-21.074019" lon="55.400922"><ele>1274.8</ele></trkpt>
      <trkpt lat="-21.073880" lon="55.400906"><ele>1275.0</ele></trkpt>
      <trkpt lat="-21.073952" lon="55.400917"><ele>1275.0</ele></trkpt>
      <trkpt lat="-21.073904" lon="55.400942"><ele>1275.8</ele></trkpt>
      <trkpt lat="-21.073952" lon="55.401002"><ele>1276.0</ele></trkpt>
      <trkpt lat="-21.073979" lon="55.400924"><ele>1276.0</ele></trkpt>
      <trkpt lat="-21.074014" lon="55.400966"><ele>1276.0</ele></trkpt>
      <trkpt lat="-21.073915" lon="55.401011"><ele>1275.4</ele></trkpt>
      <trkpt lat="-21.073975" lon="55.400900"><ele>1275.4</ele></trkpt>
      <trkpt lat="-21.073757" lon="55.400886"><ele>1275.8</ele></trkpt>
      <trkpt lat="-21.073687" lon="55.400309"><ele>1279.2</ele></trkpt>
      <trkpt lat="-21.073797" lon="55.399774"><ele>1282.0</ele></trkpt>
      <trkpt lat="-21.073315" lon="55.399868"><ele>1277.0</ele></trkpt>
      <trkpt lat="-21.072421" lon="55.400200"><ele>1262.0</ele></trkpt>
      <trkpt lat="-21.071895" lon="55.400039"><ele>1252.8</ele></trkpt>
      <trkpt lat="-21.071748" lon="55.399728"><ele>1248.4</ele></trkpt>
      <trkpt lat="-21.071640" lon="55.399659"><ele>1245.2</ele></trkpt>
      <trkpt lat="-21.071682" lon="55.399472"><ele>1244.4</ele></trkpt>
      <trkpt lat="-21.071571" lon="55.399376"><ele>1239.8</ele></trkpt>
      <trkpt lat="-21.071455" lon="55.399519"><ele>1233.2</ele></trkpt>
      <trkpt lat="-21.071475" lon="55.399767"><ele>1225.0</ele></trkpt>
      <trkpt lat="-21.071348" lon="55.399889"><ele>1214.2</ele></trkpt>
      <trkpt lat="-21.071322" lon="55.400034"><ele>1208.0</ele></trkpt>
      <trkpt lat="-21.071224" lon="55.400059"><ele>1202.2</ele></trkpt>
      <trkpt lat="-21.071144" lon="55.399974"><ele>1198.2</ele></trkpt>
      <trkpt lat="-21.071169" lon="55.400267"><ele>1191.8</ele></trkpt>
      <trkpt lat="-21.070903" lon="55.400147"><ele>1181.2</ele></trkpt>
      <trkpt lat="-21.070773" lon="55.399890"><ele>1175.6</ele></trkpt>
      <trkpt lat="-21.070740" lon="55.400107"><ele>1168.8</ele></trkpt>
      <trkpt lat="-21.070514" lon="55.399943"><ele>1155.2</ele></trkpt>
      <trkpt lat="-21.070317" lon="55.400023"><ele>1145.2</ele></trkpt>
      <trkpt lat="-21.070273" lon="55.400357"><ele>1136.8</ele></trkpt>
      <trkpt lat="-21.070157" lon="55.400264"><ele>1134.6</ele></trkpt>
      <trkpt lat="-21.069935" lon="55.400304"><ele>1135.0</ele></trkpt>
      <trkpt lat="-21.069921" lon="55.400392"><ele>1131.4</ele></trkpt>
      <trkpt lat="-21.069726" lon="55.400366"><ele>1126.8</ele></trkpt>
      <trkpt lat="-21.069562" lon="55.400232"><ele>1122.4</ele></trkpt>
      <trkpt lat="-21.069501" lon="55.399967"><ele>1116.8</ele></trkpt>
      <trkpt lat="-21.068970" lon="55.399684"><ele>1106.4</ele></trkpt>
      <trkpt lat="-21.068980" lon="55.399621"><ele>1106.8</ele></trkpt>
      <trkpt lat="-21.068914" lon="55.399733"><ele>1106.4</ele></trkpt>
      <trkpt lat="-21.068975" lon="55.399606"><ele>1105.6</ele></trkpt>
      <trkpt lat="-21.069007" lon="55.399640"><ele>1105.6</ele></trkpt>
      <trkpt lat="-21.068985" lon="55.399720"><ele>1105.0</ele></trkpt>
      <trkpt lat="-21.068882" lon="55.399555"><ele>1108.0</ele></trkpt>
      <trkpt lat="-21.068888" lon="55.399110"><ele>1116.0</ele></trkpt>
      <trkpt lat="-21.068796" lon="55.398970"><ele>1116.6</ele></trkpt>
      <trkpt lat="-21.068677" lon="55.399089"><ele>1113.8</ele></trkpt>
      <trkpt lat="-21.068506" lon="55.398974"><ele>1109.4</ele></trkpt>
      <trkpt lat="-21.068019" lon="55.399078"><ele>1115.6</ele></trkpt>
      <trkpt lat="-21.067523" lon="55.398568"><ele>1119.8</ele></trkpt>
      <trkpt lat="-21.067336" lon="55.398591"><ele>1123.8</ele></trkpt>
      <trkpt lat="-21.067033" lon="55.398067"><ele>1136.6</ele></trkpt>
      <trkpt lat="-21.066650" lon="55.397838"><ele>1150.6</ele></trkpt>
      <trkpt lat="-21.066636" lon="55.397622"><ele>1158.4</ele></trkpt>
      <trkpt lat="-21.066463" lon="55.397591"><ele>1162.4</ele></trkpt>
      <trkpt lat="-21.066465" lon="55.397534"><ele>1163.6</ele></trkpt>
      <trkpt lat="-21.065890" lon="55.397729"><ele>1179.2</ele></trkpt>
      <trkpt lat="-21.065593" lon="55.397520"><ele>1188.4</ele></trkpt>
      <trkpt lat="-21.065288" lon="55.397807"><ele>1193.8</ele></trkpt>
      <trkpt lat="-21.065025" lon="55.397915"><ele>1197.4</ele></trkpt>
      <trkpt lat="-21.064528" lon="55.397955"><ele>1206.6</ele></trkpt>
      <trkpt lat="-21.064481" lon="55.397888"><ele>1208.8</ele></trkpt>
      <trkpt lat="-21.064005" lon="55.397897"><ele>1215.8</ele></trkpt>
      <trkpt lat="-21.063660" lon="55.398042"><ele>1218.6</ele></trkpt>
      <trkpt lat="-21.063538" lon="55.397989"><ele>1220.0</ele></trkpt>
      <trkpt lat="-21.063119" lon="55.398119"><ele>1232.2</ele></trkpt>
      <trkpt lat="-21.063038" lon="55.398217"><ele>1233.6</ele></trkpt>
      <trkpt lat="-21.062683" lon="55.398202"><ele>1242.4</ele></trkpt>
      <trkpt lat="-21.062474" lon="55.398047"><ele>1245.0</ele></trkpt>
      <trkpt lat="-21.062290" lon="55.397665"><ele>1247.0</ele></trkpt>
      <trkpt lat="-21.061689" lon="55.397522"><ele>1252.0</ele></trkpt>
      <trkpt lat="-21.061719" lon="55.397460"><ele>1253.8</ele></trkpt>
      <trkpt lat="-21.061600" lon="55.397232"><ele>1262.0</ele></trkpt>
      <trkpt lat="-21.061672" lon="55.397193"><ele>1264.2</ele></trkpt>
      <trkpt lat="-21.061538" lon="55.396945"><ele>1271.6</ele></trkpt>
      <trkpt lat="-21.061214" lon="55.396620"><ele>1284.6</ele></trkpt>
      <trkpt lat="-21.061174" lon="55.396364"><ele>1286.0</ele></trkpt>
      <trkpt lat="-21.060783" lon="55.395713"><ele>1294.0</ele></trkpt>
      <trkpt lat="-21.060345" lon="55.395497"><ele>1291.4</ele></trkpt>
      <trkpt lat="-21.059981" lon="55.395527"><ele>1292.6</ele></trkpt>
      <trkpt lat="-21.059779" lon="55.395443"><ele>1303.0</ele></trkpt>
      <trkpt lat="-21.059824" lon="55.395440"><ele>1302.8</ele></trkpt>
      <trkpt lat="-21.059338" lon="55.395427"><ele>1304.6</ele></trkpt>
      <trkpt lat="-21.058643" lon="55.395197"><ele>1305.4</ele></trkpt>
      <trkpt lat="-21.058120" lon="55.395192"><ele>1313.2</ele></trkpt>
      <trkpt lat="-21.058010" lon="55.395151"><ele>1314.6</ele></trkpt>
      <trkpt lat="-21.057998" lon="55.395058"><ele>1316.8</ele></trkpt>
      <trkpt lat="-21.057373" lon="55.395184"><ele>1309.6</ele></trkpt>
      <trkpt lat="-21.056825" lon="55.394948"><ele>1302.0</ele></trkpt>
      <trkpt lat="-21.056622" lon="55.394528"><ele>1294.4</ele></trkpt>
      <trkpt lat="-21.056772" lon="55.394540"><ele>1289.0</ele></trkpt>
      <trkpt lat="-21.056684" lon="55.394433"><ele>1285.4</ele></trkpt>
      <trkpt lat="-21.056767" lon="55.394409"><ele>1282.6</ele></trkpt>
      <trkpt lat="-21.056708" lon="55.394373"><ele>1279.6</ele></trkpt>
      <trkpt lat="-21.056776" lon="55.394280"><ele>1276.4</ele></trkpt>
      <trkpt lat="-21.056702" lon="55.394254"><ele>1273.0</ele></trkpt>
      <trkpt lat="-21.056815" lon="55.394017"><ele>1261.6</ele></trkpt>
      <trkpt lat="-21.056713" lon="55.393963"><ele>1258.2</ele></trkpt>
      <trkpt lat="-21.056822" lon="55.393904"><ele>1253.2</ele></trkpt>
      <trkpt lat="-21.057050" lon="55.394195"><ele>1248.8</ele></trkpt>
      <trkpt lat="-21.057064" lon="55.393979"><ele>1242.0</ele></trkpt>
      <trkpt lat="-21.057109" lon="55.394055"><ele>1236.8</ele></trkpt>
      <trkpt lat="-21.057315" lon="55.393722"><ele>1222.2</ele></trkpt>
      <trkpt lat="-21.057224" lon="55.393509"><ele>1218.8</ele></trkpt>
      <trkpt lat="-21.057323" lon="55.393490"><ele>1217.2</ele></trkpt>
      <trkpt lat="-21.057301" lon="55.393548"><ele>1215.8</ele></trkpt>
      <trkpt lat="-21.055597" lon="55.391857"><ele>1121.6</ele></trkpt>
      <trkpt lat="-21.054738" lon="55.391670"><ele>1085.4</ele></trkpt>
      <trkpt lat="-21.054367" lon="55.391281"><ele>1072.8</ele></trkpt>
      <trkpt lat="-21.054065" lon="55.391213"><ele>1056.4</ele></trkpt>
      <trkpt lat="-21.054126" lon="55.391169"><ele>1054.8</ele></trkpt>
      <trkpt lat="-21.054083" lon="55.391117"><ele>1054.2</ele></trkpt>
      <trkpt lat="-21.053135" lon="55.391097"><ele>1042.0</ele></trkpt>
      <trkpt lat="-21.053028" lon="55.391252"><ele>1036.6</ele></trkpt>
      <trkpt lat="-21.052594" lon="55.391266"><ele>1026.4</ele></trkpt>
      <trkpt lat="-21.052427" lon="55.391409"><ele>1021.4</ele></trkpt>
      <trkpt lat="-21.052151" lon="55.391400"><ele>1015.0</ele></trkpt>
      <trkpt lat="-21.051670" lon="55.391646"><ele>1003.0</ele></trkpt>
      <trkpt lat="-21.051310" lon="55.391531"><ele>994.2</ele></trkpt>
      <trkpt lat="-21.051234" lon="55.391608"><ele>992.2</ele></trkpt>
      <trkpt lat="-21.050805" lon="55.391492"><ele>983.8</ele></trkpt>
      <trkpt lat="-21.050159" lon="55.391474"><ele>972.2</ele></trkpt>
      <trkpt lat="-21.049961" lon="55.391336"><ele>968.4</ele></trkpt>
      <trkpt lat="-21.048855" lon="55.391901"><ele>945.6</ele></trkpt>
      <trkpt lat="-21.048817" lon="55.391825"><ele>943.2</ele></trkpt>
      <trkpt lat="-21.048592" lon="55.391774"><ele>941.2</ele></trkpt>
      <trkpt lat="-21.048182" lon="55.391768"><ele>932.4</ele></trkpt>
      <trkpt lat="-21.048032" lon="55.391681"><ele>933.6</ele></trkpt>
      <trkpt lat="-21.048020" lon="55.391573"><ele>933.2</ele></trkpt>
      <trkpt lat="-21.047841" lon="55.391572"><ele>926.8</ele></trkpt>
      <trkpt lat="-21.047535" lon="55.391324"><ele>921.8</ele></trkpt>
      <trkpt lat="-21.047145" lon="55.391205"><ele>918.2</ele></trkpt>
      <trkpt lat="-21.046843" lon="55.391384"><ele>912.4</ele></trkpt>
      <trkpt lat="-21.046361" lon="55.391356"><ele>910.8</ele></trkpt>
      <trkpt lat="-21.045972" lon="55.391464"><ele>924.2</ele></trkpt>
      <trkpt lat="-21.042747" lon="55.393296"><ele>990.0</ele></trkpt>
      <trkpt lat="-21.042436" lon="55.392547"><ele>992.4</ele></trkpt>
      <trkpt lat="-21.042451" lon="55.392090"><ele>985.8</ele></trkpt>
      <trkpt lat="-21.042529" lon="55.391995"><ele>981.2</ele></trkpt>
      <trkpt lat="-21.042436" lon="55.392033"><ele>976.8</ele></trkpt>
      <trkpt lat="-21.042402" lon="55.391978"><ele>973.4</ele></trkpt>
      <trkpt lat="-21.042429" lon="55.391831"><ele>969.6</ele></trkpt>
      <trkpt lat="-21.042313" lon="55.391546"><ele>954.4</ele></trkpt>
      <trkpt lat="-21.042128" lon="55.391581"><ele>945.8</ele></trkpt>
      <trkpt lat="-21.041973" lon="55.391867"><ele>939.6</ele></trkpt>
      <trkpt lat="-21.041719" lon="55.391985"><ele>931.4</ele></trkpt>
      <trkpt lat="-21.034214" lon="55.404163"><ele>469.2</ele></trkpt>
      <trkpt lat="-21.034053" lon="55.404724"><ele>485.6</ele></trkpt>
      <trkpt lat="-21.033954" lon="55.404763"><ele>492.0</ele></trkpt>
      <trkpt lat="-21.034028" lon="55.404786"><ele>494.4</ele></trkpt>
      <trkpt lat="-21.033990" lon="55.404893"><ele>493.4</ele></trkpt>
      <trkpt lat="-21.033770" lon="55.404871"><ele>494.2</ele></trkpt>
      <trkpt lat="-21.033854" lon="55.404588"><ele>492.6</ele></trkpt>
      <trkpt lat="-21.033575" lon="55.404433"><ele>494.2</ele></trkpt>
      <trkpt lat="-21.033241" lon="55.404075"><ele>493.0</ele></trkpt>
      <trkpt lat="-21.033020" lon="55.404012"><ele>490.6</ele></trkpt>
      <trkpt lat="-21.032457" lon="55.403518"><ele>485.0</ele></trkpt>
      <trkpt lat="-21.032353" lon="55.403495"><ele>484.6</ele></trkpt>
      <trkpt lat="-21.032206" lon="55.403609"><ele>484.8</ele></trkpt>
      <trkpt lat="-21.032128" lon="55.403571"><ele>485.0</ele></trkpt>
      <trkpt lat="-21.031970" lon="55.403192"><ele>482.0</ele></trkpt>
      <trkpt lat="-21.031597" lon="55.402912"><ele>480.2</ele></trkpt>
      <trkpt lat="-21.031313" lon="55.402984"><ele>478.6</ele></trkpt>
      <trkpt lat="-21.031209" lon="55.402608"><ele>473.0</ele></trkpt>
      <trkpt lat="-21.030880" lon="55.402358"><ele>465.4</ele></trkpt>
      <trkpt lat="-21.030925" lon="55.402366"><ele>463.6</ele></trkpt>
      <trkpt lat="-21.030700" lon="55.402442"><ele>468.0</ele></trkpt>
      <trkpt lat="-21.030450" lon="55.402347"><ele>469.4</ele></trkpt>
      <trkpt lat="-21.030112" lon="55.402130"><ele>469.8</ele></trkpt>
      <trkpt lat="-21.029657" lon="55.401499"><ele>470.6</ele></trkpt>
      <trkpt lat="-21.029110" lon="55.401396"><ele>494.6</ele></trkpt>
      <trkpt lat="-21.028893" lon="55.401700"><ele>500.6</ele></trkpt>
      <trkpt lat="-21.028939" lon="55.401914"><ele>501.6</ele></trkpt>
      <trkpt lat="-21.028622" lon="55.401569"><ele>514.6</ele></trkpt>
      <trkpt lat="-21.028603" lon="55.401894"><ele>520.6</ele></trkpt>
      <trkpt lat="-21.028452" lon="55.402066"><ele>523.4</ele></trkpt>
      <trkpt lat="-21.028381" lon="55.401940"><ele>528.8</ele></trkpt>
      <trkpt lat="-21.028142" lon="55.401944"><ele>536.6</ele></trkpt>
      <trkpt lat="-21.027809" lon="55.402503"><ele>541.8</ele></trkpt>
      <trkpt lat="-21.027840" lon="55.402552"><ele>540.4</ele></trkpt>
      <trkpt lat="-21.027160" lon="55.402639"><ele>515.8</ele></trkpt>
      <trkpt lat="-21.027055" lon="55.402689"><ele>510.8</ele></trkpt>
      <trkpt lat="-21.027089" lon="55.402771"><ele>507.2</ele></trkpt>
      <trkpt lat="-21.026831" lon="55.402561"><ele>492.6</ele></trkpt>
      <trkpt lat="-21.026447" lon="55.402819"><ele>475.4</ele></trkpt>
      <trkpt lat="-21.026432" lon="55.403196"><ele>468.8</ele></trkpt>
      <trkpt lat="-21.026222" lon="55.403503"><ele>465.2</ele></trkpt>
      <trkpt lat="-21.025980" lon="55.403671"><ele>460.8</ele></trkpt>
      <trkpt lat="-21.025569" lon="55.403714"><ele>452.2</ele></trkpt>
      <trkpt lat="-21.025411" lon="55.403835"><ele>449.6</ele></trkpt>
      <trkpt lat="-21.025215" lon="55.404643"><ele>426.4</ele></trkpt>
      <trkpt lat="-21.024933" lon="55.404185"><ele>411.8</ele></trkpt>
      <trkpt lat="-21.024654" lon="55.404139"><ele>407.0</ele></trkpt>
      <trkpt lat="-21.024239" lon="55.403826"><ele>394.0</ele></trkpt>
      <trkpt lat="-21.023478" lon="55.403874"><ele>371.4</ele></trkpt>
      <trkpt lat="-21.023112" lon="55.403996"><ele>360.2</ele></trkpt>
      <trkpt lat="-21.022735" lon="55.403889"><ele>349.6</ele></trkpt>
      <trkpt lat="-21.022550" lon="55.403944"><ele>346.8</ele></trkpt>
      <trkpt lat="-21.022521" lon="55.404100"><ele>343.8</ele></trkpt>
      <trkpt lat="-21.022706" lon="55.404322"><ele>340.6</ele></trkpt>
      <trkpt lat="-21.022361" lon="55.404438"><ele>342.2</ele></trkpt>
      <trkpt lat="-21.022139" lon="55.404355"><ele>343.6</ele></trkpt>
      <trkpt lat="-21.021805" lon="55.404565"><ele>344.4</ele></trkpt>
      <trkpt lat="-21.021833" lon="55.404964"><ele>344.2</ele></trkpt>
      <trkpt lat="-21.021740" lon="55.405081"><ele>349.4</ele></trkpt>
      <trkpt lat="-21.021562" lon="55.405061"><ele>350.8</ele></trkpt>
      <trkpt lat="-21.021630" lon="55.405143"><ele>354.4</ele></trkpt>
      <trkpt lat="-21.021810" lon="55.405118"><ele>357.6</ele></trkpt>
      <trkpt lat="-21.021816" lon="55.405208"><ele>359.2</ele></trkpt>
      <trkpt lat="-21.021730" lon="55.405278"><ele>362.2</ele></trkpt>
      <trkpt lat="-21.021480" lon="55.405336"><ele>364.6</ele></trkpt>
      <trkpt lat="-21.020319" lon="55.405333"><ele>363.8</ele></trkpt>
      <trkpt lat="-21.019735" lon="55.405599"><ele>374.4</ele></trkpt>
      <trkpt lat="-21.019494" lon="55.405501"><ele>378.4</ele></trkpt>
      <trkpt lat="-21.019354" lon="55.405273"><ele>383.6</ele></trkpt>
      <trkpt lat="-21.019346" lon="55.405119"><ele>389.8</ele></trkpt>
      <trkpt lat="-21.019079" lon="55.404917"><ele>395.8</ele></trkpt>
      <trkpt lat="-21.018321" lon="55.404637"><ele>396.6</ele></trkpt>
      <trkpt lat="-21.017661" lon="55.404777"><ele>394.6</ele></trkpt>
      <trkpt lat="-21.016851" lon="55.404640"><ele>378.2</ele></trkpt>
      <trkpt lat="-21.016452" lon="55.404446"><ele>367.0</ele></trkpt>
      <trkpt lat="-21.016172" lon="55.404567"><ele>357.2</ele></trkpt>
      <trkpt lat="-21.016159" lon="55.404398"><ele>357.8</ele></trkpt>
      <trkpt lat="-21.015999" lon="55.404275"><ele>358.0</ele></trkpt>
      <trkpt lat="-21.015888" lon="55.404027"><ele>349.6</ele></trkpt>
      <trkpt lat="-21.015937" lon="55.403696"><ele>336.0</ele></trkpt>
      <trkpt lat="-21.015598" lon="55.403465"><ele>328.4</ele></trkpt>
      <trkpt lat="-21.015561" lon="55.403598"><ele>325.2</ele></trkpt>
      <trkpt lat="-21.015605" lon="55.403289"><ele>318.6</ele></trkpt>
      <trkpt lat="-21.015554" lon="55.403201"><ele>317.2</ele></trkpt>
      <trkpt lat="-21.014911" lon="55.402665"><ele>307.4</ele></trkpt>
      <trkpt lat="-21.014421" lon="55.402052"><ele>300.6</ele></trkpt>
      <trkpt lat="-21.014123" lon="55.401861"><ele>296.4</ele></trkpt>
      <trkpt lat="-21.013892" lon="55.401599"><ele>293.2</ele></trkpt>
      <trkpt lat="-21.013466" lon="55.401436"><ele>286.2</ele></trkpt>
      <trkpt lat="-21.005384" lon="55.395136"><ele>223.8</ele></trkpt>
      <trkpt lat="-21.004696" lon="55.394579"><ele>222.6</ele></trkpt>
      <trkpt lat="-21.004685" lon="55.394448"><ele>219.4</ele></trkpt>
      <trkpt lat="-21.004533" lon="55.394531"><ele>215.4</ele></trkpt>
      <trkpt lat="-21.004469" lon="55.394376"><ele>215.0</ele></trkpt>
      <trkpt lat="-21.004397" lon="55.394363"><ele>215.2</ele></trkpt>
      <trkpt lat="-21.004427" lon="55.394142"><ele>217.0</ele></trkpt>
      <trkpt lat="-21.004230" lon="55.393914"><ele>219.8</ele></trkpt>
      <trkpt lat="-21.004209" lon="55.393708"><ele>220.4</ele></trkpt>
      <trkpt lat="-21.003989" lon="55.393354"><ele>225.8</ele></trkpt>
      <trkpt lat="-21.003551" lon="55.392980"><ele>226.8</ele></trkpt>
      <trkpt lat="-21.003246" lon="55.392362"><ele>226.2</ele></trkpt>
      <trkpt lat="-21.003042" lon="55.392304"><ele>225.2</ele></trkpt>
      <trkpt lat="-21.003016" lon="55.392397"><ele>225.2</ele></trkpt>
      <trkpt lat="-21.003040" lon="55.392308"><ele>225.2</ele></trkpt>
      <trkpt lat="-21.003151" lon="55.392403"><ele>225.8</ele></trkpt>
      <trkpt lat="-21.003077" lon="55.392366"><ele>221.8</ele></trkpt>
      <trkpt lat="-21.003211" lon="55.392129"><ele>221.8</ele></trkpt>
      <trkpt lat="-21.003151" lon="55.392232"><ele>221.4</ele></trkpt>
      <trkpt lat="-21.003249" lon="55.392358"><ele>221.6</ele></trkpt>
      <trkpt lat="-21.003354" lon="55.392235"><ele>221.2</ele></trkpt>
      <trkpt lat="-21.003273" lon="55.392355"><ele>221.2</ele></trkpt>
      <trkpt lat="-21.003361" lon="55.392268"><ele>221.2</ele></trkpt>
      <trkpt lat="-21.003338" lon="55.392368"><ele>221.0</ele></trkpt>
      <trkpt lat="-21.003344" lon="55.392313"><ele>221.0</ele></trkpt>
      <trkpt lat="-21.003277" lon="55.392329"><ele>220.8</ele></trkpt>
      <trkpt lat="-21.003378" lon="55.392263"><ele>220.4</ele></trkpt>
      <trkpt lat="-21.003270" lon="55.392387"><ele>220.0</ele></trkpt>
      <trkpt lat="-21.003365" lon="55.392309"><ele>219.4</ele></trkpt>
      <trkpt lat="-21.003332" lon="55.392359"><ele>219.2</ele></trkpt>
      <trkpt lat="-21.003341" lon="55.392282"><ele>218.4</ele></trkpt>
      <trkpt lat="-21.003225" lon="55.392299"><ele>218.2</ele></trkpt>
      <trkpt lat="-21.003368" lon="55.392293"><ele>218.4</ele></trkpt>
      <trkpt lat="-21.003312" lon="55.392370"><ele>217.8</ele></trkpt>
      <trkpt lat="-21.003275" lon="55.392332"><ele>217.8</ele></trkpt>
      <trkpt lat="-21.003200" lon="55.392508"><ele>218.2</ele></trkpt>
      <trkpt lat="-21.003254" lon="55.392420"><ele>218.4</ele></trkpt>
      <trkpt lat="-21.003316" lon="55.392470"><ele>217.8</ele></trkpt>
      <trkpt lat="-21.003118" lon="55.392408"><ele>218.0</ele></trkpt>
      <trkpt lat="-21.003168" lon="55.392396"><ele>218.0</ele></trkpt>
      <trkpt lat="-21.003167" lon="55.392489"><ele>218.6</ele></trkpt>
      <trkpt lat="-21.003194" lon="55.392417"><ele>218.8</ele></trkpt>
      <trkpt lat="-21.003140" lon="55.392486"><ele>219.4</ele></trkpt>
      <trkpt lat="-21.003208" lon="55.392446"><ele>219.6</ele></trkpt>
      <trkpt lat="-21.003154" lon="55.392236"><ele>219.2</ele></trkpt>
      <trkpt lat="-21.003232" lon="55.392142"><ele>219.6</ele></trkpt>
      <trkpt lat="-21.003027" lon="55.392318"><ele>219.6</ele></trkpt>
      <trkpt lat="-21.002774" lon="55.392216"><ele>218.6</ele></trkpt>
      <trkpt lat="-21.002600" lon="55.391892"><ele>217.6</ele></trkpt>
      <trkpt lat="-21.001731" lon="55.391135"><ele>214.6</ele></trkpt>
      <trkpt lat="-21.001740" lon="55.391195"><ele>215.0</ele></trkpt>
      <trkpt lat="-21.001559" lon="55.390846"><ele>213.8</ele></trkpt>
      <trkpt lat="-21.001286" lon="55.390581"><ele>212.6</ele></trkpt>
      <trkpt lat="-21.001261" lon="55.390217"><ele>210.0</ele></trkpt>
      <trkpt lat="-21.001105" lon="55.389890"><ele>204.4</ele></trkpt>
      <trkpt lat="-21.001154" lon="55.389833"><ele>204.6</ele></trkpt>
      <trkpt lat="-21.001085" lon="55.389786"><ele>202.8</ele></trkpt>
      <trkpt lat="-21.001053" lon="55.389472"><ele>204.4</ele></trkpt>
      <trkpt lat="-21.000737" lon="55.389379"><ele>210.8</ele></trkpt>
      <trkpt lat="-21.000712" lon="55.389428"><ele>212.4</ele></trkpt>
      <trkpt lat="-21.000692" lon="55.389354"><ele>220.2</ele></trkpt>
      <trkpt lat="-21.000036" lon="55.389556"><ele>235.0</ele></trkpt>
      <trkpt lat="-20.999575" lon="55.389461"><ele>234.2</ele></trkpt>
      <trkpt lat="-20.999206" lon="55.389197"><ele>243.2</ele></trkpt>
      <trkpt lat="-20.999109" lon="55.388919"><ele>247.2</ele></trkpt>
      <trkpt lat="-20.999036" lon="55.388956"><ele>252.0</ele></trkpt>
      <trkpt lat="-20.998949" lon="55.388790"><ele>255.8</ele></trkpt>
      <trkpt lat="-20.998720" lon="55.388675"><ele>257.8</ele></trkpt>
      <trkpt lat="-20.998524" lon="55.388318"><ele>258.6</ele></trkpt>
      <trkpt lat="-20.998529" lon="55.388175"><ele>262.4</ele></trkpt>
      <trkpt lat="-20.998457" lon="55.388167"><ele>267.6</ele></trkpt>
      <trkpt lat="-20.998388" lon="55.387995"><ele>273.0</ele></trkpt>
      <trkpt lat="-20.998268" lon="55.387986"><ele>280.2</ele></trkpt>
      <trkpt lat="-20.998257" lon="55.387892"><ele>284.6</ele></trkpt>
      <trkpt lat="-20.998057" lon="55.388014"><ele>294.4</ele></trkpt>
      <trkpt lat="-20.998145" lon="55.387898"><ele>300.4</ele></trkpt>
      <trkpt lat="-20.998052" lon="55.387703"><ele>310.4</ele></trkpt>
      <trkpt lat="-20.997969" lon="55.387752"><ele>314.6</ele></trkpt>
      <trkpt lat="-20.997950" lon="55.387891"><ele>318.2</ele></trkpt>
      <trkpt lat="-20.997837" lon="55.387884"><ele>322.6</ele></trkpt>
      <trkpt lat="-20.997902" lon="55.387743"><ele>330.4</ele></trkpt>
      <trkpt lat="-20.997814" lon="55.387504"><ele>338.6</ele></trkpt>
      <trkpt lat="-20.997553" lon="55.387425"><ele>351.0</ele></trkpt>
      <trkpt lat="-20.997521" lon="55.387127"><ele>355.4</ele></trkpt>
      <trkpt lat="-20.997232" lon="55.386888"><ele>355.4</ele></trkpt>
      <trkpt lat="-20.997331" lon="55.386673"><ele>356.8</ele></trkpt>
      <trkpt lat="-20.997279" lon="55.386142"><ele>365.0</ele></trkpt>
      <trkpt lat="-20.997084" lon="55.386169"><ele>365.4</ele></trkpt>
      <trkpt lat="-20.997060" lon="55.386020"><ele>369.6</ele></trkpt>
      <trkpt lat="-20.996703" lon="55.385842"><ele>372.6</ele></trkpt>
      <trkpt lat="-20.996479" lon="55.385287"><ele>377.4</ele></trkpt>
      <trkpt lat="-20.996015" lon="55.384761"><ele>390.4</ele></trkpt>
      <trkpt lat="-20.995537" lon="55.384864"><ele>404.2</ele></trkpt>
      <trkpt lat="-20.995254" lon="55.384547"><ele>412.2</ele></trkpt>
      <trkpt lat="-20.995234" lon="55.384411"><ele>413.8</ele></trkpt>
      <trkpt lat="-20.994990" lon="55.384470"><ele>419.8</ele></trkpt>
      <trkpt lat="-20.994763" lon="55.384090"><ele>401.0</ele></trkpt>
      <trkpt lat="-20.994479" lon="55.383856"><ele>397.8</ele></trkpt>
      <trkpt lat="-20.994565" lon="55.383602"><ele>393.6</ele></trkpt>
      <trkpt lat="-20.994817" lon="55.383683"><ele>410.0</ele></trkpt>
      <trkpt lat="-20.994915" lon="55.383582"><ele>416.8</ele></trkpt>
      <trkpt lat="-20.994774" lon="55.383357"><ele>422.4</ele></trkpt>
      <trkpt lat="-20.994843" lon="55.382822"><ele>426.6</ele></trkpt>
      <trkpt lat="-20.994918" lon="55.382762"><ele>426.4</ele></trkpt>
      <trkpt lat="-20.994878" lon="55.382704"><ele>426.8</ele></trkpt>
      <trkpt lat="-20.994988" lon="55.382429"><ele>431.4</ele></trkpt>
      <trkpt lat="-20.994922" lon="55.382325"><ele>437.2</ele></trkpt>
      <trkpt lat="-20.994973" lon="55.382229"><ele>441.2</ele></trkpt>
      <trkpt lat="-20.994925" lon="55.382258"><ele>444.8</ele></trkpt>
      <trkpt lat="-20.994933" lon="55.382075"><ele>451.6</ele></trkpt>
      <trkpt lat="-20.995030" lon="55.381931"><ele>461.4</ele></trkpt>
      <trkpt lat="-20.994936" lon="55.381952"><ele>464.8</ele></trkpt>
      <trkpt lat="-20.994914" lon="55.381724"><ele>476.6</ele></trkpt>
      <trkpt lat="-20.994786" lon="55.381839"><ele>482.6</ele></trkpt>
      <trkpt lat="-20.994815" lon="55.381730"><ele>486.8</ele></trkpt>
      <trkpt lat="-20.994757" lon="55.381691"><ele>491.2</ele></trkpt>
      <trkpt lat="-20.994864" lon="55.381549"><ele>499.6</ele></trkpt>
      <trkpt lat="-20.994785" lon="55.381436"><ele>506.0</ele></trkpt>
      <trkpt lat="-20.994708" lon="55.381437"><ele>507.6</ele></trkpt>
      <trkpt lat="-20.994755" lon="55.381588"><ele>516.0</ele></trkpt>
      <trkpt lat="-20.994604" lon="55.381460"><ele>526.2</ele></trkpt>
      <trkpt lat="-20.994569" lon="55.381644"><ele>533.4</ele></trkpt>
      <trkpt lat="-20.994634" lon="55.381614"><ele>535.6</ele></trkpt>
      <trkpt lat="-20.994586" lon="55.381544"><ele>539.4</ele></trkpt>
      <trkpt lat="-20.994190" lon="55.381190"><ele>542.8</ele></trkpt>
      <trkpt lat="-20.994045" lon="55.380962"><ele>539.0</ele></trkpt>
      <trkpt lat="-20.993952" lon="55.380671"><ele>535.2</ele></trkpt>
      <trkpt lat="-20.993967" lon="55.380206"><ele>536.4</ele></trkpt>
      <trkpt lat="-20.994266" lon="55.378752"><ele>541.8</ele></trkpt>
      <trkpt lat="-20.994144" lon="55.378334"><ele>556.4</ele></trkpt>
      <trkpt lat="-20.993957" lon="55.378308"><ele>566.8</ele></trkpt>
      <trkpt lat="-20.994041" lon="55.378500"><ele>571.8</ele></trkpt>
      <trkpt lat="-20.993888" lon="55.378393"><ele>577.0</ele></trkpt>
      <trkpt lat="-20.993527" lon="55.378492"><ele>585.6</ele></trkpt>
      <trkpt lat="-20.993294" lon="55.378350"><ele>585.4</ele></trkpt>
      <trkpt lat="-20.993292" lon="55.378129"><ele>589.0</ele></trkpt>
      <trkpt lat="-20.993196" lon="55.377995"><ele>591.4</ele></trkpt>
      <trkpt lat="-20.992839" lon="55.377807"><ele>592.4</ele></trkpt>
      <trkpt lat="-20.992813" lon="55.377632"><ele>599.2</ele></trkpt>
      <trkpt lat="-20.992682" lon="55.377469"><ele>604.6</ele></trkpt>
      <trkpt lat="-20.992590" lon="55.377562"><ele>596.6</ele></trkpt>
      <trkpt lat="-20.992104" lon="55.377634"><ele>589.8</ele></trkpt>
      <trkpt lat="-20.991539" lon="55.377575"><ele>591.0</ele></trkpt>
      <trkpt lat="-20.991166" lon="55.377745"><ele>584.2</ele></trkpt>
      <trkpt lat="-20.990800" lon="55.377670"><ele>578.6</ele></trkpt>
      <trkpt lat="-20.990602" lon="55.377426"><ele>578.0</ele></trkpt>
      <trkpt lat="-20.990569" lon="55.377185"><ele>581.2</ele></trkpt>
      <trkpt lat="-20.989865" lon="55.376944"><ele>576.2</ele></trkpt>
      <trkpt lat="-20.989884" lon="55.376539"><ele>571.4</ele></trkpt>
      <trkpt lat="-20.989494" lon="55.376058"><ele>581.2</ele></trkpt>
      <trkpt lat="-20.989433" lon="55.375747"><ele>583.2</ele></trkpt>
      <trkpt lat="-20.989478" lon="55.375495"><ele>593.6</ele></trkpt>
      <trkpt lat="-20.989336" lon="55.375353"><ele>606.0</ele></trkpt>
      <trkpt lat="-20.989137" lon="55.375392"><ele>610.8</ele></trkpt>
      <trkpt lat="-20.988859" lon="55.375243"><ele>616.2</ele></trkpt>
      <trkpt lat="-20.989193" lon="55.375550"><ele>633.8</ele></trkpt>
      <trkpt lat="-20.988907" lon="55.375485"><ele>643.8</ele></trkpt>
      <trkpt lat="-20.989052" lon="55.375655"><ele>655.2</ele></trkpt>
      <trkpt lat="-20.989002" lon="55.375777"><ele>659.0</ele></trkpt>
      <trkpt lat="-20.988831" lon="55.375632"><ele>666.6</ele></trkpt>
      <trkpt lat="-20.988766" lon="55.375679"><ele>669.4</ele></trkpt>
      <trkpt lat="-20.988898" lon="55.375767"><ele>672.8</ele></trkpt>
      <trkpt lat="-20.988978" lon="55.375739"><ele>674.0</ele></trkpt>
      <trkpt lat="-20.988842" lon="55.376029"><ele>684.8</ele></trkpt>
      <trkpt lat="-20.988744" lon="55.375750"><ele>693.8</ele></trkpt>
      <trkpt lat="-20.988433" lon="55.375892"><ele>704.2</ele></trkpt>
      <trkpt lat="-20.988283" lon="55.375880"><ele>709.6</ele></trkpt>
      <trkpt lat="-20.988628" lon="55.376083"><ele>730.2</ele></trkpt>
      <trkpt lat="-20.988462" lon="55.376179"><ele>735.4</ele></trkpt>
      <trkpt lat="-20.988122" lon="55.376102"><ele>738.4</ele></trkpt>
      <trkpt lat="-20.987952" lon="55.375938"><ele>747.2</ele></trkpt>
      <trkpt lat="-20.987564" lon="55.375813"><ele>752.4</ele></trkpt>
      <trkpt lat="-20.987583" lon="55.375925"><ele>756.4</ele></trkpt>
      <trkpt lat="-20.987478" lon="55.375869"><ele>761.2</ele></trkpt>
      <trkpt lat="-20.987450" lon="55.375987"><ele>763.4</ele></trkpt>
      <trkpt lat="-20.987573" lon="55.375968"><ele>768.2</ele></trkpt>
      <trkpt lat="-20.987597" lon="55.376030"><ele>770.4</ele></trkpt>
      <trkpt lat="-20.987468" lon="55.376088"><ele>777.8</ele></trkpt>
      <trkpt lat="-20.987542" lon="55.376161"><ele>782.0</ele></trkpt>
      <trkpt lat="-20.986994" lon="55.375978"><ele>793.6</ele></trkpt>
      <trkpt lat="-20.986867" lon="55.375843"><ele>799.0</ele></trkpt>
      <trkpt lat="-20.986463" lon="55.375771"><ele>809.0</ele></trkpt>
      <trkpt lat="-20.986314" lon="55.375885"><ele>813.6</ele></trkpt>
      <trkpt lat="-20.986462" lon="55.375900"><ele>825.4</ele></trkpt>
      <trkpt lat="-20.986319" lon="55.376014"><ele>829.8</ele></trkpt>
      <trkpt lat="-20.985771" lon="55.376273"><ele>832.4</ele></trkpt>
      <trkpt lat="-20.985301" lon="55.376276"><ele>833.4</ele></trkpt>
      <trkpt lat="-20.985129" lon="55.376115"><ele>835.2</ele></trkpt>
      <trkpt lat="-20.984795" lon="55.376057"><ele>839.0</ele></trkpt>
      <trkpt lat="-20.984579" lon="55.375879"><ele>837.6</ele></trkpt>
      <trkpt lat="-20.984420" lon="55.375860"><ele>836.0</ele></trkpt>
      <trkpt lat="-20.984380" lon="55.375661"><ele>835.4</ele></trkpt>
      <trkpt lat="-20.984174" lon="55.375449"><ele>835.4</ele></trkpt>
      <trkpt lat="-20.983571" lon="55.375345"><ele>846.2</ele></trkpt>
      <trkpt lat="-20.983169" lon="55.374625"><ele>845.0</ele></trkpt>
      <trkpt lat="-20.983010" lon="55.374498"><ele>847.4</ele></trkpt>
      <trkpt lat="-20.982957" lon="55.374220"><ele>855.2</ele></trkpt>
      <trkpt lat="-20.982868" lon="55.374364"><ele>861.6</ele></trkpt>
      <trkpt lat="-20.982523" lon="55.373758"><ele>877.2</ele></trkpt>
      <trkpt lat="-20.981976" lon="55.373984"><ele>873.0</ele></trkpt>
      <trkpt lat="-20.981740" lon="55.374009"><ele>876.4</ele></trkpt>
      <trkpt lat="-20.981636" lon="55.374105"><ele>881.0</ele></trkpt>
      <trkpt lat="-20.981665" lon="55.374044"><ele>881.6</ele></trkpt>
      <trkpt lat="-20.981651" lon="55.374098"><ele>881.4</ele></trkpt>
      <trkpt lat="-20.981343" lon="55.373545"><ele>877.4</ele></trkpt>
      <trkpt lat="-20.980734" lon="55.373173"><ele>869.4</ele></trkpt>
      <trkpt lat="-20.980593" lon="55.373012"><ele>866.8</ele></trkpt>
      <trkpt lat="-20.980525" lon="55.371997"><ele>851.0</ele></trkpt>
      <trkpt lat="-20.980353" lon="55.371631"><ele>847.6</ele></trkpt>
      <trkpt lat="-20.979993" lon="55.371225"><ele>841.6</ele></trkpt>
      <trkpt lat="-20.979763" lon="55.370626"><ele>827.8</ele></trkpt>
      <trkpt lat="-20.979766" lon="55.370497"><ele>825.0</ele></trkpt>
      <trkpt lat="-20.979980" lon="55.370354"><ele>819.4</ele></trkpt>
      <trkpt lat="-20.979999" lon="55.370182"><ele>815.6</ele></trkpt>
      <trkpt lat="-20.979439" lon="55.369132"><ele>804.4</ele></trkpt>
      <trkpt lat="-20.979138" lon="55.368993"><ele>801.2</ele></trkpt>
      <trkpt lat="-20.978948" lon="55.369058"><ele>799.0</ele></trkpt>
      <trkpt lat="-20.978445" lon="55.368860"><ele>790.0</ele></trkpt>
      <trkpt lat="-20.978120" lon="55.368605"><ele>786.0</ele></trkpt>
      <trkpt lat="-20.978037" lon="55.368280"><ele>780.2</ele></trkpt>
      <trkpt lat="-20.977888" lon="55.368306"><ele>778.6</ele></trkpt>
      <trkpt lat="-20.977448" lon="55.367742"><ele>777.6</ele></trkpt>
      <trkpt lat="-20.977401" lon="55.367558"><ele>776.6</ele></trkpt>
      <trkpt lat="-20.977487" lon="55.367400"><ele>776.0</ele></trkpt>
      <trkpt lat="-20.977101" lon="55.367025"><ele>771.0</ele></trkpt>
      <trkpt lat="-20.976484" lon="55.366655"><ele>764.4</ele></trkpt>
      <trkpt lat="-20.976150" lon="55.366196"><ele>758.6</ele></trkpt>
      <trkpt lat="-20.975910" lon="55.365611"><ele>751.6</ele></trkpt>
      <trkpt lat="-20.975654" lon="55.365436"><ele>748.0</ele></trkpt>
      <trkpt lat="-20.975301" lon="55.364875"><ele>737.8</ele></trkpt>
      <trkpt lat="-20.974869" lon="55.364429"><ele>730.8</ele></trkpt>
      <trkpt lat="-20.974382" lon="55.363695"><ele>730.6</ele></trkpt>
      <trkpt lat="-20.974351" lon="55.363498"><ele>732.4</ele></trkpt>
      <trkpt lat="-20.974216" lon="55.363406"><ele>734.0</ele></trkpt>
      <trkpt lat="-20.973636" lon="55.362539"><ele>741.8</ele></trkpt>
      <trkpt lat="-20.972925" lon="55.361829"><ele>738.2</ele></trkpt>
      <trkpt lat="-20.972490" lon="55.361014"><ele>719.2</ele></trkpt>
      <trkpt lat="-20.972012" lon="55.360904"><ele>713.2</ele></trkpt>
      <trkpt lat="-20.971776" lon="55.361145"><ele>710.8</ele></trkpt>
      <trkpt lat="-20.971700" lon="55.361130"><ele>709.8</ele></trkpt>
      <trkpt lat="-20.971451" lon="55.360870"><ele>701.8</ele></trkpt>
      <trkpt lat="-20.971129" lon="55.360692"><ele>688.6</ele></trkpt>
      <trkpt lat="-20.970626" lon="55.360567"><ele>673.2</ele></trkpt>
      <trkpt lat="-20.970509" lon="55.360599"><ele>675.0</ele></trkpt>
      <trkpt lat="-20.969910" lon="55.360127"><ele>668.8</ele></trkpt>
      <trkpt lat="-20.969426" lon="55.359999"><ele>657.2</ele></trkpt>
      <trkpt lat="-20.969268" lon="55.359852"><ele>656.8</ele></trkpt>
      <trkpt lat="-20.969044" lon="55.359778"><ele>654.0</ele></trkpt>
      <trkpt lat="-20.968417" lon="55.359964"><ele>643.6</ele></trkpt>
      <trkpt lat="-20.968068" lon="55.359940"><ele>633.6</ele></trkpt>
      <trkpt lat="-20.967202" lon="55.360192"><ele>625.2</ele></trkpt>
      <trkpt lat="-20.966555" lon="55.360809"><ele>595.2</ele></trkpt>
      <trkpt lat="-20.966512" lon="55.360925"><ele>589.6</ele></trkpt>
      <trkpt lat="-20.966573" lon="55.360996"><ele>586.0</ele></trkpt>
      <trkpt lat="-20.966420" lon="55.361263"><ele>578.0</ele></trkpt>
      <trkpt lat="-20.966484" lon="55.361354"><ele>573.0</ele></trkpt>
      <trkpt lat="-20.966393" lon="55.361458"><ele>570.2</ele></trkpt>
      <trkpt lat="-20.966432" lon="55.361552"><ele>565.4</ele></trkpt>
      <trkpt lat="-20.966291" lon="55.361713"><ele>564.2</ele></trkpt>
      <trkpt lat="-20.966408" lon="55.361750"><ele>559.6</ele></trkpt>
      <trkpt lat="-20.966360" lon="55.362127"><ele>536.4</ele></trkpt>
      <trkpt lat="-20.966426" lon="55.362119"><ele>533.2</ele></trkpt>
      <trkpt lat="-20.966381" lon="55.362310"><ele>518.2</ele></trkpt>
      <trkpt lat="-20.966467" lon="55.362597"><ele>507.4</ele></trkpt>
      <trkpt lat="-20.966318" lon="55.362492"><ele>503.8</ele></trkpt>
      <trkpt lat="-20.965968" lon="55.362531"><ele>500.4</ele></trkpt>
      <trkpt lat="-20.965484" lon="55.362257"><ele>494.6</ele></trkpt>
      <trkpt lat="-20.965224" lon="55.361896"><ele>488.0</ele></trkpt>
      <trkpt lat="-20.965038" lon="55.361469"><ele>483.0</ele></trkpt>
      <trkpt lat="-20.964858" lon="55.360559"><ele>475.6</ele></trkpt>
      <trkpt lat="-20.964774" lon="55.360501"><ele>474.4</ele></trkpt>
      <trkpt lat="-20.964685" lon="55.360668"><ele>472.4</ele></trkpt>
      <trkpt lat="-20.964615" lon="55.360653"><ele>471.2</ele></trkpt>
      <trkpt lat="-20.964446" lon="55.360016"><ele>464.2</ele></trkpt>
      <trkpt lat="-20.964197" lon="55.359581"><ele>458.4</ele></trkpt>
      <trkpt lat="-20.963962" lon="55.360501"><ele>451.8</ele></trkpt>
      <trkpt lat="-20.963871" lon="55.360584"><ele>449.6</ele></trkpt>
      <trkpt lat="-20.963865" lon="55.359958"><ele>443.8</ele></trkpt>
      <trkpt lat="-20.963697" lon="55.358894"><ele>436.4</ele></trkpt>
      <trkpt lat="-20.963676" lon="55.358850"><ele>436.6</ele></trkpt>
      <trkpt lat="-20.963626" lon="55.358916"><ele>436.4</ele></trkpt>
      <trkpt lat="-20.963672" lon="55.358927"><ele>436.4</ele></trkpt>
      <trkpt lat="-20.963613" lon="55.358914"><ele>436.2</ele></trkpt>
      <trkpt lat="-20.963665" lon="55.358882"><ele>436.2</ele></trkpt>
      <trkpt lat="-20.963390" lon="55.358267"><ele>431.6</ele></trkpt>
      <trkpt lat="-20.962974" lon="55.357876"><ele>425.6</ele></trkpt>
      <trkpt lat="-20.962901" lon="55.357483"><ele>422.4</ele></trkpt>
      <trkpt lat="-20.962823" lon="55.357456"><ele>421.2</ele></trkpt>
      <trkpt lat="-20.962773" lon="55.357762"><ele>418.8</ele></trkpt>
      <trkpt lat="-20.962684" lon="55.357331"><ele>413.8</ele></trkpt>
      <trkpt lat="-20.962343" lon="55.356925"><ele>411.6</ele></trkpt>
      <trkpt lat="-20.961300" lon="55.356581"><ele>404.0</ele></trkpt>
      <trkpt lat="-20.961074" lon="55.356191"><ele>398.8</ele></trkpt>
      <trkpt lat="-20.961051" lon="55.356451"><ele>390.8</ele></trkpt>
      <trkpt lat="-20.960934" lon="55.356524"><ele>385.8</ele></trkpt>
      <trkpt lat="-20.960957" lon="55.356639"><ele>381.6</ele></trkpt>
      <trkpt lat="-20.960929" lon="55.356543"><ele>376.2</ele></trkpt>
      <trkpt lat="-20.960619" lon="55.356878"><ele>354.4</ele></trkpt>
      <trkpt lat="-20.960534" lon="55.356839"><ele>359.6</ele></trkpt>
      <trkpt lat="-20.960441" lon="55.357226"><ele>382.8</ele></trkpt>
      <trkpt lat="-20.960315" lon="55.357220"><ele>391.8</ele></trkpt>
      <trkpt lat="-20.960225" lon="55.357380"><ele>399.6</ele></trkpt>
      <trkpt lat="-20.960111" lon="55.357308"><ele>404.6</ele></trkpt>
      <trkpt lat="-20.959975" lon="55.357343"><ele>409.8</ele></trkpt>
      <trkpt lat="-20.959592" lon="55.357130"><ele>419.8</ele></trkpt>
      <trkpt lat="-20.959565" lon="55.356961"><ele>424.4</ele></trkpt>
      <trkpt lat="-20.959431" lon="55.356875"><ele>428.6</ele></trkpt>
      <trkpt lat="-20.959403" lon="55.356953"><ele>433.2</ele></trkpt>
      <trkpt lat="-20.959216" lon="55.357024"><ele>443.0</ele></trkpt>
      <trkpt lat="-20.958903" lon="55.356951"><ele>456.4</ele></trkpt>
      <trkpt lat="-20.958975" lon="55.357069"><ele>461.0</ele></trkpt>
      <trkpt lat="-20.958840" lon="55.357235"><ele>472.6</ele></trkpt>
      <trkpt lat="-20.958918" lon="55.357366"><ele>476.2</ele></trkpt>
      <trkpt lat="-20.958770" lon="55.357400"><ele>484.0</ele></trkpt>
      <trkpt lat="-20.958600" lon="55.357272"><ele>485.4</ele></trkpt>
      <trkpt lat="-20.958419" lon="55.356857"><ele>479.6</ele></trkpt>
      <trkpt lat="-20.958396" lon="55.357074"><ele>470.8</ele></trkpt>
      <trkpt lat="-20.958235" lon="55.357073"><ele>460.0</ele></trkpt>
      <trkpt lat="-20.958209" lon="55.357257"><ele>453.2</ele></trkpt>
      <trkpt lat="-20.958113" lon="55.357179"><ele>445.4</ele></trkpt>
      <trkpt lat="-20.957975" lon="55.357368"><ele>440.6</ele></trkpt>
      <trkpt lat="-20.957931" lon="55.357575"><ele>432.6</ele></trkpt>
      <trkpt lat="-20.957858" lon="55.357499"><ele>427.0</ele></trkpt>
      <trkpt lat="-20.957542" lon="55.357825"><ele>410.8</ele></trkpt>
      <trkpt lat="-20.957661" lon="55.358124"><ele>415.0</ele></trkpt>
      <trkpt lat="-20.957619" lon="55.358321"><ele>405.4</ele></trkpt>
      <trkpt lat="-20.957486" lon="55.358486"><ele>398.6</ele></trkpt>
      <trkpt lat="-20.957520" lon="55.358549"><ele>396.8</ele></trkpt>
      <trkpt lat="-20.957301" lon="55.358677"><ele>383.6</ele></trkpt>
      <trkpt lat="-20.956649" lon="55.359392"><ele>363.6</ele></trkpt>
      <trkpt lat="-20.956641" lon="55.359675"><ele>365.8</ele></trkpt>
      <trkpt lat="-20.957000" lon="55.360100"><ele>370.2</ele></trkpt>
      <trkpt lat="-20.956978" lon="55.360528"><ele>373.6</ele></trkpt>
      <trkpt lat="-20.957125" lon="55.360787"><ele>376.6</ele></trkpt>
      <trkpt lat="-20.957010" lon="55.361256"><ele>379.4</ele></trkpt>
      <trkpt lat="-20.957041" lon="55.361461"><ele>381.0</ele></trkpt>
      <trkpt lat="-20.957284" lon="55.361717"><ele>382.8</ele></trkpt>
      <trkpt lat="-20.957391" lon="55.362951"><ele>391.6</ele></trkpt>
      <trkpt lat="-20.957601" lon="55.363273"><ele>394.4</ele></trkpt>
      <trkpt lat="-20.957574" lon="55.363690"><ele>397.4</ele></trkpt>
      <trkpt lat="-20.957682" lon="55.364017"><ele>400.0</ele></trkpt>
      <trkpt lat="-20.957654" lon="55.364354"><ele>402.2</ele></trkpt>
      <trkpt lat="-20.958025" lon="55.365486"><ele>407.2</ele></trkpt>
      <trkpt lat="-20.957932" lon="55.365892"><ele>405.6</ele></trkpt>
      <trkpt lat="-20.957387" lon="55.366127"><ele>403.8</ele></trkpt>
      <trkpt lat="-20.957270" lon="55.365981"><ele>404.8</ele></trkpt>
      <trkpt lat="-20.957029" lon="55.365101"><ele>399.6</ele></trkpt>
      <trkpt lat="-20.956580" lon="55.364619"><ele>397.6</ele></trkpt>
      <trkpt lat="-20.956439" lon="55.364337"><ele>396.4</ele></trkpt>
      <trkpt lat="-20.956076" lon="55.363975"><ele>397.8</ele></trkpt>
      <trkpt lat="-20.955842" lon="55.363906"><ele>398.6</ele></trkpt>
      <trkpt lat="-20.955617" lon="55.363545"><ele>399.8</ele></trkpt>
      <trkpt lat="-20.955537" lon="55.363056"><ele>397.6</ele></trkpt>
      <trkpt lat="-20.955050" lon="55.362320"><ele>389.4</ele></trkpt>
      <trkpt lat="-20.954692" lon="55.361043"><ele>376.0</ele></trkpt>
      <trkpt lat="-20.954497" lon="55.360649"><ele>371.6</ele></trkpt>
      <trkpt lat="-20.954123" lon="55.360087"><ele>367.6</ele></trkpt>
      <trkpt lat="-20.953945" lon="55.359949"><ele>366.8</ele></trkpt>
      <trkpt lat="-20.953855" lon="55.359690"><ele>365.8</ele></trkpt>
      <trkpt lat="-20.953583" lon="55.359460"><ele>365.0</ele></trkpt>
      <trkpt lat="-20.953141" lon="55.358539"><ele>365.8</ele></trkpt>
      <trkpt lat="-20.952650" lon="55.358154"><ele>366.2</ele></trkpt>
      <trkpt lat="-20.952292" lon="55.357508"><ele>366.4</ele></trkpt>
      <trkpt lat="-20.951885" lon="55.357098"><ele>370.0</ele></trkpt>
      <trkpt lat="-20.951344" lon="55.356198"><ele>380.0</ele></trkpt>
      <trkpt lat="-20.951187" lon="55.356139"><ele>380.6</ele></trkpt>
      <trkpt lat="-20.951122" lon="55.356335"><ele>380.4</ele></trkpt>
      <trkpt lat="-20.950882" lon="55.356594"><ele>379.8</ele></trkpt>
      <trkpt lat="-20.950472" lon="55.356735"><ele>375.6</ele></trkpt>
      <trkpt lat="-20.950072" lon="55.356122"><ele>375.4</ele></trkpt>
      <trkpt lat="-20.949931" lon="55.356017"><ele>374.4</ele></trkpt>
      <trkpt lat="-20.949705" lon="55.356007"><ele>373.4</ele></trkpt>
      <trkpt lat="-20.949457" lon="55.355756"><ele>371.2</ele></trkpt>
      <trkpt lat="-20.949242" lon="55.355363"><ele>374.0</ele></trkpt>
      <trkpt lat="-20.948797" lon="55.354996"><ele>382.2</ele></trkpt>
      <trkpt lat="-20.948588" lon="55.354987"><ele>387.0</ele></trkpt>
      <trkpt lat="-20.948491" lon="55.354869"><ele>388.6</ele></trkpt>
      <trkpt lat="-20.948204" lon="55.354291"><ele>398.6</ele></trkpt>
      <trkpt lat="-20.948462" lon="55.353832"><ele>392.4</ele></trkpt>
      <trkpt lat="-20.948538" lon="55.353510"><ele>386.6</ele></trkpt>
      <trkpt lat="-20.948166" lon="55.353521"><ele>378.8</ele></trkpt>
      <trkpt lat="-20.947692" lon="55.353188"><ele>360.2</ele></trkpt>
      <trkpt lat="-20.947594" lon="55.352959"><ele>356.2</ele></trkpt>
      <trkpt lat="-20.947226" lon="55.352856"><ele>344.4</ele></trkpt>
      <trkpt lat="-20.946920" lon="55.352869"><ele>340.8</ele></trkpt>
      <trkpt lat="-20.946591" lon="55.352559"><ele>329.0</ele></trkpt>
      <trkpt lat="-20.946392" lon="55.352505"><ele>322.4</ele></trkpt>
      <trkpt lat="-20.946278" lon="55.352584"><ele>318.2</ele></trkpt>
      <trkpt lat="-20.945962" lon="55.352613"><ele>317.2</ele></trkpt>
      <trkpt lat="-20.945771" lon="55.352528"><ele>317.4</ele></trkpt>
      <trkpt lat="-20.945560" lon="55.352596"><ele>324.0</ele></trkpt>
      <trkpt lat="-20.945545" lon="55.352389"><ele>323.2</ele></trkpt>
      <trkpt lat="-20.945638" lon="55.352329"><ele>320.2</ele></trkpt>
      <trkpt lat="-20.945672" lon="55.351962"><ele>313.6</ele></trkpt>
      <trkpt lat="-20.945308" lon="55.351646"><ele>311.4</ele></trkpt>
      <trkpt lat="-20.945216" lon="55.351370"><ele>300.8</ele></trkpt>
      <trkpt lat="-20.945109" lon="55.351357"><ele>298.2</ele></trkpt>
      <trkpt lat="-20.945147" lon="55.350963"><ele>287.0</ele></trkpt>
      <trkpt lat="-20.944974" lon="55.350794"><ele>281.8</ele></trkpt>
      <trkpt lat="-20.944091" lon="55.350320"><ele>271.6</ele></trkpt>
      <trkpt lat="-20.944190" lon="55.349840"><ele>260.4</ele></trkpt>
      <trkpt lat="-20.944103" lon="55.349458"><ele>248.8</ele></trkpt>
      <trkpt lat="-20.944263" lon="55.349308"><ele>245.6</ele></trkpt>
      <trkpt lat="-20.944333" lon="55.348849"><ele>235.0</ele></trkpt>
      <trkpt lat="-20.942884" lon="55.348130"><ele>218.6</ele></trkpt>
      <trkpt lat="-20.942866" lon="55.348022"><ele>217.8</ele></trkpt>
      <trkpt lat="-20.943004" lon="55.347764"><ele>215.8</ele></trkpt>
      <trkpt lat="-20.943275" lon="55.347626"><ele>212.2</ele></trkpt>
      <trkpt lat="-20.943345" lon="55.347497"><ele>211.0</ele></trkpt>
      <trkpt lat="-20.942869" lon="55.347112"><ele>202.2</ele></trkpt>
      <trkpt lat="-20.942928" lon="55.346776"><ele>195.2</ele></trkpt>
      <trkpt lat="-20.942525" lon="55.345855"><ele>178.0</ele></trkpt>
      <trkpt lat="-20.942527" lon="55.345455"><ele>171.0</ele></trkpt>
      <trkpt lat="-20.942368" lon="55.345394"><ele>168.6</ele></trkpt>
      <trkpt lat="-20.942191" lon="55.344903"><ele>153.8</ele></trkpt>
      <trkpt lat="-20.942519" lon="55.344581"><ele>149.4</ele></trkpt>
      <trkpt lat="-20.942922" lon="55.344357"><ele>143.0</ele></trkpt>
      <trkpt lat="-20.942786" lon="55.344202"><ele>139.2</ele></trkpt>
      <trkpt lat="-20.942799" lon="55.343873"><ele>129.2</ele></trkpt>
      <trkpt lat="-20.942972" lon="55.343520"><ele>117.2</ele></trkpt>
      <trkpt lat="-20.942997" lon="55.343196"><ele>106.8</ele></trkpt>
      <trkpt lat="-20.942854" lon="55.342691"><ele>88.2</ele></trkpt>
      <trkpt lat="-20.942585" lon="55.342385"><ele>82.2</ele></trkpt>
      <trkpt lat="-20.942030" lon="55.342269"><ele>74.2</ele></trkpt>
      <trkpt lat="-20.940993" lon="55.341720"><ele>59.4</ele></trkpt>
      <trkpt lat="-20.940787" lon="55.341425"><ele>55.8</ele></trkpt>
      <trkpt lat="-20.940691" lon="55.341063"><ele>51.2</ele></trkpt>
      <trkpt lat="-20.940851" lon="55.340692"><ele>47.4</ele></trkpt>
      <trkpt lat="-20.940591" lon="55.340736"><ele>43.2</ele></trkpt>
      <trkpt lat="-20.939872" lon="55.340117"><ele>30.0</ele></trkpt>
      <trkpt lat="-20.939523" lon="55.339967"><ele>24.0</ele></trkpt>
      <trkpt lat="-20.939435" lon="55.340085"><ele>21.4</ele></trkpt>
      <trkpt lat="-20.939388" lon="55.340581"><ele>17.6</ele></trkpt>
      <trkpt lat="-20.939266" lon="55.340748"><ele>17.2</ele></trkpt>
      <trkpt lat="-20.939023" lon="55.340813"><ele>16.2</ele></trkpt>
      <trkpt lat="-20.937658" lon="55.340840"><ele>5.6</ele></trkpt>
      <trkpt lat="-20.937561" lon="55.340759"><ele>5.0</ele></trkpt>
      <trkpt lat="-20.937248" lon="55.339999"><ele>6.2</ele></trkpt>
      <trkpt lat="-20.936192" lon="55.338067"><ele>3.4</ele></trkpt>
      <trkpt lat="-20.935815" lon="55.337637"><ele>3.4</ele></trkpt>
      <trkpt lat="-20.934480" lon="55.336721"><ele>6.4</ele></trkpt>
      <trkpt lat="-20.933911" lon="55.336212"><ele>8.0</ele></trkpt>
      <trkpt lat="-20.933526" lon="55.336603"><ele>7.2</ele></trkpt>
      <trkpt lat="-20.932645" lon="55.338021"><ele>-5.6</ele></trkpt>
      <trkpt lat="-20.932579" lon="55.338229"><ele>-8.2</ele></trkpt>
      <trkpt lat="-20.932648" lon="55.338467"><ele>-18.2</ele></trkpt>
      <trkpt lat="-20.932566" lon="55.338566"><ele>-19.2</ele></trkpt>
      <trkpt lat="-20.932263" lon="55.338553"><ele>-20.8</ele></trkpt>
      <trkpt lat="-20.932200" lon="55.338666"><ele>-21.0</ele></trkpt>
      <trkpt lat="-20.932020" lon="55.338716"><ele>-18.8</ele></trkpt>
      <trkpt lat="-20.931286" lon="55.338485"><ele>-22.8</ele></trkpt>
      <trkpt lat="-20.931129" lon="55.338779"><ele>-21.8</ele></trkpt>
      <trkpt lat="-20.930737" lon="55.338849"><ele>-22.4</ele></trkpt>
      <trkpt lat="-20.930316" lon="55.339083"><ele>-24.0</ele></trkpt>
      <trkpt lat="-20.929424" lon="55.339001"><ele>-25.8</ele></trkpt>
      <trkpt lat="-20.929036" lon="55.338876"><ele>-26.4</ele></trkpt>
      <trkpt lat="-20.928803" lon="55.338338"><ele>-26.0</ele></trkpt>
      <trkpt lat="-20.928059" lon="55.338546"><ele>-26.4</ele></trkpt>
      <trkpt lat="-20.927506" lon="55.338872"><ele>-27.2</ele></trkpt>
      <trkpt lat="-20.927267" lon="55.338364"><ele>-28.0</ele></trkpt>
      <trkpt lat="-20.927161" lon="55.338300"><ele>-28.0</ele></trkpt>
      <trkpt lat="-20.926973" lon="55.338324"><ele>-27.6</ele></trkpt>
      <trkpt lat="-20.926938" lon="55.338261"><ele>-27.6</ele></trkpt>
      <trkpt lat="-20.927105" lon="55.338036"><ele>-27.2</ele></trkpt>
      <trkpt lat="-20.927009" lon="55.338089"><ele>-27.0</ele></trkpt>
      <trkpt lat="-20.926998" lon="55.337951"><ele>-27.0</ele></trkpt>
      <trkpt lat="-20.927126" lon="55.337961"><ele>-27.6</ele></trkpt>
      <trkpt lat="-20.927086" lon="55.337897"><ele>-27.6</ele></trkpt>
      <trkpt lat="-20.926956" lon="55.337952"><ele>-27.4</ele></trkpt>
      <trkpt lat="-20.927093" lon="55.337893"><ele>-27.0</ele></trkpt>
      <trkpt lat="-20.926935" lon="55.337684"><ele>-27.6</ele></trkpt>
      <trkpt lat="-20.927169" lon="55.337903"><ele>-27.8</ele></trkpt>
      <trkpt lat="-20.927115" lon="55.337944"><ele>-27.6</ele></trkpt>
      <trkpt lat="-20.927216" lon="55.338095"><ele>-27.4</ele></trkpt>
      <trkpt lat="-20.927026" lon="55.337966"><ele>-27.4</ele></trkpt>
      <trkpt lat="-20.927043" lon="55.338039"><ele>-25.2</ele></trkpt>
      <trkpt lat="-20.926972" lon="55.337825"><ele>-25.4</ele></trkpt>
      <trkpt lat="-20.926676" lon="55.337734"><ele>-25.6</ele></trkpt>
      <trkpt lat="-20.926584" lon="55.337556"><ele>-26.4</ele></trkpt>
      <trkpt lat="-20.925532" lon="55.338068"><ele>-24.6</ele></trkpt>
      <trkpt lat="-20.925127" lon="55.338422"><ele>-22.4</ele></trkpt>
      <trkpt lat="-20.924933" lon="55.338696"><ele>-21.2</ele></trkpt>
      <trkpt lat="-20.922648" lon="55.346122"><ele>-23.0</ele></trkpt>
      <trkpt lat="-20.922526" lon="55.346372"><ele>-23.6</ele></trkpt>
      <trkpt lat="-20.922129" lon="55.346713"><ele>-21.6</ele></trkpt>
      <trkpt lat="-20.922013" lon="55.346628"><ele>-18.6</ele></trkpt>
      <trkpt lat="-20.921832" lon="55.346640"><ele>-13.4</ele></trkpt>
      <trkpt lat="-20.921749" lon="55.346661"><ele>-11.8</ele></trkpt>
      <trkpt lat="-20.921766" lon="55.346768"><ele>-8.2</ele></trkpt>
      <trkpt lat="-20.921655" lon="55.346786"><ele>-2.2</ele></trkpt>
      <trkpt lat="-20.921745" lon="55.347092"><ele>5.2</ele></trkpt>
      <trkpt lat="-20.921592" lon="55.347138"><ele>10.6</ele></trkpt>
      <trkpt lat="-20.921683" lon="55.347486"><ele>19.6</ele></trkpt>
      <trkpt lat="-20.921552" lon="55.347452"><ele>22.8</ele></trkpt>
      <trkpt lat="-20.921606" lon="55.347743"><ele>34.0</ele></trkpt>
      <trkpt lat="-20.921035" lon="55.347339"><ele>50.2</ele></trkpt>
      <trkpt lat="-20.921063" lon="55.347601"><ele>58.0</ele></trkpt>
      <trkpt lat="-20.920900" lon="55.347522"><ele>62.8</ele></trkpt>
      <trkpt lat="-20.920699" lon="55.347715"><ele>70.4</ele></trkpt>
      <trkpt lat="-20.920682" lon="55.347805"><ele>72.0</ele></trkpt>
      <trkpt lat="-20.920823" lon="55.348043"><ele>79.0</ele></trkpt>
      <trkpt lat="-20.919952" lon="55.348814"><ele>98.4</ele></trkpt>
      <trkpt lat="-20.919816" lon="55.349119"><ele>105.2</ele></trkpt>
      <trkpt lat="-20.919999" lon="55.349275"><ele>110.6</ele></trkpt>
      <trkpt lat="-20.919573" lon="55.349415"><ele>119.0</ele></trkpt>
      <trkpt lat="-20.918968" lon="55.349954"><ele>119.4</ele></trkpt>
      <trkpt lat="-20.916967" lon="55.351260"><ele>122.0</ele></trkpt>
      <trkpt lat="-20.916469" lon="55.352347"><ele>121.8</ele></trkpt>
      <trkpt lat="-20.915826" lon="55.352749"><ele>114.0</ele></trkpt>
      <trkpt lat="-20.914161" lon="55.352903"><ele>106.6</ele></trkpt>
      <trkpt lat="-20.913899" lon="55.352985"><ele>106.2</ele></trkpt>
      <trkpt lat="-20.913867" lon="55.353192"><ele>102.2</ele></trkpt>
      <trkpt lat="-20.913440" lon="55.353064"><ele>95.4</ele></trkpt>
      <trkpt lat="-20.913655" lon="55.355004"><ele>61.2</ele></trkpt>
      <trkpt lat="-20.913553" lon="55.355044"><ele>64.2</ele></trkpt>
      <trkpt lat="-20.913186" lon="55.354960"><ele>73.2</ele></trkpt>
      <trkpt lat="-20.912978" lon="55.355121"><ele>79.6</ele></trkpt>
      <trkpt lat="-20.912589" lon="55.355027"><ele>83.0</ele></trkpt>
      <trkpt lat="-20.912423" lon="55.355193"><ele>91.6</ele></trkpt>
      <trkpt lat="-20.912683" lon="55.355539"><ele>101.8</ele></trkpt>
      <trkpt lat="-20.912473" lon="55.355601"><ele>109.8</ele></trkpt>
      <trkpt lat="-20.912545" lon="55.355780"><ele>114.2</ele></trkpt>
      <trkpt lat="-20.912459" lon="55.355825"><ele>118.4</ele></trkpt>
      <trkpt lat="-20.912493" lon="55.355981"><ele>121.4</ele></trkpt>
      <trkpt lat="-20.911678" lon="55.357127"><ele>126.8</ele></trkpt>
      <trkpt lat="-20.911274" lon="55.358773"><ele>141.8</ele></trkpt>
      <trkpt lat="-20.910723" lon="55.359245"><ele>149.2</ele></trkpt>
      <trkpt lat="-20.910954" lon="55.359606"><ele>158.2</ele></trkpt>
      <trkpt lat="-20.911093" lon="55.359699"><ele>162.4</ele></trkpt>
      <trkpt lat="-20.911155" lon="55.359885"><ele>169.0</ele></trkpt>
      <trkpt lat="-20.911095" lon="55.360083"><ele>174.6</ele></trkpt>
      <trkpt lat="-20.911409" lon="55.360559"><ele>190.8</ele></trkpt>
      <trkpt lat="-20.911220" lon="55.360946"><ele>196.8</ele></trkpt>
      <trkpt lat="-20.911164" lon="55.361579"><ele>202.6</ele></trkpt>
      <trkpt lat="-20.910746" lon="55.362903"><ele>217.4</ele></trkpt>
      <trkpt lat="-20.910308" lon="55.363410"><ele>215.2</ele></trkpt>
      <trkpt lat="-20.910000" lon="55.364034"><ele>213.0</ele></trkpt>
      <trkpt lat="-20.908214" lon="55.365336"><ele>197.8</ele></trkpt>
      <trkpt lat="-20.907531" lon="55.365582"><ele>192.4</ele></trkpt>
      <trkpt lat="-20.907381" lon="55.366117"><ele>193.0</ele></trkpt>
      <trkpt lat="-20.907105" lon="55.366468"><ele>191.2</ele></trkpt>
      <trkpt lat="-20.905574" lon="55.367360"><ele>193.6</ele></trkpt>
      <trkpt lat="-20.905055" lon="55.367788"><ele>194.2</ele></trkpt>
      <trkpt lat="-20.904701" lon="55.368250"><ele>194.6</ele></trkpt>
      <trkpt lat="-20.904412" lon="55.368453"><ele>191.4</ele></trkpt>
      <trkpt lat="-20.904286" lon="55.368752"><ele>184.2</ele></trkpt>
      <trkpt lat="-20.904509" lon="55.368968"><ele>180.8</ele></trkpt>
      <trkpt lat="-20.904753" lon="55.369555"><ele>167.0</ele></trkpt>
      <trkpt lat="-20.904499" lon="55.369605"><ele>159.8</ele></trkpt>
      <trkpt lat="-20.903787" lon="55.369391"><ele>141.0</ele></trkpt>
      <trkpt lat="-20.903719" lon="55.369569"><ele>137.4</ele></trkpt>
      <trkpt lat="-20.903343" lon="55.369758"><ele>143.6</ele></trkpt>
      <trkpt lat="-20.903291" lon="55.369944"><ele>148.2</ele></trkpt>
      <trkpt lat="-20.903561" lon="55.370210"><ele>160.0</ele></trkpt>
      <trkpt lat="-20.903210" lon="55.370377"><ele>169.6</ele></trkpt>
      <trkpt lat="-20.903530" lon="55.370602"><ele>179.8</ele></trkpt>
      <trkpt lat="-20.903277" lon="55.370757"><ele>186.2</ele></trkpt>
      <trkpt lat="-20.903007" lon="55.371199"><ele>196.8</ele></trkpt>
      <trkpt lat="-20.902814" lon="55.372878"><ele>216.8</ele></trkpt>
      <trkpt lat="-20.902891" lon="55.373176"><ele>207.2</ele></trkpt>
      <trkpt lat="-20.903387" lon="55.373767"><ele>191.6</ele></trkpt>
      <trkpt lat="-20.903343" lon="55.373852"><ele>188.2</ele></trkpt>
      <trkpt lat="-20.903200" lon="55.373828"><ele>182.2</ele></trkpt>
      <trkpt lat="-20.903428" lon="55.374188"><ele>170.6</ele></trkpt>
      <trkpt lat="-20.903473" lon="55.374498"><ele>162.0</ele></trkpt>
      <trkpt lat="-20.902903" lon="55.374254"><ele>144.0</ele></trkpt>
      <trkpt lat="-20.902952" lon="55.374435"><ele>138.4</ele></trkpt>
      <trkpt lat="-20.903144" lon="55.374653"><ele>133.6</ele></trkpt>
      <trkpt lat="-20.902654" lon="55.374459"><ele>119.2</ele></trkpt>
      <trkpt lat="-20.902650" lon="55.374750"><ele>110.0</ele></trkpt>
      <trkpt lat="-20.902791" lon="55.374987"><ele>101.2</ele></trkpt>
      <trkpt lat="-20.902276" lon="55.374980"><ele>83.8</ele></trkpt>
      <trkpt lat="-20.902521" lon="55.375224"><ele>75.0</ele></trkpt>
      <trkpt lat="-20.902120" lon="55.375257"><ele>60.2</ele></trkpt>
      <trkpt lat="-20.902120" lon="55.375391"><ele>57.0</ele></trkpt>
      <trkpt lat="-20.902325" lon="55.375628"><ele>46.8</ele></trkpt>
      <trkpt lat="-20.902136" lon="55.375597"><ele>40.0</ele></trkpt>
      <trkpt lat="-20.902001" lon="55.375738"><ele>36.6</ele></trkpt>
      <trkpt lat="-20.901617" lon="55.375879"><ele>23.6</ele></trkpt>
      <trkpt lat="-20.901221" lon="55.375569"><ele>10.4</ele></trkpt>
      <trkpt lat="-20.901103" lon="55.375670"><ele>5.4</ele></trkpt>
      <trkpt lat="-20.900871" lon="55.375593"><ele>-1.6</ele></trkpt>
      <trkpt lat="-20.900680" lon="55.375690"><ele>-2.6</ele></trkpt>
      <trkpt lat="-20.900157" lon="55.375359"><ele>-0.8</ele></trkpt>
      <trkpt lat="-20.899257" lon="55.375161"><ele>-3.4</ele></trkpt>
      <trkpt lat="-20.898953" lon="55.375457"><ele>-6.0</ele></trkpt>
      <trkpt lat="-20.898157" lon="55.375635"><ele>-9.6</ele></trkpt>
      <trkpt lat="-20.897068" lon="55.375358"><ele>-11.2</ele></trkpt>
      <trkpt lat="-20.896916" lon="55.375512"><ele>-10.8</ele></trkpt>
      <trkpt lat="-20.896619" lon="55.376195"><ele>-10.4</ele></trkpt>
      <trkpt lat="-20.896517" lon="55.376733"><ele>-10.4</ele></trkpt>
      <trkpt lat="-20.896215" lon="55.376998"><ele>-10.8</ele></trkpt>
      <trkpt lat="-20.896239" lon="55.376945"><ele>-11.0</ele></trkpt>
      <trkpt lat="-20.896300" lon="55.377011"><ele>-11.4</ele></trkpt>
      <trkpt lat="-20.896373" lon="55.376980"><ele>-11.0</ele></trkpt>
      <trkpt lat="-20.896356" lon="55.376922"><ele>-10.6</ele></trkpt>
      <trkpt lat="-20.896296" lon="55.376986"><ele>-10.8</ele></trkpt>
      <trkpt lat="-20.896302" lon="55.376896"><ele>-10.6</ele></trkpt>
      <trkpt lat="-20.896162" lon="55.377045"><ele>-11.2</ele></trkpt>
      <trkpt lat="-20.896248" lon="55.377069"><ele>-11.2</ele></trkpt>
      <trkpt lat="-20.896159" lon="55.377061"><ele>-10.2</ele></trkpt>
      <trkpt lat="-20.895841" lon="55.377328"><ele>-10.2</ele></trkpt>
      <trkpt lat="-20.895725" lon="55.377311"><ele>-10.0</ele></trkpt>
      <trkpt lat="-20.895344" lon="55.377562"><ele>-9.2</ele></trkpt>
      <trkpt lat="-20.895389" lon="55.377678"><ele>-9.0</ele></trkpt>
      <trkpt lat="-20.895294" lon="55.377894"><ele>-2.2</ele></trkpt>
      <trkpt lat="-20.895492" lon="55.378327"><ele>11.0</ele></trkpt>
      <trkpt lat="-20.895467" lon="55.378616"><ele>20.4</ele></trkpt>
      <trkpt lat="-20.894927" lon="55.378702"><ele>33.4</ele></trkpt>
      <trkpt lat="-20.895120" lon="55.379075"><ele>44.4</ele></trkpt>
      <trkpt lat="-20.895173" lon="55.379515"><ele>58.0</ele></trkpt>
      <trkpt lat="-20.895291" lon="55.379663"><ele>62.8</ele></trkpt>
      <trkpt lat="-20.895102" lon="55.379666"><ele>65.8</ele></trkpt>
      <trkpt lat="-20.894998" lon="55.379549"><ele>71.2</ele></trkpt>
      <trkpt lat="-20.894711" lon="55.379469"><ele>78.2</ele></trkpt>
      <trkpt lat="-20.894364" lon="55.379442"><ele>86.4</ele></trkpt>
      <trkpt lat="-20.894387" lon="55.379578"><ele>89.0</ele></trkpt>
      <trkpt lat="-20.894537" lon="55.379671"><ele>92.0</ele></trkpt>
      <trkpt lat="-20.894760" lon="55.380073"><ele>104.6</ele></trkpt>
      <trkpt lat="-20.894403" lon="55.380053"><ele>115.6</ele></trkpt>
      <trkpt lat="-20.894807" lon="55.380645"><ele>136.6</ele></trkpt>
      <trkpt lat="-20.894292" lon="55.380526"><ele>148.4</ele></trkpt>
      <trkpt lat="-20.894196" lon="55.380596"><ele>152.0</ele></trkpt>
      <trkpt lat="-20.894429" lon="55.380856"><ele>162.2</ele></trkpt>
      <trkpt lat="-20.894192" lon="55.380852"><ele>169.2</ele></trkpt>
      <trkpt lat="-20.894243" lon="55.380954"><ele>173.4</ele></trkpt>
      <trkpt lat="-20.894190" lon="55.380988"><ele>175.6</ele></trkpt>
      <trkpt lat="-20.893901" lon="55.380991"><ele>182.0</ele></trkpt>
      <trkpt lat="-20.894173" lon="55.381157"><ele>193.4</ele></trkpt>
      <trkpt lat="-20.894116" lon="55.381310"><ele>201.6</ele></trkpt>
      <trkpt lat="-20.894245" lon="55.381508"><ele>209.6</ele></trkpt>
      <trkpt lat="-20.895874" lon="55.383215"><ele>262.8</ele></trkpt>
      <trkpt lat="-20.896224" lon="55.383757"><ele>273.0</ele></trkpt>
      <trkpt lat="-20.896794" lon="55.384149"><ele>285.8</ele></trkpt>
      <trkpt lat="-20.897521" lon="55.385041"><ele>296.4</ele></trkpt>
      <trkpt lat="-20.898230" lon="55.385520"><ele>309.4</ele></trkpt>
      <trkpt lat="-20.898495" lon="55.385594"><ele>316.8</ele></trkpt>
      <trkpt lat="-20.899112" lon="55.386011"><ele>332.8</ele></trkpt>
      <trkpt lat="-20.899495" lon="55.386148"><ele>340.4</ele></trkpt>
      <trkpt lat="-20.900069" lon="55.386644"><ele>352.0</ele></trkpt>
      <trkpt lat="-20.900954" lon="55.387781"><ele>367.8</ele></trkpt>
      <trkpt lat="-20.901012" lon="55.388017"><ele>368.8</ele></trkpt>
      <trkpt lat="-20.901225" lon="55.388245"><ele>366.8</ele></trkpt>
      <trkpt lat="-20.901399" lon="55.388595"><ele>366.6</ele></trkpt>
      <trkpt lat="-20.901689" lon="55.388749"><ele>367.4</ele></trkpt>
      <trkpt lat="-20.901949" lon="55.389073"><ele>374.0</ele></trkpt>
      <trkpt lat="-20.902171" lon="55.389170"><ele>376.0</ele></trkpt>
      <trkpt lat="-20.902590" lon="55.390161"><ele>388.4</ele></trkpt>
      <trkpt lat="-20.902942" lon="55.390714"><ele>393.8</ele></trkpt>
      <trkpt lat="-20.903506" lon="55.391200"><ele>399.4</ele></trkpt>
      <trkpt lat="-20.904048" lon="55.391367"><ele>406.0</ele></trkpt>
      <trkpt lat="-20.904712" lon="55.391873"><ele>417.2</ele></trkpt>
      <trkpt lat="-20.905182" lon="55.392732"><ele>422.8</ele></trkpt>
      <trkpt lat="-20.904993" lon="55.393265"><ele>424.4</ele></trkpt>
      <trkpt lat="-20.905072" lon="55.393510"><ele>428.2</ele></trkpt>
      <trkpt lat="-20.905051" lon="55.393860"><ele>430.2</ele></trkpt>
      <trkpt lat="-20.904421" lon="55.394391"><ele>440.6</ele></trkpt>
      <trkpt lat="-20.904398" lon="55.394610"><ele>441.8</ele></trkpt>
      <trkpt lat="-20.904640" lon="55.395312"><ele>444.0</ele></trkpt>
      <trkpt lat="-20.904673" lon="55.395656"><ele>444.4</ele></trkpt>
      <trkpt lat="-20.905075" lon="55.396485"><ele>440.6</ele></trkpt>
      <trkpt lat="-20.904968" lon="55.397158"><ele>434.2</ele></trkpt>
      <trkpt lat="-20.905429" lon="55.397701"><ele>430.6</ele></trkpt>
      <trkpt lat="-20.905471" lon="55.397844"><ele>429.0</ele></trkpt>
      <trkpt lat="-20.904566" lon="55.398380"><ele>423.6</ele></trkpt>
      <trkpt lat="-20.904019" lon="55.398159"><ele>436.8</ele></trkpt>
      <trkpt lat="-20.903820" lon="55.397976"><ele>442.6</ele></trkpt>
      <trkpt lat="-20.903444" lon="55.398005"><ele>448.4</ele></trkpt>
      <trkpt lat="-20.902874" lon="55.398178"><ele>456.4</ele></trkpt>
      <trkpt lat="-20.902632" lon="55.398481"><ele>463.6</ele></trkpt>
      <trkpt lat="-20.902348" lon="55.398668"><ele>467.8</ele></trkpt>
      <trkpt lat="-20.901991" lon="55.399294"><ele>474.0</ele></trkpt>
      <trkpt lat="-20.901794" lon="55.400245"><ele>479.8</ele></trkpt>
      <trkpt lat="-20.901772" lon="55.401959"><ele>478.8</ele></trkpt>
      <trkpt lat="-20.901813" lon="55.402554"><ele>481.6</ele></trkpt>
      <trkpt lat="-20.902115" lon="55.403641"><ele>480.4</ele></trkpt>
      <trkpt lat="-20.902042" lon="55.404833"><ele>464.6</ele></trkpt>
      <trkpt lat="-20.902076" lon="55.404941"><ele>463.0</ele></trkpt>
      <trkpt lat="-20.902238" lon="55.405036"><ele>461.0</ele></trkpt>
      <trkpt lat="-20.903058" lon="55.405227"><ele>447.0</ele></trkpt>
      <trkpt lat="-20.902909" lon="55.405359"><ele>443.0</ele></trkpt>
      <trkpt lat="-20.902396" lon="55.405526"><ele>435.2</ele></trkpt>
      <trkpt lat="-20.901801" lon="55.405617"><ele>425.8</ele></trkpt>
      <trkpt lat="-20.901322" lon="55.405927"><ele>417.0</ele></trkpt>
      <trkpt lat="-20.901825" lon="55.406195"><ele>401.0</ele></trkpt>
      <trkpt lat="-20.902074" lon="55.406189"><ele>397.4</ele></trkpt>
      <trkpt lat="-20.902348" lon="55.406299"><ele>392.0</ele></trkpt>
      <trkpt lat="-20.902461" lon="55.406557"><ele>384.6</ele></trkpt>
      <trkpt lat="-20.902332" lon="55.406768"><ele>382.8</ele></trkpt>
      <trkpt lat="-20.902206" lon="55.406779"><ele>382.2</ele></trkpt>
      <trkpt lat="-20.902134" lon="55.406891"><ele>387.0</ele></trkpt>
      <trkpt lat="-20.902090" lon="55.407230"><ele>393.6</ele></trkpt>
      <trkpt lat="-20.901760" lon="55.407815"><ele>401.0</ele></trkpt>
      <trkpt lat="-20.901730" lon="55.408212"><ele>401.2</ele></trkpt>
      <trkpt lat="-20.901476" lon="55.409143"><ele>396.0</ele></trkpt>
      <trkpt lat="-20.901156" lon="55.409379"><ele>394.0</ele></trkpt>
      <trkpt lat="-20.901142" lon="55.409751"><ele>397.0</ele></trkpt>
      <trkpt lat="-20.901071" lon="55.409824"><ele>398.6</ele></trkpt>
      <trkpt lat="-20.901515" lon="55.410255"><ele>407.8</ele></trkpt>
      <trkpt lat="-20.901594" lon="55.410528"><ele>413.4</ele></trkpt>
      <trkpt lat="-20.901744" lon="55.410570"><ele>417.6</ele></trkpt>
      <trkpt lat="-20.902231" lon="55.411057"><ele>429.6</ele></trkpt>
      <trkpt lat="-20.902359" lon="55.410989"><ele>430.6</ele></trkpt>
      <trkpt lat="-20.902447" lon="55.410812"><ele>435.4</ele></trkpt>
      <trkpt lat="-20.902395" lon="55.410425"><ele>438.2</ele></trkpt>
      <trkpt lat="-20.902653" lon="55.409851"><ele>441.2</ele></trkpt>
      <trkpt lat="-20.902965" lon="55.409605"><ele>444.0</ele></trkpt>
      <trkpt lat="-20.903288" lon="55.409500"><ele>446.2</ele></trkpt>
      <trkpt lat="-20.903392" lon="55.409374"><ele>446.8</ele></trkpt>
      <trkpt lat="-20.903476" lon="55.409553"><ele>448.0</ele></trkpt>
      <trkpt lat="-20.903690" lon="55.409410"><ele>452.4</ele></trkpt>
      <trkpt lat="-20.904047" lon="55.409734"><ele>465.2</ele></trkpt>
      <trkpt lat="-20.904276" lon="55.409638"><ele>467.8</ele></trkpt>
      <trkpt lat="-20.904702" lon="55.409766"><ele>470.6</ele></trkpt>
      <trkpt lat="-20.904612" lon="55.410133"><ele>474.6</ele></trkpt>
      <trkpt lat="-20.904656" lon="55.410208"><ele>475.4</ele></trkpt>
      <trkpt lat="-20.904893" lon="55.410091"><ele>478.2</ele></trkpt>
      <trkpt lat="-20.904945" lon="55.409984"><ele>480.8</ele></trkpt>
      <trkpt lat="-20.905723" lon="55.410409"><ele>493.0</ele></trkpt>
      <trkpt lat="-20.905845" lon="55.410366"><ele>495.4</ele></trkpt>
      <trkpt lat="-20.906034" lon="55.410446"><ele>497.2</ele></trkpt>
      <trkpt lat="-20.906417" lon="55.410237"><ele>499.8</ele></trkpt>
      <trkpt lat="-20.906715" lon="55.410282"><ele>501.2</ele></trkpt>
      <trkpt lat="-20.906618" lon="55.410419"><ele>503.2</ele></trkpt>
      <trkpt lat="-20.906360" lon="55.410582"><ele>507.0</ele></trkpt>
      <trkpt lat="-20.906124" lon="55.410603"><ele>508.4</ele></trkpt>
      <trkpt lat="-20.906020" lon="55.410732"><ele>509.6</ele></trkpt>
      <trkpt lat="-20.906078" lon="55.410834"><ele>511.0</ele></trkpt>
      <trkpt lat="-20.906262" lon="55.410787"><ele>514.2</ele></trkpt>
      <trkpt lat="-20.906378" lon="55.410879"><ele>516.6</ele></trkpt>
      <trkpt lat="-20.906176" lon="55.411100"><ele>520.2</ele></trkpt>
      <trkpt lat="-20.906116" lon="55.411712"><ele>528.2</ele></trkpt>
      <trkpt lat="-20.906443" lon="55.411970"><ele>533.6</ele></trkpt>
      <trkpt lat="-20.906750" lon="55.412780"><ele>542.2</ele></trkpt>
      <trkpt lat="-20.906753" lon="55.413123"><ele>545.4</ele></trkpt>
      <trkpt lat="-20.906845" lon="55.413103"><ele>547.8</ele></trkpt>
      <trkpt lat="-20.906835" lon="55.412861"><ele>550.8</ele></trkpt>
      <trkpt lat="-20.907000" lon="55.412097"><ele>557.8</ele></trkpt>
      <trkpt lat="-20.907110" lon="55.411956"><ele>559.2</ele></trkpt>
      <trkpt lat="-20.907336" lon="55.411936"><ele>561.6</ele></trkpt>
      <trkpt lat="-20.907637" lon="55.412182"><ele>567.0</ele></trkpt>
      <trkpt lat="-20.907898" lon="55.412230"><ele>571.0</ele></trkpt>
      <trkpt lat="-20.907820" lon="55.412374"><ele>572.6</ele></trkpt>
      <trkpt lat="-20.907396" lon="55.412381"><ele>575.2</ele></trkpt>
      <trkpt lat="-20.907378" lon="55.412595"><ele>576.2</ele></trkpt>
      <trkpt lat="-20.908695" lon="55.413676"><ele>595.8</ele></trkpt>
      <trkpt lat="-20.908778" lon="55.414502"><ele>593.4</ele></trkpt>
      <trkpt lat="-20.908897" lon="55.414942"><ele>591.2</ele></trkpt>
      <trkpt lat="-20.908611" lon="55.415684"><ele>585.8</ele></trkpt>
      <trkpt lat="-20.908436" lon="55.415941"><ele>584.0</ele></trkpt>
      <trkpt lat="-20.908458" lon="55.416063"><ele>583.6</ele></trkpt>
      <trkpt lat="-20.908843" lon="55.416146"><ele>594.2</ele></trkpt>
      <trkpt lat="-20.909083" lon="55.416335"><ele>604.2</ele></trkpt>
      <trkpt lat="-20.909307" lon="55.416330"><ele>610.2</ele></trkpt>
      <trkpt lat="-20.909455" lon="55.416140"><ele>617.6</ele></trkpt>
      <trkpt lat="-20.909489" lon="55.415873"><ele>626.2</ele></trkpt>
      <trkpt lat="-20.909633" lon="55.415663"><ele>632.6</ele></trkpt>
      <trkpt lat="-20.909866" lon="55.415504"><ele>639.4</ele></trkpt>
      <trkpt lat="-20.910034" lon="55.415483"><ele>643.4</ele></trkpt>
      <trkpt lat="-20.910752" lon="55.415658"><ele>651.8</ele></trkpt>
      <trkpt lat="-20.911070" lon="55.415644"><ele>660.4</ele></trkpt>
      <trkpt lat="-20.911243" lon="55.415782"><ele>665.0</ele></trkpt>
      <trkpt lat="-20.911488" lon="55.416304"><ele>675.4</ele></trkpt>
      <trkpt lat="-20.911744" lon="55.416357"><ele>679.0</ele></trkpt>
      <trkpt lat="-20.911779" lon="55.416562"><ele>683.4</ele></trkpt>
      <trkpt lat="-20.912028" lon="55.416878"><ele>692.2</ele></trkpt>
      <trkpt lat="-20.912138" lon="55.416869"><ele>695.6</ele></trkpt>
      <trkpt lat="-20.912303" lon="55.417031"><ele>701.4</ele></trkpt>
      <trkpt lat="-20.912751" lon="55.417183"><ele>713.6</ele></trkpt>
      <trkpt lat="-20.913172" lon="55.417212"><ele>726.6</ele></trkpt>
      <trkpt lat="-20.914130" lon="55.417923"><ele>739.6</ele></trkpt>
      <trkpt lat="-20.914164" lon="55.418274"><ele>741.8</ele></trkpt>
      <trkpt lat="-20.914050" lon="55.418636"><ele>737.6</ele></trkpt>
      <trkpt lat="-20.913839" lon="55.418850"><ele>735.8</ele></trkpt>
      <trkpt lat="-20.913780" lon="55.419463"><ele>735.2</ele></trkpt>
      <trkpt lat="-20.913574" lon="55.419643"><ele>741.2</ele></trkpt>
      <trkpt lat="-20.913243" lon="55.419699"><ele>746.4</ele></trkpt>
      <trkpt lat="-20.913068" lon="55.420141"><ele>744.8</ele></trkpt>
      <trkpt lat="-20.912605" lon="55.420246"><ele>746.4</ele></trkpt>
      <trkpt lat="-20.912442" lon="55.420922"><ele>746.6</ele></trkpt>
      <trkpt lat="-20.912144" lon="55.421258"><ele>750.0</ele></trkpt>
      <trkpt lat="-20.911776" lon="55.421410"><ele>750.8</ele></trkpt>
      <trkpt lat="-20.911280" lon="55.421451"><ele>749.2</ele></trkpt>
      <trkpt lat="-20.911208" lon="55.421595"><ele>749.6</ele></trkpt>
      <trkpt lat="-20.911198" lon="55.422084"><ele>751.2</ele></trkpt>
      <trkpt lat="-20.910875" lon="55.422608"><ele>742.8</ele></trkpt>
      <trkpt lat="-20.910502" lon="55.422760"><ele>738.2</ele></trkpt>
      <trkpt lat="-20.910040" lon="55.422832"><ele>733.0</ele></trkpt>
      <trkpt lat="-20.909183" lon="55.423224"><ele>721.2</ele></trkpt>
      <trkpt lat="-20.908974" lon="55.423255"><ele>718.0</ele></trkpt>
      <trkpt lat="-20.908370" lon="55.423583"><ele>710.6</ele></trkpt>
      <trkpt lat="-20.908290" lon="55.423724"><ele>711.2</ele></trkpt>
      <trkpt lat="-20.908274" lon="55.423654"><ele>711.0</ele></trkpt>
      <trkpt lat="-20.908150" lon="55.423648"><ele>711.2</ele></trkpt>
      <trkpt lat="-20.907918" lon="55.423727"><ele>711.8</ele></trkpt>
      <trkpt lat="-20.906662" lon="55.424786"><ele>701.0</ele></trkpt>
      <trkpt lat="-20.906427" lon="55.424896"><ele>698.8</ele></trkpt>
      <trkpt lat="-20.906275" lon="55.425093"><ele>700.2</ele></trkpt>
      <trkpt lat="-20.906184" lon="55.425413"><ele>699.4</ele></trkpt>
      <trkpt lat="-20.905415" lon="55.425945"><ele>705.4</ele></trkpt>
      <trkpt lat="-20.905399" lon="55.426187"><ele>706.8</ele></trkpt>
      <trkpt lat="-20.905642" lon="55.426583"><ele>707.4</ele></trkpt>
      <trkpt lat="-20.905698" lon="55.426817"><ele>707.6</ele></trkpt>
      <trkpt lat="-20.904873" lon="55.427805"><ele>698.2</ele></trkpt>
      <trkpt lat="-20.904783" lon="55.428242"><ele>682.4</ele></trkpt>
      <trkpt lat="-20.904500" lon="55.428474"><ele>675.6</ele></trkpt>
      <trkpt lat="-20.904372" lon="55.429206"><ele>671.6</ele></trkpt>
      <trkpt lat="-20.904094" lon="55.430051"><ele>669.0</ele></trkpt>
      <trkpt lat="-20.903511" lon="55.430361"><ele>669.4</ele></trkpt>
      <trkpt lat="-20.902400" lon="55.430178"><ele>657.2</ele></trkpt>
      <trkpt lat="-20.902294" lon="55.430514"><ele>652.8</ele></trkpt>
      <trkpt lat="-20.902458" lon="55.430960"><ele>647.4</ele></trkpt>
      <trkpt lat="-20.901632" lon="55.431494"><ele>615.2</ele></trkpt>
      <trkpt lat="-20.901730" lon="55.431725"><ele>610.0</ele></trkpt>
      <trkpt lat="-20.901492" lon="55.431673"><ele>606.4</ele></trkpt>
      <trkpt lat="-20.901517" lon="55.431865"><ele>601.2</ele></trkpt>
      <trkpt lat="-20.900797" lon="55.432102"><ele>581.8</ele></trkpt>
      <trkpt lat="-20.900743" lon="55.432145"><ele>579.2</ele></trkpt>
      <trkpt lat="-20.900775" lon="55.432281"><ele>574.8</ele></trkpt>
      <trkpt lat="-20.900505" lon="55.432246"><ele>570.0</ele></trkpt>
      <trkpt lat="-20.900308" lon="55.432338"><ele>564.2</ele></trkpt>
      <trkpt lat="-20.900294" lon="55.432558"><ele>559.2</ele></trkpt>
      <trkpt lat="-20.900187" lon="55.432656"><ele>557.0</ele></trkpt>
      <trkpt lat="-20.900022" lon="55.432667"><ele>556.2</ele></trkpt>
      <trkpt lat="-20.899874" lon="55.432560"><ele>551.6</ele></trkpt>
      <trkpt lat="-20.899673" lon="55.432619"><ele>546.8</ele></trkpt>
      <trkpt lat="-20.899616" lon="55.432555"><ele>543.2</ele></trkpt>
      <trkpt lat="-20.899646" lon="55.432384"><ele>539.8</ele></trkpt>
      <trkpt lat="-20.899462" lon="55.432287"><ele>533.0</ele></trkpt>
      <trkpt lat="-20.899270" lon="55.432558"><ele>522.6</ele></trkpt>
      <trkpt lat="-20.898861" lon="55.432654"><ele>512.4</ele></trkpt>
      <trkpt lat="-20.898607" lon="55.432617"><ele>507.6</ele></trkpt>
      <trkpt lat="-20.898576" lon="55.432912"><ele>503.0</ele></trkpt>
      <trkpt lat="-20.898414" lon="55.432718"><ele>496.4</ele></trkpt>
      <trkpt lat="-20.898311" lon="55.432835"><ele>492.6</ele></trkpt>
      <trkpt lat="-20.898250" lon="55.432746"><ele>490.4</ele></trkpt>
      <trkpt lat="-20.898087" lon="55.432736"><ele>491.4</ele></trkpt>
      <trkpt lat="-20.897156" lon="55.432957"><ele>501.2</ele></trkpt>
      <trkpt lat="-20.896795" lon="55.432815"><ele>503.6</ele></trkpt>
      <trkpt lat="-20.896712" lon="55.432887"><ele>502.8</ele></trkpt>
      <trkpt lat="-20.896414" lon="55.432917"><ele>496.8</ele></trkpt>
      <trkpt lat="-20.895984" lon="55.433161"><ele>491.8</ele></trkpt>
      <trkpt lat="-20.896001" lon="55.433219"><ele>489.2</ele></trkpt>
      <trkpt lat="-20.896210" lon="55.433240"><ele>483.2</ele></trkpt>
      <trkpt lat="-20.895891" lon="55.433866"><ele>470.6</ele></trkpt>
      <trkpt lat="-20.895549" lon="55.433998"><ele>461.8</ele></trkpt>
      <trkpt lat="-20.895324" lon="55.433935"><ele>454.2</ele></trkpt>
      <trkpt lat="-20.895260" lon="55.434003"><ele>449.0</ele></trkpt>
      <trkpt lat="-20.895110" lon="55.433970"><ele>442.8</ele></trkpt>
      <trkpt lat="-20.894684" lon="55.434218"><ele>431.6</ele></trkpt>
      <trkpt lat="-20.895431" lon="55.434331"><ele>425.8</ele></trkpt>
      <trkpt lat="-20.895760" lon="55.434659"><ele>421.6</ele></trkpt>
      <trkpt lat="-20.895633" lon="55.434583"><ele>417.6</ele></trkpt>
      <trkpt lat="-20.895552" lon="55.434727"><ele>412.2</ele></trkpt>
      <trkpt lat="-20.895413" lon="55.434468"><ele>406.0</ele></trkpt>
      <trkpt lat="-20.895020" lon="55.434601"><ele>400.0</ele></trkpt>
      <trkpt lat="-20.894598" lon="55.434947"><ele>387.2</ele></trkpt>
      <trkpt lat="-20.894564" lon="55.435009"><ele>386.6</ele></trkpt>
      <trkpt lat="-20.894635" lon="55.435037"><ele>383.2</ele></trkpt>
      <trkpt lat="-20.894581" lon="55.435114"><ele>379.6</ele></trkpt>
      <trkpt lat="-20.894345" lon="55.435239"><ele>372.4</ele></trkpt>
      <trkpt lat="-20.894175" lon="55.435223"><ele>371.0</ele></trkpt>
      <trkpt lat="-20.894230" lon="55.435318"><ele>368.4</ele></trkpt>
      <trkpt lat="-20.894328" lon="55.435314"><ele>366.6</ele></trkpt>
      <trkpt lat="-20.894335" lon="55.435422"><ele>361.6</ele></trkpt>
      <trkpt lat="-20.894249" lon="55.435438"><ele>360.4</ele></trkpt>
      <trkpt lat="-20.894187" lon="55.435348"><ele>358.2</ele></trkpt>
      <trkpt lat="-20.894209" lon="55.435580"><ele>351.4</ele></trkpt>
      <trkpt lat="-20.894086" lon="55.435600"><ele>343.6</ele></trkpt>
      <trkpt lat="-20.894052" lon="55.435681"><ele>340.0</ele></trkpt>
      <trkpt lat="-20.894011" lon="55.435630"><ele>336.6</ele></trkpt>
      <trkpt lat="-20.894031" lon="55.435692"><ele>334.0</ele></trkpt>
      <trkpt lat="-20.893981" lon="55.435572"><ele>330.2</ele></trkpt>
      <trkpt lat="-20.893918" lon="55.435593"><ele>328.8</ele></trkpt>
      <trkpt lat="-20.893938" lon="55.435678"><ele>325.0</ele></trkpt>
      <trkpt lat="-20.893835" lon="55.435735"><ele>321.0</ele></trkpt>
      <trkpt lat="-20.893937" lon="55.436202"><ele>308.4</ele></trkpt>
      <trkpt lat="-20.893883" lon="55.436277"><ele>305.2</ele></trkpt>
      <trkpt lat="-20.893950" lon="55.436247"><ele>304.2</ele></trkpt>
      <trkpt lat="-20.893940" lon="55.436301"><ele>301.6</ele></trkpt>
      <trkpt lat="-20.893811" lon="55.436371"><ele>295.4</ele></trkpt>
      <trkpt lat="-20.893667" lon="55.436247"><ele>289.6</ele></trkpt>
      <trkpt lat="-20.893655" lon="55.436491"><ele>278.0</ele></trkpt>
      <trkpt lat="-20.893449" lon="55.436333"><ele>274.2</ele></trkpt>
      <trkpt lat="-20.893384" lon="55.436405"><ele>272.8</ele></trkpt>
      <trkpt lat="-20.893561" lon="55.436522"><ele>271.2</ele></trkpt>
      <trkpt lat="-20.893474" lon="55.436449"><ele>267.4</ele></trkpt>
      <trkpt lat="-20.893310" lon="55.436653"><ele>254.0</ele></trkpt>
      <trkpt lat="-20.893184" lon="55.436457"><ele>253.4</ele></trkpt>
      <trkpt lat="-20.893106" lon="55.436528"><ele>251.4</ele></trkpt>
      <trkpt lat="-20.892776" lon="55.436533"><ele>249.2</ele></trkpt>
      <trkpt lat="-20.892474" lon="55.436944"><ele>238.0</ele></trkpt>
      <trkpt lat="-20.892465" lon="55.437146"><ele>232.6</ele></trkpt>
      <trkpt lat="-20.892151" lon="55.437616"><ele>225.8</ele></trkpt>
      <trkpt lat="-20.891743" lon="55.437862"><ele>209.4</ele></trkpt>
      <trkpt lat="-20.891737" lon="55.437924"><ele>206.0</ele></trkpt>
      <trkpt lat="-20.891876" lon="55.437935"><ele>202.8</ele></trkpt>
      <trkpt lat="-20.891730" lon="55.438027"><ele>198.4</ele></trkpt>
      <trkpt lat="-20.891875" lon="55.438092"><ele>192.0</ele></trkpt>
      <trkpt lat="-20.891667" lon="55.438234"><ele>189.8</ele></trkpt>
      <trkpt lat="-20.891538" lon="55.438537"><ele>193.4</ele></trkpt>
      <trkpt lat="-20.891242" lon="55.438654"><ele>191.8</ele></trkpt>
      <trkpt lat="-20.890886" lon="55.438956"><ele>190.0</ele></trkpt>
      <trkpt lat="-20.890578" lon="55.438905"><ele>186.8</ele></trkpt>
      <trkpt lat="-20.890501" lon="55.439008"><ele>183.2</ele></trkpt>
      <trkpt lat="-20.890213" lon="55.438746"><ele>181.6</ele></trkpt>
      <trkpt lat="-20.890031" lon="55.438787"><ele>180.2</ele></trkpt>
      <trkpt lat="-20.890088" lon="55.438837"><ele>176.4</ele></trkpt>
      <trkpt lat="-20.890027" lon="55.438907"><ele>170.0</ele></trkpt>
      <trkpt lat="-20.889910" lon="55.438885"><ele>167.4</ele></trkpt>
      <trkpt lat="-20.889312" lon="55.439563"><ele>163.8</ele></trkpt>
      <trkpt lat="-20.889022" lon="55.439735"><ele>165.2</ele></trkpt>
      <trkpt lat="-20.888606" lon="55.440175"><ele>163.4</ele></trkpt>
      <trkpt lat="-20.888535" lon="55.440391"><ele>157.6</ele></trkpt>
      <trkpt lat="-20.888313" lon="55.440494"><ele>150.2</ele></trkpt>
      <trkpt lat="-20.888345" lon="55.440593"><ele>146.6</ele></trkpt>
      <trkpt lat="-20.888047" lon="55.440551"><ele>141.2</ele></trkpt>
      <trkpt lat="-20.888186" lon="55.440809"><ele>137.4</ele></trkpt>
      <trkpt lat="-20.888261" lon="55.440817"><ele>136.0</ele></trkpt>
      <trkpt lat="-20.888067" lon="55.440874"><ele>129.6</ele></trkpt>
      <trkpt lat="-20.888300" lon="55.440952"><ele>127.2</ele></trkpt>
      <trkpt lat="-20.888569" lon="55.440905"><ele>124.0</ele></trkpt>
      <trkpt lat="-20.888635" lon="55.440968"><ele>118.8</ele></trkpt>
      <trkpt lat="-20.888553" lon="55.441053"><ele>116.4</ele></trkpt>
      <trkpt lat="-20.888082" lon="55.441283"><ele>105.8</ele></trkpt>
      <trkpt lat="-20.887861" lon="55.441220"><ele>101.2</ele></trkpt>
      <trkpt lat="-20.887781" lon="55.441324"><ele>93.8</ele></trkpt>
      <trkpt lat="-20.887686" lon="55.441259"><ele>92.6</ele></trkpt>
      <trkpt lat="-20.887648" lon="55.441388"><ele>89.2</ele></trkpt>
      <trkpt lat="-20.887733" lon="55.441419"><ele>86.2</ele></trkpt>
      <trkpt lat="-20.887633" lon="55.441550"><ele>80.2</ele></trkpt>
      <trkpt lat="-20.887663" lon="55.441815"><ele>74.6</ele></trkpt>
      <trkpt lat="-20.887485" lon="55.441961"><ele>72.8</ele></trkpt>
      <trkpt lat="-20.887206" lon="55.441996"><ele>76.2</ele></trkpt>
      <trkpt lat="-20.885324" lon="55.443262"><ele>62.2</ele></trkpt>
      <trkpt lat="-20.885095" lon="55.443270"><ele>59.8</ele></trkpt>
      <trkpt lat="-20.884420" lon="55.443757"><ele>56.2</ele></trkpt>
      <trkpt lat="-20.884339" lon="55.443748"><ele>55.8</ele></trkpt>
      <trkpt lat="-20.884175" lon="55.443201"><ele>55.6</ele></trkpt>
      <trkpt lat="-20.884177" lon="55.442940"><ele>56.0</ele></trkpt>
      <trkpt lat="-20.884268" lon="55.442774"><ele>57.4</ele></trkpt>
      <trkpt lat="-20.884651" lon="55.442879"><ele>57.2</ele></trkpt>
      <trkpt lat="-20.884905" lon="55.442759"><ele>57.0</ele></trkpt>
      <trkpt lat="-20.885059" lon="55.441983"><ele>58.8</ele></trkpt>
      <trkpt lat="-20.884924" lon="55.441637"><ele>60.0</ele></trkpt>
      <trkpt lat="-20.884863" lon="55.441731"><ele>59.8</ele></trkpt>
      <trkpt lat="-20.884930" lon="55.441719"><ele>59.4</ele></trkpt>
    </trkseg>
  </trk>
</gpx>
