<?xml version="1.0" encoding="UTF-8"?>
<gpx version="1.1" creator="gpx-processor" xmlns="http://www.topografix.com/GPX/1/1">
  <metadata><name>Maxi-Race - Le Tour du Lac</name></metadata>
  <trk>
    <name>Maxi-Race - Le Tour du Lac</name>
    <trkseg>
      <trkpt lat="45.905880" lon="6.156510"><ele>449.2</ele></trkpt>
      <trkpt lat="45.905890" lon="6.155864"><ele>449.4</ele></trkpt>
      <trkpt lat="45.905775" lon="6.154822"><ele>449.8</ele></trkpt>
      <trkpt lat="45.904585" lon="6.146757"><ele>451.8</ele></trkpt>
      <trkpt lat="45.904699" lon="6.145018"><ele>451.6</ele></trkpt>
      <trkpt lat="45.905052" lon="6.143620"><ele>452.2</ele></trkpt>
      <trkpt lat="45.905092" lon="6.142831"><ele>451.6</ele></trkpt>
      <trkpt lat="45.905061" lon="6.142471"><ele>451.6</ele></trkpt>
      <trkpt lat="45.904636" lon="6.140843"><ele>451.6</ele></trkpt>
      <trkpt lat="45.903032" lon="6.135172"><ele>452.0</ele></trkpt>
      <trkpt lat="45.902115" lon="6.133996"><ele>452.6</ele></trkpt>
      <trkpt lat="45.901204" lon="6.132426"><ele>452.8</ele></trkpt>
      <trkpt lat="45.900636" lon="6.131913"><ele>452.8</ele></trkpt>
      <trkpt lat="45.900273" lon="6.131368"><ele>454.8</ele></trkpt>
      <trkpt lat="45.900125" lon="6.131338"><ele>455.2</ele></trkpt>
      <trkpt lat="45.899825" lon="6.132110"><ele>453.0</ele></trkpt>
      <trkpt lat="45.899494" lon="6.132389"><ele>453.0</ele></trkpt>
      <trkpt lat="45.899023" lon="6.132423"><ele>452.8</ele></trkpt>
      <trkpt lat="45.898657" lon="6.132101"><ele>452.8</ele></trkpt>
      <trkpt lat="45.898459" lon="6.131526"><ele>452.8</ele></trkpt>
      <trkpt lat="45.898432" lon="6.129147"><ele>453.0</ele></trkpt>
      <trkpt lat="45.898108" lon="6.129193"><ele>453.2</ele></trkpt>
      <trkpt lat="45.898080" lon="6.132031"><ele>451.4</ele></trkpt>
      <trkpt lat="45.897911" lon="6.132671"><ele>451.2</ele></trkpt>
      <trkpt lat="45.897489" lon="6.133401"><ele>451.4</ele></trkpt>
      <trkpt lat="45.896504" lon="6.134591"><ele>451.0</ele></trkpt>
      <trkpt lat="45.896295" lon="6.134723"><ele>451.0</ele></trkpt>
      <trkpt lat="45.895652" lon="6.133679"><ele>451.6</ele></trkpt>
      <trkpt lat="45.895562" lon="6.133637"><ele>451.6</ele></trkpt>
      <trkpt lat="45.895293" lon="6.133895"><ele>451.6</ele></trkpt>
      <trkpt lat="45.895095" lon="6.133915"><ele>451.4</ele></trkpt>
      <trkpt lat="45.894284" lon="6.134834"><ele>451.0</ele></trkpt>
      <trkpt lat="45.892702" lon="6.137167"><ele>450.6</ele></trkpt>
      <trkpt lat="45.891880" lon="6.136258"><ele>457.0</ele></trkpt>
      <trkpt lat="45.891833" lon="6.135922"><ele>462.2</ele></trkpt>
      <trkpt lat="45.891740" lon="6.135795"><ele>464.2</ele></trkpt>
      <trkpt lat="45.891147" lon="6.135708"><ele>468.0</ele></trkpt>
      <trkpt lat="45.891041" lon="6.134539"><ele>495.8</ele></trkpt>
      <trkpt lat="45.890233" lon="6.134478"><ele>519.6</ele></trkpt>
      <trkpt lat="45.890163" lon="6.134111"><ele>527.0</ele></trkpt>
      <trkpt lat="45.890169" lon="6.133485"><ele>534.6</ele></trkpt>
      <trkpt lat="45.889978" lon="6.133282"><ele>536.4</ele></trkpt>
      <trkpt lat="45.889235" lon="6.134298"><ele>549.2</ele></trkpt>
      <trkpt lat="45.888531" lon="6.134894"><ele>558.4</ele></trkpt>
      <trkpt lat="45.888067" lon="6.135144"><ele>562.8</ele></trkpt>
      <trkpt lat="45.886634" lon="6.135114"><ele>588.8</ele></trkpt>
      <trkpt lat="45.886139" lon="6.134837"><ele>600.0</ele></trkpt>
      <trkpt lat="45.885608" lon="6.134129"><ele>616.8</ele></trkpt>
      <trkpt lat="45.884758" lon="6.134096"><ele>634.0</ele></trkpt>
      <trkpt lat="45.884247" lon="6.133962"><ele>643.0</ele></trkpt>
      <trkpt lat="45.883872" lon="6.134006"><ele>646.8</ele></trkpt>
      <trkpt lat="45.883436" lon="6.133436"><ele>652.2</ele></trkpt>
      <trkpt lat="45.883248" lon="6.133321"><ele>653.6</ele></trkpt>
      <trkpt lat="45.882806" lon="6.133387"><ele>652.0</ele></trkpt>
      <trkpt lat="45.882496" lon="6.134094"><ele>646.2</ele></trkpt>
      <trkpt lat="45.881720" lon="6.134523"><ele>646.4</ele></trkpt>
      <trkpt lat="45.880581" lon="6.134185"><ele>662.8</ele></trkpt>
      <trkpt lat="45.880196" lon="6.134290"><ele>669.2</ele></trkpt>
      <trkpt lat="45.879105" lon="6.134307"><ele>685.4</ele></trkpt>
      <trkpt lat="45.878725" lon="6.134552"><ele>687.6</ele></trkpt>
      <trkpt lat="45.878448" lon="6.134458"><ele>689.8</ele></trkpt>
      <trkpt lat="45.878068" lon="6.134598"><ele>689.0</ele></trkpt>
      <trkpt lat="45.877357" lon="6.134410"><ele>704.6</ele></trkpt>
      <trkpt lat="45.877060" lon="6.134426"><ele>706.8</ele></trkpt>
      <trkpt lat="45.876252" lon="6.134646"><ele>704.0</ele></trkpt>
      <trkpt lat="45.875879" lon="6.134651"><ele>701.0</ele></trkpt>
      <trkpt lat="45.875763" lon="6.134775"><ele>702.2</ele></trkpt>
      <trkpt lat="45.875629" lon="6.134589"><ele>708.6</ele></trkpt>
      <trkpt lat="45.875186" lon="6.134323"><ele>713.2</ele></trkpt>
      <trkpt lat="45.874640" lon="6.134147"><ele>718.6</ele></trkpt>
      <trkpt lat="45.874192" lon="6.133813"><ele>729.6</ele></trkpt>
      <trkpt lat="45.873672" lon="6.133159"><ele>733.2</ele></trkpt>
      <trkpt lat="45.872515" lon="6.133456"><ele>725.0</ele></trkpt>
      <trkpt lat="45.871718" lon="6.133395"><ele>728.0</ele></trkpt>
      <trkpt lat="45.871359" lon="6.133213"><ele>738.2</ele></trkpt>
      <trkpt lat="45.870991" lon="6.133243"><ele>737.6</ele></trkpt>
      <trkpt lat="45.870496" lon="6.132732"><ele>753.6</ele></trkpt>
      <trkpt lat="45.870366" lon="6.132718"><ele>754.0</ele></trkpt>
      <trkpt lat="45.869946" lon="6.131876"><ele>760.8</ele></trkpt>
      <trkpt lat="45.869699" lon="6.131732"><ele>768.0</ele></trkpt>
      <trkpt lat="45.869417" lon="6.131341"><ele>777.0</ele></trkpt>
      <trkpt lat="45.869048" lon="6.131284"><ele>781.2</ele></trkpt>
      <trkpt lat="45.868869" lon="6.131396"><ele>781.2</ele></trkpt>
      <trkpt lat="45.868548" lon="6.131385"><ele>780.8</ele></trkpt>
      <trkpt lat="45.867875" lon="6.131269"><ele>782.8</ele></trkpt>
      <trkpt lat="45.867421" lon="6.131639"><ele>779.4</ele></trkpt>
      <trkpt lat="45.867138" lon="6.131633"><ele>779.4</ele></trkpt>
      <trkpt lat="45.866863" lon="6.131877"><ele>774.8</ele></trkpt>
      <trkpt lat="45.866444" lon="6.131724"><ele>777.0</ele></trkpt>
      <trkpt lat="45.866058" lon="6.131733"><ele>773.2</ele></trkpt>
      <trkpt lat="45.865605" lon="6.131327"><ele>784.6</ele></trkpt>
      <trkpt lat="45.865474" lon="6.131317"><ele>788.2</ele></trkpt>
      <trkpt lat="45.865400" lon="6.131438"><ele>787.8</ele></trkpt>
      <trkpt lat="45.864975" lon="6.131360"><ele>789.6</ele></trkpt>
      <trkpt lat="45.864699" lon="6.131439"><ele>788.8</ele></trkpt>
      <trkpt lat="45.863964" lon="6.131166"><ele>797.4</ele></trkpt>
      <trkpt lat="45.863549" lon="6.131211"><ele>798.4</ele></trkpt>
      <trkpt lat="45.862964" lon="6.131042"><ele>800.4</ele></trkpt>
      <trkpt lat="45.862476" lon="6.131186"><ele>798.4</ele></trkpt>
      <trkpt lat="45.861374" lon="6.131114"><ele>798.0</ele></trkpt>
      <trkpt lat="45.860372" lon="6.131437"><ele>794.4</ele></trkpt>
      <trkpt lat="45.859846" lon="6.131243"><ele>794.4</ele></trkpt>
      <trkpt lat="45.859558" lon="6.130975"><ele>804.8</ele></trkpt>
      <trkpt lat="45.859292" lon="6.131011"><ele>810.8</ele></trkpt>
      <trkpt lat="45.858457" lon="6.130387"><ele>821.4</ele></trkpt>
      <trkpt lat="45.858146" lon="6.130360"><ele>823.8</ele></trkpt>
      <trkpt lat="45.857894" lon="6.130492"><ele>822.0</ele></trkpt>
      <trkpt lat="45.857606" lon="6.130412"><ele>821.2</ele></trkpt>
      <trkpt lat="45.857289" lon="6.130785"><ele>820.4</ele></trkpt>
      <trkpt lat="45.857078" lon="6.130863"><ele>821.8</ele></trkpt>
      <trkpt lat="45.856502" lon="6.130780"><ele>831.0</ele></trkpt>
      <trkpt lat="45.855591" lon="6.130972"><ele>845.4</ele></trkpt>
      <trkpt lat="45.854617" lon="6.130431"><ele>857.8</ele></trkpt>
      <trkpt lat="45.854158" lon="6.130352"><ele>862.0</ele></trkpt>
      <trkpt lat="45.853786" lon="6.130154"><ele>869.0</ele></trkpt>
      <trkpt lat="45.853457" lon="6.130183"><ele>872.0</ele></trkpt>
      <trkpt lat="45.853193" lon="6.129947"><ele>879.6</ele></trkpt>
      <trkpt lat="45.852572" lon="6.129978"><ele>878.8</ele></trkpt>
      <trkpt lat="45.852065" lon="6.129766"><ele>886.6</ele></trkpt>
      <trkpt lat="45.851788" lon="6.129855"><ele>884.8</ele></trkpt>
      <trkpt lat="45.851676" lon="6.129704"><ele>890.8</ele></trkpt>
      <trkpt lat="45.851428" lon="6.129678"><ele>889.8</ele></trkpt>
      <trkpt lat="45.851364" lon="6.128997"><ele>907.2</ele></trkpt>
      <trkpt lat="45.851455" lon="6.128124"><ele>927.0</ele></trkpt>
      <trkpt lat="45.851679" lon="6.127415"><ele>937.6</ele></trkpt>
      <trkpt lat="45.851646" lon="6.127017"><ele>944.8</ele></trkpt>
      <trkpt lat="45.851510" lon="6.126601"><ele>951.6</ele></trkpt>
      <trkpt lat="45.851606" lon="6.126332"><ele>953.6</ele></trkpt>
      <trkpt lat="45.851557" lon="6.125742"><ele>957.4</ele></trkpt>
      <trkpt lat="45.851449" lon="6.125407"><ele>960.4</ele></trkpt>
      <trkpt lat="45.851051" lon="6.124844"><ele>967.2</ele></trkpt>
      <trkpt lat="45.850724" lon="6.123699"><ele>969.8</ele></trkpt>
      <trkpt lat="45.850476" lon="6.123114"><ele>974.0</ele></trkpt>
      <trkpt lat="45.850128" lon="6.122638"><ele>980.4</ele></trkpt>
      <trkpt lat="45.850024" lon="6.122067"><ele>980.0</ele></trkpt>
      <trkpt lat="45.849948" lon="6.120600"><ele>969.0</ele></trkpt>
      <trkpt lat="45.850203" lon="6.120068"><ele>958.4</ele></trkpt>
      <trkpt lat="45.850416" lon="6.119934"><ele>953.4</ele></trkpt>
      <trkpt lat="45.850405" lon="6.119396"><ele>946.8</ele></trkpt>
      <trkpt lat="45.850551" lon="6.118762"><ele>941.0</ele></trkpt>
      <trkpt lat="45.850754" lon="6.118387"><ele>932.4</ele></trkpt>
      <trkpt lat="45.850759" lon="6.118074"><ele>927.4</ele></trkpt>
      <trkpt lat="45.850169" lon="6.117606"><ele>939.4</ele></trkpt>
      <trkpt lat="45.849783" lon="6.117617"><ele>948.4</ele></trkpt>
      <trkpt lat="45.849558" lon="6.117463"><ele>950.8</ele></trkpt>
      <trkpt lat="45.849401" lon="6.117666"><ele>951.8</ele></trkpt>
      <trkpt lat="45.849290" lon="6.117636"><ele>953.4</ele></trkpt>
      <trkpt lat="45.849150" lon="6.116668"><ele>960.6</ele></trkpt>
      <trkpt lat="45.849057" lon="6.116452"><ele>961.8</ele></trkpt>
      <trkpt lat="45.847872" lon="6.115043"><ele>976.4</ele></trkpt>
      <trkpt lat="45.847329" lon="6.114917"><ele>981.4</ele></trkpt>
      <trkpt lat="45.847216" lon="6.115023"><ele>982.8</ele></trkpt>
      <trkpt lat="45.847080" lon="6.115392"><ele>984.6</ele></trkpt>
      <trkpt lat="45.846865" lon="6.115416"><ele>987.0</ele></trkpt>
      <trkpt lat="45.846513" lon="6.115145"><ele>990.6</ele></trkpt>
      <trkpt lat="45.846311" lon="6.114838"><ele>993.6</ele></trkpt>
      <trkpt lat="45.845487" lon="6.114566"><ele>1000.0</ele></trkpt>
      <trkpt lat="45.845111" lon="6.114242"><ele>1003.6</ele></trkpt>
      <trkpt lat="45.844385" lon="6.113970"><ele>1008.8</ele></trkpt>
      <trkpt lat="45.843597" lon="6.113249"><ele>1018.2</ele></trkpt>
      <trkpt lat="45.843444" lon="6.112932"><ele>1020.8</ele></trkpt>
      <trkpt lat="45.843298" lon="6.112826"><ele>1022.6</ele></trkpt>
      <trkpt lat="45.843190" lon="6.112937"><ele>1024.0</ele></trkpt>
      <trkpt lat="45.843216" lon="6.113056"><ele>1025.2</ele></trkpt>
      <trkpt lat="45.843561" lon="6.113536"><ele>1029.8</ele></trkpt>
      <trkpt lat="45.843777" lon="6.114664"><ele>1035.4</ele></trkpt>
      <trkpt lat="45.844013" lon="6.115080"><ele>1038.8</ele></trkpt>
      <trkpt lat="45.843962" lon="6.115182"><ele>1039.4</ele></trkpt>
      <trkpt lat="45.843768" lon="6.115150"><ele>1040.6</ele></trkpt>
      <trkpt lat="45.843549" lon="6.114817"><ele>1042.4</ele></trkpt>
      <trkpt lat="45.843477" lon="6.114459"><ele>1044.2</ele></trkpt>
      <trkpt lat="45.843331" lon="6.114333"><ele>1045.4</ele></trkpt>
      <trkpt lat="45.843245" lon="6.114382"><ele>1046.2</ele></trkpt>
      <trkpt lat="45.843212" lon="6.114537"><ele>1047.2</ele></trkpt>
      <trkpt lat="45.843420" lon="6.115893"><ele>1058.2</ele></trkpt>
      <trkpt lat="45.843359" lon="6.116666"><ele>1063.0</ele></trkpt>
      <trkpt lat="45.843141" lon="6.117341"><ele>1068.0</ele></trkpt>
      <trkpt lat="45.843261" lon="6.117929"><ele>1072.2</ele></trkpt>
      <trkpt lat="45.843009" lon="6.118503"><ele>1076.0</ele></trkpt>
      <trkpt lat="45.842660" lon="6.118626"><ele>1079.4</ele></trkpt>
      <trkpt lat="45.842499" lon="6.118456"><ele>1080.4</ele></trkpt>
      <trkpt lat="45.842197" lon="6.117443"><ele>1087.6</ele></trkpt>
      <trkpt lat="45.841964" lon="6.117061"><ele>1090.8</ele></trkpt>
      <trkpt lat="45.841827" lon="6.116328"><ele>1095.8</ele></trkpt>
      <trkpt lat="45.841585" lon="6.115673"><ele>1099.6</ele></trkpt>
      <trkpt lat="45.841219" lon="6.115248"><ele>1103.8</ele></trkpt>
      <trkpt lat="45.840946" lon="6.114599"><ele>1109.2</ele></trkpt>
      <trkpt lat="45.840665" lon="6.114376"><ele>1112.4</ele></trkpt>
      <trkpt lat="45.840377" lon="6.114305"><ele>1115.0</ele></trkpt>
      <trkpt lat="45.839888" lon="6.113578"><ele>1122.0</ele></trkpt>
      <trkpt lat="45.839766" lon="6.112155"><ele>1111.4</ele></trkpt>
      <trkpt lat="45.839444" lon="6.111043"><ele>1099.8</ele></trkpt>
      <trkpt lat="45.839254" lon="6.110671"><ele>1095.6</ele></trkpt>
      <trkpt lat="45.839258" lon="6.110259"><ele>1091.8</ele></trkpt>
      <trkpt lat="45.839051" lon="6.109933"><ele>1091.6</ele></trkpt>
      <trkpt lat="45.838776" lon="6.109774"><ele>1093.4</ele></trkpt>
      <trkpt lat="45.838288" lon="6.109570"><ele>1101.8</ele></trkpt>
      <trkpt lat="45.837922" lon="6.109606"><ele>1107.4</ele></trkpt>
      <trkpt lat="45.837448" lon="6.109424"><ele>1115.8</ele></trkpt>
      <trkpt lat="45.837198" lon="6.109164"><ele>1121.6</ele></trkpt>
      <trkpt lat="45.836891" lon="6.109292"><ele>1126.8</ele></trkpt>
      <trkpt lat="45.836651" lon="6.109044"><ele>1132.6</ele></trkpt>
      <trkpt lat="45.836359" lon="6.108986"><ele>1137.2</ele></trkpt>
      <trkpt lat="45.835932" lon="6.108634"><ele>1145.4</ele></trkpt>
      <trkpt lat="45.835790" lon="6.108663"><ele>1149.0</ele></trkpt>
      <trkpt lat="45.835505" lon="6.109139"><ele>1156.4</ele></trkpt>
      <trkpt lat="45.835275" lon="6.108873"><ele>1161.6</ele></trkpt>
      <trkpt lat="45.835142" lon="6.108917"><ele>1164.2</ele></trkpt>
      <trkpt lat="45.835046" lon="6.108697"><ele>1167.0</ele></trkpt>
      <trkpt lat="45.834671" lon="6.108689"><ele>1173.4</ele></trkpt>
      <trkpt lat="45.834770" lon="6.108896"><ele>1177.2</ele></trkpt>
      <trkpt lat="45.834789" lon="6.110228"><ele>1194.4</ele></trkpt>
      <trkpt lat="45.834405" lon="6.109880"><ele>1202.2</ele></trkpt>
      <trkpt lat="45.833891" lon="6.110105"><ele>1213.4</ele></trkpt>
      <trkpt lat="45.833659" lon="6.110336"><ele>1219.2</ele></trkpt>
      <trkpt lat="45.833625" lon="6.110722"><ele>1224.0</ele></trkpt>
      <trkpt lat="45.833563" lon="6.110787"><ele>1224.4</ele></trkpt>
      <trkpt lat="45.833346" lon="6.110082"><ele>1234.4</ele></trkpt>
      <trkpt lat="45.832949" lon="6.110651"><ele>1243.2</ele></trkpt>
      <trkpt lat="45.832847" lon="6.110450"><ele>1248.0</ele></trkpt>
      <trkpt lat="45.832661" lon="6.110366"><ele>1252.4</ele></trkpt>
      <trkpt lat="45.831941" lon="6.111218"><ele>1269.8</ele></trkpt>
      <trkpt lat="45.831685" lon="6.112245"><ele>1283.6</ele></trkpt>
      <trkpt lat="45.831595" lon="6.112245"><ele>1284.6</ele></trkpt>
      <trkpt lat="45.831517" lon="6.111795"><ele>1289.6</ele></trkpt>
      <trkpt lat="45.831418" lon="6.111728"><ele>1291.0</ele></trkpt>
      <trkpt lat="45.830950" lon="6.112430"><ele>1296.6</ele></trkpt>
      <trkpt lat="45.830324" lon="6.113118"><ele>1305.8</ele></trkpt>
      <trkpt lat="45.830198" lon="6.112935"><ele>1307.0</ele></trkpt>
      <trkpt lat="45.830115" lon="6.112459"><ele>1307.6</ele></trkpt>
      <trkpt lat="45.829839" lon="6.112422"><ele>1310.4</ele></trkpt>
      <trkpt lat="45.829716" lon="6.111982"><ele>1311.8</ele></trkpt>
      <trkpt lat="45.829490" lon="6.111596"><ele>1319.0</ele></trkpt>
      <trkpt lat="45.829354" lon="6.111054"><ele>1322.4</ele></trkpt>
      <trkpt lat="45.829265" lon="6.110972"><ele>1322.4</ele></trkpt>
      <trkpt lat="45.828947" lon="6.111046"><ele>1322.6</ele></trkpt>
      <trkpt lat="45.828817" lon="6.111222"><ele>1323.0</ele></trkpt>
      <trkpt lat="45.828715" lon="6.111617"><ele>1328.8</ele></trkpt>
      <trkpt lat="45.828521" lon="6.111682"><ele>1327.6</ele></trkpt>
      <trkpt lat="45.828212" lon="6.111421"><ele>1328.2</ele></trkpt>
      <trkpt lat="45.828241" lon="6.110942"><ele>1333.0</ele></trkpt>
      <trkpt lat="45.827926" lon="6.110527"><ele>1334.6</ele></trkpt>
      <trkpt lat="45.827863" lon="6.110229"><ele>1338.6</ele></trkpt>
      <trkpt lat="45.827668" lon="6.110173"><ele>1342.0</ele></trkpt>
      <trkpt lat="45.827445" lon="6.110455"><ele>1345.4</ele></trkpt>
      <trkpt lat="45.827415" lon="6.110716"><ele>1345.6</ele></trkpt>
      <trkpt lat="45.827149" lon="6.111334"><ele>1346.4</ele></trkpt>
      <trkpt lat="45.826878" lon="6.111663"><ele>1349.6</ele></trkpt>
      <trkpt lat="45.826607" lon="6.111781"><ele>1353.2</ele></trkpt>
      <trkpt lat="45.826045" lon="6.112449"><ele>1355.4</ele></trkpt>
      <trkpt lat="45.825791" lon="6.113314"><ele>1359.6</ele></trkpt>
      <trkpt lat="45.825288" lon="6.113639"><ele>1367.0</ele></trkpt>
      <trkpt lat="45.824829" lon="6.113648"><ele>1371.2</ele></trkpt>
      <trkpt lat="45.824641" lon="6.114037"><ele>1373.0</ele></trkpt>
      <trkpt lat="45.824369" lon="6.114024"><ele>1376.0</ele></trkpt>
      <trkpt lat="45.824107" lon="6.113857"><ele>1378.8</ele></trkpt>
      <trkpt lat="45.823872" lon="6.113873"><ele>1379.8</ele></trkpt>
      <trkpt lat="45.823559" lon="6.113604"><ele>1379.0</ele></trkpt>
      <trkpt lat="45.823239" lon="6.113507"><ele>1376.4</ele></trkpt>
      <trkpt lat="45.823311" lon="6.113035"><ele>1372.0</ele></trkpt>
      <trkpt lat="45.823130" lon="6.112850"><ele>1371.6</ele></trkpt>
      <trkpt lat="45.822849" lon="6.113248"><ele>1374.0</ele></trkpt>
      <trkpt lat="45.822869" lon="6.114067"><ele>1375.4</ele></trkpt>
      <trkpt lat="45.822727" lon="6.114333"><ele>1378.6</ele></trkpt>
      <trkpt lat="45.822598" lon="6.114361"><ele>1379.6</ele></trkpt>
      <trkpt lat="45.822441" lon="6.114168"><ele>1377.6</ele></trkpt>
      <trkpt lat="45.822199" lon="6.113234"><ele>1370.6</ele></trkpt>
      <trkpt lat="45.821887" lon="6.113842"><ele>1366.8</ele></trkpt>
      <trkpt lat="45.821939" lon="6.114463"><ele>1366.2</ele></trkpt>
      <trkpt lat="45.821770" lon="6.114902"><ele>1359.6</ele></trkpt>
      <trkpt lat="45.821864" lon="6.115734"><ele>1358.6</ele></trkpt>
      <trkpt lat="45.821786" lon="6.115858"><ele>1360.8</ele></trkpt>
      <trkpt lat="45.821669" lon="6.115861"><ele>1361.4</ele></trkpt>
      <trkpt lat="45.821466" lon="6.115592"><ele>1361.8</ele></trkpt>
      <trkpt lat="45.821045" lon="6.115326"><ele>1361.2</ele></trkpt>
      <trkpt lat="45.820866" lon="6.115065"><ele>1361.4</ele></trkpt>
      <trkpt lat="45.820528" lon="6.114800"><ele>1360.6</ele></trkpt>
      <trkpt lat="45.820272" lon="6.114034"><ele>1360.8</ele></trkpt>
      <trkpt lat="45.820109" lon="6.113870"><ele>1361.6</ele></trkpt>
      <trkpt lat="45.819843" lon="6.114113"><ele>1364.2</ele></trkpt>
      <trkpt lat="45.819648" lon="6.114650"><ele>1367.2</ele></trkpt>
      <trkpt lat="45.819662" lon="6.115147"><ele>1370.8</ele></trkpt>
      <trkpt lat="45.819524" lon="6.115612"><ele>1374.2</ele></trkpt>
      <trkpt lat="45.819383" lon="6.115692"><ele>1375.2</ele></trkpt>
      <trkpt lat="45.818614" lon="6.115675"><ele>1382.6</ele></trkpt>
      <trkpt lat="45.817947" lon="6.115290"><ele>1387.6</ele></trkpt>
      <trkpt lat="45.817825" lon="6.114833"><ele>1388.8</ele></trkpt>
      <trkpt lat="45.817893" lon="6.114188"><ele>1392.4</ele></trkpt>
      <trkpt lat="45.818216" lon="6.113739"><ele>1396.0</ele></trkpt>
      <trkpt lat="45.818253" lon="6.113496"><ele>1397.6</ele></trkpt>
      <trkpt lat="45.818231" lon="6.113353"><ele>1398.2</ele></trkpt>
      <trkpt lat="45.817933" lon="6.113114"><ele>1400.2</ele></trkpt>
      <trkpt lat="45.817909" lon="6.112923"><ele>1401.4</ele></trkpt>
      <trkpt lat="45.817984" lon="6.112639"><ele>1402.4</ele></trkpt>
      <trkpt lat="45.818287" lon="6.112213"><ele>1405.6</ele></trkpt>
      <trkpt lat="45.818219" lon="6.111736"><ele>1408.4</ele></trkpt>
      <trkpt lat="45.817777" lon="6.110928"><ele>1412.2</ele></trkpt>
      <trkpt lat="45.817982" lon="6.110368"><ele>1415.8</ele></trkpt>
      <trkpt lat="45.818007" lon="6.109872"><ele>1417.8</ele></trkpt>
      <trkpt lat="45.818182" lon="6.109320"><ele>1420.0</ele></trkpt>
      <trkpt lat="45.818205" lon="6.109001"><ele>1419.8</ele></trkpt>
      <trkpt lat="45.818371" lon="6.108650"><ele>1418.2</ele></trkpt>
      <trkpt lat="45.818084" lon="6.108220"><ele>1419.2</ele></trkpt>
      <trkpt lat="45.817471" lon="6.108192"><ele>1413.4</ele></trkpt>
      <trkpt lat="45.817386" lon="6.108011"><ele>1414.8</ele></trkpt>
      <trkpt lat="45.817455" lon="6.107580"><ele>1415.0</ele></trkpt>
      <trkpt lat="45.817457" lon="6.106552"><ele>1417.8</ele></trkpt>
      <trkpt lat="45.817677" lon="6.105777"><ele>1416.8</ele></trkpt>
      <trkpt lat="45.817483" lon="6.105624"><ele>1416.2</ele></trkpt>
      <trkpt lat="45.816813" lon="6.106383"><ele>1420.6</ele></trkpt>
      <trkpt lat="45.816351" lon="6.106616"><ele>1416.2</ele></trkpt>
      <trkpt lat="45.816205" lon="6.106565"><ele>1415.6</ele></trkpt>
      <trkpt lat="45.816018" lon="6.106066"><ele>1421.0</ele></trkpt>
      <trkpt lat="45.816121" lon="6.105246"><ele>1425.2</ele></trkpt>
      <trkpt lat="45.816103" lon="6.104734"><ele>1429.4</ele></trkpt>
      <trkpt lat="45.815751" lon="6.104060"><ele>1435.6</ele></trkpt>
      <trkpt lat="45.815481" lon="6.102604"><ele>1428.6</ele></trkpt>
      <trkpt lat="45.815271" lon="6.102279"><ele>1430.8</ele></trkpt>
      <trkpt lat="45.815032" lon="6.102103"><ele>1431.8</ele></trkpt>
      <trkpt lat="45.814519" lon="6.101858"><ele>1433.8</ele></trkpt>
      <trkpt lat="45.814074" lon="6.101858"><ele>1440.4</ele></trkpt>
      <trkpt lat="45.813644" lon="6.101621"><ele>1443.6</ele></trkpt>
      <trkpt lat="45.813206" lon="6.101228"><ele>1443.4</ele></trkpt>
      <trkpt lat="45.813033" lon="6.100944"><ele>1446.8</ele></trkpt>
      <trkpt lat="45.812948" lon="6.100429"><ele>1451.2</ele></trkpt>
      <trkpt lat="45.812748" lon="6.100020"><ele>1451.4</ele></trkpt>
      <trkpt lat="45.812644" lon="6.100017"><ele>1451.2</ele></trkpt>
      <trkpt lat="45.812551" lon="6.100338"><ele>1453.2</ele></trkpt>
      <trkpt lat="45.812690" lon="6.101225"><ele>1454.8</ele></trkpt>
      <trkpt lat="45.812898" lon="6.101569"><ele>1454.0</ele></trkpt>
      <trkpt lat="45.813046" lon="6.102085"><ele>1456.8</ele></trkpt>
      <trkpt lat="45.813703" lon="6.102931"><ele>1458.4</ele></trkpt>
      <trkpt lat="45.813835" lon="6.103301"><ele>1458.2</ele></trkpt>
      <trkpt lat="45.813870" lon="6.103672"><ele>1459.4</ele></trkpt>
      <trkpt lat="45.814286" lon="6.103926"><ele>1459.6</ele></trkpt>
      <trkpt lat="45.814254" lon="6.104137"><ele>1461.6</ele></trkpt>
      <trkpt lat="45.813938" lon="6.104350"><ele>1465.2</ele></trkpt>
      <trkpt lat="45.813759" lon="6.104806"><ele>1474.4</ele></trkpt>
      <trkpt lat="45.813412" lon="6.105322"><ele>1476.4</ele></trkpt>
      <trkpt lat="45.813377" lon="6.105551"><ele>1477.6</ele></trkpt>
      <trkpt lat="45.813604" lon="6.106015"><ele>1480.2</ele></trkpt>
      <trkpt lat="45.814110" lon="6.106189"><ele>1481.0</ele></trkpt>
      <trkpt lat="45.814341" lon="6.106708"><ele>1475.8</ele></trkpt>
      <trkpt lat="45.814482" lon="6.107255"><ele>1478.6</ele></trkpt>
      <trkpt lat="45.814173" lon="6.108219"><ele>1478.8</ele></trkpt>
      <trkpt lat="45.814289" lon="6.108764"><ele>1479.8</ele></trkpt>
      <trkpt lat="45.814252" lon="6.109029"><ele>1479.8</ele></trkpt>
      <trkpt lat="45.814017" lon="6.109422"><ele>1479.6</ele></trkpt>
      <trkpt lat="45.814027" lon="6.109545"><ele>1479.6</ele></trkpt>
      <trkpt lat="45.814225" lon="6.109621"><ele>1477.2</ele></trkpt>
      <trkpt lat="45.814255" lon="6.109719"><ele>1476.0</ele></trkpt>
      <trkpt lat="45.814059" lon="6.110131"><ele>1471.8</ele></trkpt>
      <trkpt lat="45.814032" lon="6.110477"><ele>1468.6</ele></trkpt>
      <trkpt lat="45.813711" lon="6.111104"><ele>1471.6</ele></trkpt>
      <trkpt lat="45.813335" lon="6.111374"><ele>1477.6</ele></trkpt>
      <trkpt lat="45.813017" lon="6.111472"><ele>1484.2</ele></trkpt>
      <trkpt lat="45.812697" lon="6.111795"><ele>1493.4</ele></trkpt>
      <trkpt lat="45.812308" lon="6.111930"><ele>1501.2</ele></trkpt>
      <trkpt lat="45.811841" lon="6.112250"><ele>1510.0</ele></trkpt>
      <trkpt lat="45.811590" lon="6.112253"><ele>1513.4</ele></trkpt>
      <trkpt lat="45.811389" lon="6.112111"><ele>1515.6</ele></trkpt>
      <trkpt lat="45.811106" lon="6.111649"><ele>1517.4</ele></trkpt>
      <trkpt lat="45.811043" lon="6.111296"><ele>1517.2</ele></trkpt>
      <trkpt lat="45.810865" lon="6.111100"><ele>1519.0</ele></trkpt>
      <trkpt lat="45.810891" lon="6.110700"><ele>1519.8</ele></trkpt>
      <trkpt lat="45.810655" lon="6.109749"><ele>1522.2</ele></trkpt>
      <trkpt lat="45.810400" lon="6.109565"><ele>1525.6</ele></trkpt>
      <trkpt lat="45.810033" lon="6.108677"><ele>1527.6</ele></trkpt>
      <trkpt lat="45.809458" lon="6.108239"><ele>1534.0</ele></trkpt>
      <trkpt lat="45.809085" lon="6.107591"><ele>1538.8</ele></trkpt>
      <trkpt lat="45.809260" lon="6.106875"><ele>1536.8</ele></trkpt>
      <trkpt lat="45.808817" lon="6.105729"><ele>1525.6</ele></trkpt>
      <trkpt lat="45.808676" lon="6.104754"><ele>1520.0</ele></trkpt>
      <trkpt lat="45.808692" lon="6.103954"><ele>1516.2</ele></trkpt>
      <trkpt lat="45.808788" lon="6.103432"><ele>1513.4</ele></trkpt>
      <trkpt lat="45.808698" lon="6.103093"><ele>1510.2</ele></trkpt>
      <trkpt lat="45.808183" lon="6.102459"><ele>1506.6</ele></trkpt>
      <trkpt lat="45.807863" lon="6.102494"><ele>1506.8</ele></trkpt>
      <trkpt lat="45.807814" lon="6.102349"><ele>1505.2</ele></trkpt>
      <trkpt lat="45.807360" lon="6.101917"><ele>1499.6</ele></trkpt>
      <trkpt lat="45.806946" lon="6.101896"><ele>1499.6</ele></trkpt>
      <trkpt lat="45.806500" lon="6.101685"><ele>1501.2</ele></trkpt>
      <trkpt lat="45.806099" lon="6.101284"><ele>1494.8</ele></trkpt>
      <trkpt lat="45.805053" lon="6.098820"><ele>1484.2</ele></trkpt>
      <trkpt lat="45.804296" lon="6.097586"><ele>1481.8</ele></trkpt>
      <trkpt lat="45.803869" lon="6.097487"><ele>1479.6</ele></trkpt>
      <trkpt lat="45.803494" lon="6.097209"><ele>1479.0</ele></trkpt>
      <trkpt lat="45.803105" lon="6.097169"><ele>1479.2</ele></trkpt>
      <trkpt lat="45.802820" lon="6.096899"><ele>1479.2</ele></trkpt>
      <trkpt lat="45.802207" lon="6.096875"><ele>1486.0</ele></trkpt>
      <trkpt lat="45.801789" lon="6.096745"><ele>1491.8</ele></trkpt>
      <trkpt lat="45.801292" lon="6.096467"><ele>1499.6</ele></trkpt>
      <trkpt lat="45.800793" lon="6.095935"><ele>1507.0</ele></trkpt>
      <trkpt lat="45.799740" lon="6.095601"><ele>1517.6</ele></trkpt>
      <trkpt lat="45.799294" lon="6.095177"><ele>1523.6</ele></trkpt>
      <trkpt lat="45.798310" lon="6.094731"><ele>1537.8</ele></trkpt>
      <trkpt lat="45.796715" lon="6.095131"><ele>1565.8</ele></trkpt>
      <trkpt lat="45.796609" lon="6.095304"><ele>1570.0</ele></trkpt>
      <trkpt lat="45.796599" lon="6.096356"><ele>1582.4</ele></trkpt>
      <trkpt lat="45.796469" lon="6.096728"><ele>1585.8</ele></trkpt>
      <trkpt lat="45.795777" lon="6.097054"><ele>1596.0</ele></trkpt>
      <trkpt lat="45.794973" lon="6.097741"><ele>1603.4</ele></trkpt>
      <trkpt lat="45.794270" lon="6.098507"><ele>1610.2</ele></trkpt>
      <trkpt lat="45.793757" lon="6.098733"><ele>1616.0</ele></trkpt>
      <trkpt lat="45.793020" lon="6.099353"><ele>1622.8</ele></trkpt>
      <trkpt lat="45.792526" lon="6.099045"><ele>1627.2</ele></trkpt>
      <trkpt lat="45.792005" lon="6.098976"><ele>1631.6</ele></trkpt>
      <trkpt lat="45.791808" lon="6.099057"><ele>1632.4</ele></trkpt>
      <trkpt lat="45.791619" lon="6.098951"><ele>1633.8</ele></trkpt>
      <trkpt lat="45.790966" lon="6.098891"><ele>1637.6</ele></trkpt>
      <trkpt lat="45.790483" lon="6.098719"><ele>1640.2</ele></trkpt>
      <trkpt lat="45.790345" lon="6.098434"><ele>1641.6</ele></trkpt>
      <trkpt lat="45.790044" lon="6.098144"><ele>1643.0</ele></trkpt>
      <trkpt lat="45.788487" lon="6.095635"><ele>1659.0</ele></trkpt>
      <trkpt lat="45.787399" lon="6.095100"><ele>1662.0</ele></trkpt>
      <trkpt lat="45.787068" lon="6.094444"><ele>1658.4</ele></trkpt>
      <trkpt lat="45.786836" lon="6.094234"><ele>1655.8</ele></trkpt>
      <trkpt lat="45.785795" lon="6.094145"><ele>1643.0</ele></trkpt>
      <trkpt lat="45.785413" lon="6.093945"><ele>1638.4</ele></trkpt>
      <trkpt lat="45.784648" lon="6.093754"><ele>1626.8</ele></trkpt>
      <trkpt lat="45.783732" lon="6.093302"><ele>1614.8</ele></trkpt>
      <trkpt lat="45.783563" lon="6.093024"><ele>1618.2</ele></trkpt>
      <trkpt lat="45.782890" lon="6.092458"><ele>1623.6</ele></trkpt>
      <trkpt lat="45.782813" lon="6.092109"><ele>1627.8</ele></trkpt>
      <trkpt lat="45.782682" lon="6.091980"><ele>1630.8</ele></trkpt>
      <trkpt lat="45.781736" lon="6.091365"><ele>1627.8</ele></trkpt>
      <trkpt lat="45.780892" lon="6.090564"><ele>1623.0</ele></trkpt>
      <trkpt lat="45.779424" lon="6.089436"><ele>1605.4</ele></trkpt>
      <trkpt lat="45.778177" lon="6.087571"><ele>1578.6</ele></trkpt>
      <trkpt lat="45.777880" lon="6.087919"><ele>1573.6</ele></trkpt>
      <trkpt lat="45.777639" lon="6.088558"><ele>1569.0</ele></trkpt>
      <trkpt lat="45.777598" lon="6.088994"><ele>1566.8</ele></trkpt>
      <trkpt lat="45.777431" lon="6.089266"><ele>1563.4</ele></trkpt>
      <trkpt lat="45.777310" lon="6.089283"><ele>1562.6</ele></trkpt>
      <trkpt lat="45.777043" lon="6.088611"><ele>1560.6</ele></trkpt>
      <trkpt lat="45.776818" lon="6.088373"><ele>1557.4</ele></trkpt>
      <trkpt lat="45.776688" lon="6.088373"><ele>1555.8</ele></trkpt>
      <trkpt lat="45.776464" lon="6.088622"><ele>1558.4</ele></trkpt>
      <trkpt lat="45.775855" lon="6.088451"><ele>1556.4</ele></trkpt>
      <trkpt lat="45.775746" lon="6.088505"><ele>1556.6</ele></trkpt>
      <trkpt lat="45.775500" lon="6.089401"><ele>1562.6</ele></trkpt>
      <trkpt lat="45.775156" lon="6.089852"><ele>1567.6</ele></trkpt>
      <trkpt lat="45.775211" lon="6.090223"><ele>1567.4</ele></trkpt>
      <trkpt lat="45.775600" lon="6.090716"><ele>1575.2</ele></trkpt>
      <trkpt lat="45.776297" lon="6.092337"><ele>1587.6</ele></trkpt>
      <trkpt lat="45.776546" lon="6.092740"><ele>1591.0</ele></trkpt>
      <trkpt lat="45.776693" lon="6.093372"><ele>1596.4</ele></trkpt>
      <trkpt lat="45.776136" lon="6.093811"><ele>1603.6</ele></trkpt>
      <trkpt lat="45.775873" lon="6.093715"><ele>1603.0</ele></trkpt>
      <trkpt lat="45.775726" lon="6.093786"><ele>1603.6</ele></trkpt>
      <trkpt lat="45.775399" lon="6.094111"><ele>1608.4</ele></trkpt>
      <trkpt lat="45.775374" lon="6.094279"><ele>1610.6</ele></trkpt>
      <trkpt lat="45.775810" lon="6.094950"><ele>1625.2</ele></trkpt>
      <trkpt lat="45.776197" lon="6.095045"><ele>1636.4</ele></trkpt>
      <trkpt lat="45.776417" lon="6.095336"><ele>1643.6</ele></trkpt>
      <trkpt lat="45.777646" lon="6.096192"><ele>1626.2</ele></trkpt>
      <trkpt lat="45.778346" lon="6.096931"><ele>1635.6</ele></trkpt>
      <trkpt lat="45.778933" lon="6.097343"><ele>1635.2</ele></trkpt>
      <trkpt lat="45.780612" lon="6.095219"><ele>1613.8</ele></trkpt>
      <trkpt lat="45.780631" lon="6.095072"><ele>1615.2</ele></trkpt>
      <trkpt lat="45.781451" lon="6.094132"><ele>1619.8</ele></trkpt>
      <trkpt lat="45.782314" lon="6.093330"><ele>1621.0</ele></trkpt>
      <trkpt lat="45.783136" lon="6.092945"><ele>1616.8</ele></trkpt>
      <trkpt lat="45.783659" lon="6.093241"><ele>1615.8</ele></trkpt>
      <trkpt lat="45.783791" lon="6.093422"><ele>1614.4</ele></trkpt>
      <trkpt lat="45.783774" lon="6.095006"><ele>1617.6</ele></trkpt>
      <trkpt lat="45.783899" lon="6.095401"><ele>1619.8</ele></trkpt>
      <trkpt lat="45.784254" lon="6.095569"><ele>1621.2</ele></trkpt>
      <trkpt lat="45.785064" lon="6.095718"><ele>1624.8</ele></trkpt>
      <trkpt lat="45.785661" lon="6.096039"><ele>1629.2</ele></trkpt>
      <trkpt lat="45.786486" lon="6.097144"><ele>1641.0</ele></trkpt>
      <trkpt lat="45.787127" lon="6.097685"><ele>1644.6</ele></trkpt>
      <trkpt lat="45.787431" lon="6.097789"><ele>1644.6</ele></trkpt>
      <trkpt lat="45.787638" lon="6.097750"><ele>1644.8</ele></trkpt>
      <trkpt lat="45.788003" lon="6.098027"><ele>1644.2</ele></trkpt>
      <trkpt lat="45.788589" lon="6.098842"><ele>1641.6</ele></trkpt>
      <trkpt lat="45.788917" lon="6.099025"><ele>1641.4</ele></trkpt>
      <trkpt lat="45.789716" lon="6.099160"><ele>1641.8</ele></trkpt>
      <trkpt lat="45.790932" lon="6.100044"><ele>1638.2</ele></trkpt>
      <trkpt lat="45.792227" lon="6.101389"><ele>1640.2</ele></trkpt>
      <trkpt lat="45.792407" lon="6.101720"><ele>1640.0</ele></trkpt>
      <trkpt lat="45.792593" lon="6.102452"><ele>1636.2</ele></trkpt>
      <trkpt lat="45.793519" lon="6.103357"><ele>1626.8</ele></trkpt>
      <trkpt lat="45.793955" lon="6.104061"><ele>1619.4</ele></trkpt>
      <trkpt lat="45.793485" lon="6.104094"><ele>1612.4</ele></trkpt>
      <trkpt lat="45.792730" lon="6.104522"><ele>1603.4</ele></trkpt>
      <trkpt lat="45.792418" lon="6.104513"><ele>1599.0</ele></trkpt>
      <trkpt lat="45.790790" lon="6.104895"><ele>1579.6</ele></trkpt>
      <trkpt lat="45.789724" lon="6.105589"><ele>1568.2</ele></trkpt>
      <trkpt lat="45.789154" lon="6.106080"><ele>1559.2</ele></trkpt>
      <trkpt lat="45.788769" lon="6.105929"><ele>1554.2</ele></trkpt>
      <trkpt lat="45.786099" lon="6.106342"><ele>1518.2</ele></trkpt>
      <trkpt lat="45.785700" lon="6.106686"><ele>1511.8</ele></trkpt>
      <trkpt lat="45.785424" lon="6.107063"><ele>1506.2</ele></trkpt>
      <trkpt lat="45.785100" lon="6.107856"><ele>1497.8</ele></trkpt>
      <trkpt lat="45.784515" lon="6.108672"><ele>1487.2</ele></trkpt>
      <trkpt lat="45.784393" lon="6.109087"><ele>1482.2</ele></trkpt>
      <trkpt lat="45.784239" lon="6.109063"><ele>1480.0</ele></trkpt>
      <trkpt lat="45.783864" lon="6.108757"><ele>1473.6</ele></trkpt>
      <trkpt lat="45.783494" lon="6.108821"><ele>1469.2</ele></trkpt>
      <trkpt lat="45.782934" lon="6.109090"><ele>1460.6</ele></trkpt>
      <trkpt lat="45.782443" lon="6.109554"><ele>1452.8</ele></trkpt>
      <trkpt lat="45.781913" lon="6.109864"><ele>1447.2</ele></trkpt>
      <trkpt lat="45.781898" lon="6.109973"><ele>1446.2</ele></trkpt>
      <trkpt lat="45.781878" lon="6.109868"><ele>1446.2</ele></trkpt>
      <trkpt lat="45.781372" lon="6.109685"><ele>1446.8</ele></trkpt>
      <trkpt lat="45.780961" lon="6.109394"><ele>1440.8</ele></trkpt>
      <trkpt lat="45.780683" lon="6.109605"><ele>1435.0</ele></trkpt>
      <trkpt lat="45.780165" lon="6.110521"><ele>1414.4</ele></trkpt>
      <trkpt lat="45.779994" lon="6.111066"><ele>1406.2</ele></trkpt>
      <trkpt lat="45.779901" lon="6.111148"><ele>1404.6</ele></trkpt>
      <trkpt lat="45.779684" lon="6.111106"><ele>1399.2</ele></trkpt>
      <trkpt lat="45.779335" lon="6.111495"><ele>1398.6</ele></trkpt>
      <trkpt lat="45.779247" lon="6.111729"><ele>1397.4</ele></trkpt>
      <trkpt lat="45.779260" lon="6.112410"><ele>1396.2</ele></trkpt>
      <trkpt lat="45.778907" lon="6.112717"><ele>1394.6</ele></trkpt>
      <trkpt lat="45.778881" lon="6.113011"><ele>1389.2</ele></trkpt>
      <trkpt lat="45.778289" lon="6.113164"><ele>1375.2</ele></trkpt>
      <trkpt lat="45.778028" lon="6.113670"><ele>1368.4</ele></trkpt>
      <trkpt lat="45.777786" lon="6.113741"><ele>1361.8</ele></trkpt>
      <trkpt lat="45.777742" lon="6.113960"><ele>1357.8</ele></trkpt>
      <trkpt lat="45.777940" lon="6.114812"><ele>1343.0</ele></trkpt>
      <trkpt lat="45.778196" lon="6.115101"><ele>1334.6</ele></trkpt>
      <trkpt lat="45.778088" lon="6.115279"><ele>1329.0</ele></trkpt>
      <trkpt lat="45.777839" lon="6.115313"><ele>1322.2</ele></trkpt>
      <trkpt lat="45.778013" lon="6.115519"><ele>1317.6</ele></trkpt>
      <trkpt lat="45.778212" lon="6.115544"><ele>1314.0</ele></trkpt>
      <trkpt lat="45.778353" lon="6.115697"><ele>1308.4</ele></trkpt>
      <trkpt lat="45.778477" lon="6.115918"><ele>1304.4</ele></trkpt>
      <trkpt lat="45.778181" lon="6.116072"><ele>1294.0</ele></trkpt>
      <trkpt lat="45.778844" lon="6.116740"><ele>1277.0</ele></trkpt>
      <trkpt lat="45.778469" lon="6.116736"><ele>1268.6</ele></trkpt>
      <trkpt lat="45.778419" lon="6.116826"><ele>1266.2</ele></trkpt>
      <trkpt lat="45.779076" lon="6.117478"><ele>1251.2</ele></trkpt>
      <trkpt lat="45.778918" lon="6.117567"><ele>1244.4</ele></trkpt>
      <trkpt lat="45.778939" lon="6.117703"><ele>1241.0</ele></trkpt>
      <trkpt lat="45.779340" lon="6.117980"><ele>1235.8</ele></trkpt>
      <trkpt lat="45.779654" lon="6.118402"><ele>1232.4</ele></trkpt>
      <trkpt lat="45.779707" lon="6.118688"><ele>1228.2</ele></trkpt>
      <trkpt lat="45.779907" lon="6.118881"><ele>1221.2</ele></trkpt>
      <trkpt lat="45.779749" lon="6.118974"><ele>1214.6</ele></trkpt>
      <trkpt lat="45.780190" lon="6.119371"><ele>1203.4</ele></trkpt>
      <trkpt lat="45.780470" lon="6.119864"><ele>1191.4</ele></trkpt>
      <trkpt lat="45.780251" lon="6.119971"><ele>1184.8</ele></trkpt>
      <trkpt lat="45.779440" lon="6.119735"><ele>1169.6</ele></trkpt>
      <trkpt lat="45.778769" lon="6.119782"><ele>1147.8</ele></trkpt>
      <trkpt lat="45.778333" lon="6.119913"><ele>1134.8</ele></trkpt>
      <trkpt lat="45.778331" lon="6.120087"><ele>1131.2</ele></trkpt>
      <trkpt lat="45.778189" lon="6.120096"><ele>1126.6</ele></trkpt>
      <trkpt lat="45.778187" lon="6.120444"><ele>1119.4</ele></trkpt>
      <trkpt lat="45.777982" lon="6.120411"><ele>1112.8</ele></trkpt>
      <trkpt lat="45.777538" lon="6.120726"><ele>1098.0</ele></trkpt>
      <trkpt lat="45.777331" lon="6.120769"><ele>1092.0</ele></trkpt>
      <trkpt lat="45.777317" lon="6.120861"><ele>1090.2</ele></trkpt>
      <trkpt lat="45.777488" lon="6.121003"><ele>1085.2</ele></trkpt>
      <trkpt lat="45.777481" lon="6.121109"><ele>1083.0</ele></trkpt>
      <trkpt lat="45.777033" lon="6.121332"><ele>1070.2</ele></trkpt>
      <trkpt lat="45.777135" lon="6.122119"><ele>1050.2</ele></trkpt>
      <trkpt lat="45.777506" lon="6.122658"><ele>1042.2</ele></trkpt>
      <trkpt lat="45.777573" lon="6.122956"><ele>1036.0</ele></trkpt>
      <trkpt lat="45.778290" lon="6.123289"><ele>1036.2</ele></trkpt>
      <trkpt lat="45.778754" lon="6.123047"><ele>1037.2</ele></trkpt>
      <trkpt lat="45.779064" lon="6.123157"><ele>1032.6</ele></trkpt>
      <trkpt lat="45.779397" lon="6.123485"><ele>1027.0</ele></trkpt>
      <trkpt lat="45.779570" lon="6.124070"><ele>1021.6</ele></trkpt>
      <trkpt lat="45.779769" lon="6.124195"><ele>1019.0</ele></trkpt>
      <trkpt lat="45.779930" lon="6.124462"><ele>1015.6</ele></trkpt>
      <trkpt lat="45.780200" lon="6.124424"><ele>1011.0</ele></trkpt>
      <trkpt lat="45.780639" lon="6.124731"><ele>1008.4</ele></trkpt>
      <trkpt lat="45.781286" lon="6.124755"><ele>1009.0</ele></trkpt>
      <trkpt lat="45.781755" lon="6.125212"><ele>1000.2</ele></trkpt>
      <trkpt lat="45.782635" lon="6.125655"><ele>994.0</ele></trkpt>
      <trkpt lat="45.783167" lon="6.126359"><ele>980.0</ele></trkpt>
      <trkpt lat="45.783302" lon="6.127195"><ele>968.2</ele></trkpt>
      <trkpt lat="45.784056" lon="6.127214"><ele>966.4</ele></trkpt>
      <trkpt lat="45.784357" lon="6.127540"><ele>964.8</ele></trkpt>
      <trkpt lat="45.784749" lon="6.127694"><ele>962.0</ele></trkpt>
      <trkpt lat="45.785195" lon="6.127811"><ele>963.0</ele></trkpt>
      <trkpt lat="45.785431" lon="6.127690"><ele>966.2</ele></trkpt>
      <trkpt lat="45.785675" lon="6.127357"><ele>973.8</ele></trkpt>
      <trkpt lat="45.785816" lon="6.126811"><ele>977.4</ele></trkpt>
      <trkpt lat="45.785971" lon="6.126611"><ele>978.8</ele></trkpt>
      <trkpt lat="45.786958" lon="6.126811"><ele>981.2</ele></trkpt>
      <trkpt lat="45.787792" lon="6.126531"><ele>988.6</ele></trkpt>
      <trkpt lat="45.788273" lon="6.126498"><ele>991.4</ele></trkpt>
      <trkpt lat="45.789865" lon="6.126718"><ele>1001.0</ele></trkpt>
      <trkpt lat="45.790042" lon="6.126821"><ele>1002.2</ele></trkpt>
      <trkpt lat="45.790489" lon="6.127212"><ele>1003.4</ele></trkpt>
      <trkpt lat="45.791573" lon="6.127744"><ele>996.4</ele></trkpt>
      <trkpt lat="45.791705" lon="6.128148"><ele>989.0</ele></trkpt>
      <trkpt lat="45.791525" lon="6.129072"><ele>972.8</ele></trkpt>
      <trkpt lat="45.791184" lon="6.129508"><ele>962.8</ele></trkpt>
      <trkpt lat="45.790847" lon="6.129725"><ele>950.2</ele></trkpt>
      <trkpt lat="45.790547" lon="6.130282"><ele>937.2</ele></trkpt>
      <trkpt lat="45.790305" lon="6.130536"><ele>928.4</ele></trkpt>
      <trkpt lat="45.790261" lon="6.131295"><ele>917.6</ele></trkpt>
      <trkpt lat="45.790166" lon="6.131459"><ele>913.4</ele></trkpt>
      <trkpt lat="45.790008" lon="6.131482"><ele>909.6</ele></trkpt>
      <trkpt lat="45.790046" lon="6.131588"><ele>907.4</ele></trkpt>
      <trkpt lat="45.790783" lon="6.131838"><ele>901.2</ele></trkpt>
      <trkpt lat="45.792264" lon="6.132757"><ele>887.8</ele></trkpt>
      <trkpt lat="45.792744" lon="6.132763"><ele>885.0</ele></trkpt>
      <trkpt lat="45.792924" lon="6.132862"><ele>883.8</ele></trkpt>
      <trkpt lat="45.793230" lon="6.132793"><ele>885.2</ele></trkpt>
      <trkpt lat="45.795059" lon="6.133484"><ele>870.8</ele></trkpt>
      <trkpt lat="45.795483" lon="6.133301"><ele>865.0</ele></trkpt>
      <trkpt lat="45.795676" lon="6.133669"><ele>865.0</ele></trkpt>
      <trkpt lat="45.797131" lon="6.134174"><ele>851.8</ele></trkpt>
      <trkpt lat="45.797665" lon="6.134207"><ele>845.6</ele></trkpt>
      <trkpt lat="45.798866" lon="6.134904"><ele>837.4</ele></trkpt>
      <trkpt lat="45.799856" lon="6.135078"><ele>828.4</ele></trkpt>
      <trkpt lat="45.800331" lon="6.134980"><ele>819.6</ele></trkpt>
      <trkpt lat="45.800538" lon="6.135445"><ele>812.2</ele></trkpt>
      <trkpt lat="45.801393" lon="6.136695"><ele>797.8</ele></trkpt>
      <trkpt lat="45.801817" lon="6.137032"><ele>791.2</ele></trkpt>
      <trkpt lat="45.802115" lon="6.137057"><ele>786.2</ele></trkpt>
      <trkpt lat="45.802917" lon="6.136574"><ele>769.4</ele></trkpt>
      <trkpt lat="45.803651" lon="6.136627"><ele>757.2</ele></trkpt>
      <trkpt lat="45.803932" lon="6.136461"><ele>751.0</ele></trkpt>
      <trkpt lat="45.804185" lon="6.136767"><ele>744.6</ele></trkpt>
      <trkpt lat="45.804867" lon="6.136446"><ele>730.0</ele></trkpt>
      <trkpt lat="45.805210" lon="6.136582"><ele>725.2</ele></trkpt>
      <trkpt lat="45.805309" lon="6.136684"><ele>723.2</ele></trkpt>
      <trkpt lat="45.805408" lon="6.137138"><ele>716.2</ele></trkpt>
      <trkpt lat="45.805815" lon="6.137298"><ele>708.8</ele></trkpt>
      <trkpt lat="45.805998" lon="6.137544"><ele>703.0</ele></trkpt>
      <trkpt lat="45.805968" lon="6.138279"><ele>696.0</ele></trkpt>
      <trkpt lat="45.806259" lon="6.138599"><ele>688.6</ele></trkpt>
      <trkpt lat="45.806312" lon="6.139043"><ele>681.0</ele></trkpt>
      <trkpt lat="45.806597" lon="6.139646"><ele>672.4</ele></trkpt>
      <trkpt lat="45.806648" lon="6.140101"><ele>667.4</ele></trkpt>
      <trkpt lat="45.806841" lon="6.140227"><ele>664.6</ele></trkpt>
      <trkpt lat="45.806779" lon="6.140513"><ele>660.6</ele></trkpt>
      <trkpt lat="45.806570" lon="6.140575"><ele>656.2</ele></trkpt>
      <trkpt lat="45.806389" lon="6.140929"><ele>656.8</ele></trkpt>
      <trkpt lat="45.805651" lon="6.141061"><ele>664.2</ele></trkpt>
      <trkpt lat="45.804592" lon="6.141623"><ele>678.8</ele></trkpt>
      <trkpt lat="45.803065" lon="6.141497"><ele>697.0</ele></trkpt>
      <trkpt lat="45.802578" lon="6.141710"><ele>700.4</ele></trkpt>
      <trkpt lat="45.802177" lon="6.141536"><ele>704.4</ele></trkpt>
      <trkpt lat="45.801431" lon="6.141835"><ele>711.8</ele></trkpt>
      <trkpt lat="45.800779" lon="6.141671"><ele>712.2</ele></trkpt>
      <trkpt lat="45.800626" lon="6.141006"><ele>703.2</ele></trkpt>
      <trkpt lat="45.800476" lon="6.140867"><ele>703.2</ele></trkpt>
      <trkpt lat="45.800161" lon="6.141070"><ele>710.6</ele></trkpt>
      <trkpt lat="45.799928" lon="6.140754"><ele>714.6</ele></trkpt>
      <trkpt lat="45.799418" lon="6.140582"><ele>707.8</ele></trkpt>
      <trkpt lat="45.798995" lon="6.140594"><ele>711.2</ele></trkpt>
      <trkpt lat="45.798881" lon="6.140749"><ele>712.2</ele></trkpt>
      <trkpt lat="45.798862" lon="6.141383"><ele>713.2</ele></trkpt>
      <trkpt lat="45.798762" lon="6.141562"><ele>715.0</ele></trkpt>
      <trkpt lat="45.798340" lon="6.141528"><ele>715.4</ele></trkpt>
      <trkpt lat="45.797994" lon="6.141672"><ele>710.0</ele></trkpt>
      <trkpt lat="45.797790" lon="6.141442"><ele>705.6</ele></trkpt>
      <trkpt lat="45.797657" lon="6.141506"><ele>703.8</ele></trkpt>
      <trkpt lat="45.797576" lon="6.141831"><ele>699.2</ele></trkpt>
      <trkpt lat="45.797259" lon="6.141746"><ele>691.4</ele></trkpt>
      <trkpt lat="45.797286" lon="6.142535"><ele>688.4</ele></trkpt>
      <trkpt lat="45.797188" lon="6.142691"><ele>686.6</ele></trkpt>
      <trkpt lat="45.796580" lon="6.142923"><ele>672.4</ele></trkpt>
      <trkpt lat="45.796088" lon="6.142586"><ele>676.0</ele></trkpt>
      <trkpt lat="45.795907" lon="6.142787"><ele>682.8</ele></trkpt>
      <trkpt lat="45.795591" lon="6.142878"><ele>688.6</ele></trkpt>
      <trkpt lat="45.795379" lon="6.143106"><ele>694.6</ele></trkpt>
      <trkpt lat="45.795147" lon="6.143669"><ele>706.8</ele></trkpt>
      <trkpt lat="45.795255" lon="6.143758"><ele>709.0</ele></trkpt>
      <trkpt lat="45.795745" lon="6.143717"><ele>717.0</ele></trkpt>
      <trkpt lat="45.796288" lon="6.144028"><ele>723.6</ele></trkpt>
      <trkpt lat="45.796484" lon="6.144701"><ele>730.4</ele></trkpt>
      <trkpt lat="45.796289" lon="6.145986"><ele>732.4</ele></trkpt>
      <trkpt lat="45.796359" lon="6.146818"><ele>731.8</ele></trkpt>
      <trkpt lat="45.796118" lon="6.147507"><ele>733.0</ele></trkpt>
      <trkpt lat="45.796270" lon="6.148016"><ele>735.8</ele></trkpt>
      <trkpt lat="45.796219" lon="6.148155"><ele>736.2</ele></trkpt>
      <trkpt lat="45.795945" lon="6.148521"><ele>739.0</ele></trkpt>
      <trkpt lat="45.795730" lon="6.148361"><ele>741.4</ele></trkpt>
      <trkpt lat="45.795328" lon="6.148521"><ele>743.8</ele></trkpt>
      <trkpt lat="45.794558" lon="6.148420"><ele>752.6</ele></trkpt>
      <trkpt lat="45.793835" lon="6.148650"><ele>763.6</ele></trkpt>
      <trkpt lat="45.793367" lon="6.148481"><ele>768.4</ele></trkpt>
      <trkpt lat="45.793438" lon="6.148540"><ele>767.6</ele></trkpt>
      <trkpt lat="45.793403" lon="6.148642"><ele>769.0</ele></trkpt>
      <trkpt lat="45.792905" lon="6.148675"><ele>774.8</ele></trkpt>
      <trkpt lat="45.792593" lon="6.149105"><ele>778.2</ele></trkpt>
      <trkpt lat="45.792491" lon="6.149715"><ele>782.0</ele></trkpt>
      <trkpt lat="45.792055" lon="6.150695"><ele>789.0</ele></trkpt>
      <trkpt lat="45.791247" lon="6.151945"><ele>792.2</ele></trkpt>
      <trkpt lat="45.791270" lon="6.152117"><ele>792.6</ele></trkpt>
      <trkpt lat="45.791531" lon="6.152452"><ele>795.2</ele></trkpt>
      <trkpt lat="45.792409" lon="6.152802"><ele>804.6</ele></trkpt>
      <trkpt lat="45.792955" lon="6.153297"><ele>813.8</ele></trkpt>
      <trkpt lat="45.793156" lon="6.153672"><ele>822.4</ele></trkpt>
      <trkpt lat="45.793545" lon="6.153672"><ele>824.0</ele></trkpt>
      <trkpt lat="45.794191" lon="6.154212"><ele>809.0</ele></trkpt>
      <trkpt lat="45.794248" lon="6.154420"><ele>807.6</ele></trkpt>
      <trkpt lat="45.794175" lon="6.154646"><ele>802.8</ele></trkpt>
      <trkpt lat="45.794230" lon="6.155488"><ele>792.4</ele></trkpt>
      <trkpt lat="45.794091" lon="6.156033"><ele>789.4</ele></trkpt>
      <trkpt lat="45.794110" lon="6.156349"><ele>788.4</ele></trkpt>
      <trkpt lat="45.794918" lon="6.155927"><ele>801.2</ele></trkpt>
      <trkpt lat="45.795143" lon="6.155997"><ele>803.2</ele></trkpt>
      <trkpt lat="45.795645" lon="6.155866"><ele>808.2</ele></trkpt>
      <trkpt lat="45.795905" lon="6.155901"><ele>810.4</ele></trkpt>
      <trkpt lat="45.795450" lon="6.156753"><ele>826.0</ele></trkpt>
      <trkpt lat="45.796001" lon="6.156688"><ele>824.2</ele></trkpt>
      <trkpt lat="45.796012" lon="6.156788"><ele>825.8</ele></trkpt>
      <trkpt lat="45.795802" lon="6.157116"><ele>835.0</ele></trkpt>
      <trkpt lat="45.795810" lon="6.157878"><ele>852.6</ele></trkpt>
      <trkpt lat="45.795109" lon="6.159471"><ele>887.6</ele></trkpt>
      <trkpt lat="45.794815" lon="6.159951"><ele>891.8</ele></trkpt>
      <trkpt lat="45.794630" lon="6.160735"><ele>906.4</ele></trkpt>
      <trkpt lat="45.794687" lon="6.161027"><ele>904.4</ele></trkpt>
      <trkpt lat="45.794639" lon="6.161388"><ele>902.0</ele></trkpt>
      <trkpt lat="45.794803" lon="6.161750"><ele>898.8</ele></trkpt>
      <trkpt lat="45.794641" lon="6.162326"><ele>893.0</ele></trkpt>
      <trkpt lat="45.794646" lon="6.162592"><ele>891.8</ele></trkpt>
      <trkpt lat="45.794912" lon="6.163160"><ele>889.8</ele></trkpt>
      <trkpt lat="45.795238" lon="6.163572"><ele>886.4</ele></trkpt>
      <trkpt lat="45.795451" lon="6.163635"><ele>884.8</ele></trkpt>
      <trkpt lat="45.795890" lon="6.163321"><ele>876.8</ele></trkpt>
      <trkpt lat="45.796078" lon="6.163406"><ele>875.2</ele></trkpt>
      <trkpt lat="45.796314" lon="6.163955"><ele>871.2</ele></trkpt>
      <trkpt lat="45.796314" lon="6.164406"><ele>869.0</ele></trkpt>
      <trkpt lat="45.796403" lon="6.164522"><ele>868.0</ele></trkpt>
      <trkpt lat="45.797237" lon="6.164326"><ele>857.4</ele></trkpt>
      <trkpt lat="45.797614" lon="6.164447"><ele>851.8</ele></trkpt>
      <trkpt lat="45.797457" lon="6.164770"><ele>858.0</ele></trkpt>
      <trkpt lat="45.797451" lon="6.165156"><ele>865.8</ele></trkpt>
      <trkpt lat="45.797319" lon="6.165499"><ele>873.4</ele></trkpt>
      <trkpt lat="45.796703" lon="6.166360"><ele>891.4</ele></trkpt>
      <trkpt lat="45.796619" lon="6.166834"><ele>900.0</ele></trkpt>
      <trkpt lat="45.796645" lon="6.167380"><ele>909.0</ele></trkpt>
      <trkpt lat="45.796331" lon="6.167917"><ele>922.6</ele></trkpt>
      <trkpt lat="45.796271" lon="6.168375"><ele>932.4</ele></trkpt>
      <trkpt lat="45.795810" lon="6.169035"><ele>952.0</ele></trkpt>
      <trkpt lat="45.795482" lon="6.170508"><ele>993.8</ele></trkpt>
      <trkpt lat="45.795287" lon="6.170662"><ele>1002.4</ele></trkpt>
      <trkpt lat="45.794980" lon="6.170310"><ele>1017.0</ele></trkpt>
      <trkpt lat="45.794963" lon="6.170553"><ele>1023.6</ele></trkpt>
      <trkpt lat="45.794785" lon="6.170817"><ele>1025.8</ele></trkpt>
      <trkpt lat="45.794993" lon="6.171088"><ele>1029.8</ele></trkpt>
      <trkpt lat="45.795227" lon="6.171103"><ele>1029.4</ele></trkpt>
      <trkpt lat="45.795436" lon="6.171432"><ele>1020.6</ele></trkpt>
      <trkpt lat="45.795813" lon="6.171478"><ele>1015.6</ele></trkpt>
      <trkpt lat="45.796067" lon="6.171766"><ele>1018.4</ele></trkpt>
      <trkpt lat="45.796265" lon="6.171644"><ele>1020.4</ele></trkpt>
      <trkpt lat="45.796979" lon="6.171642"><ele>1032.8</ele></trkpt>
      <trkpt lat="45.797236" lon="6.171487"><ele>1034.4</ele></trkpt>
      <trkpt lat="45.797561" lon="6.171527"><ele>1037.0</ele></trkpt>
      <trkpt lat="45.797515" lon="6.172241"><ele>1051.2</ele></trkpt>
      <trkpt lat="45.797655" lon="6.172288"><ele>1057.2</ele></trkpt>
      <trkpt lat="45.797603" lon="6.172484"><ele>1061.2</ele></trkpt>
      <trkpt lat="45.797812" lon="6.172300"><ele>1068.2</ele></trkpt>
      <trkpt lat="45.797958" lon="6.172423"><ele>1070.8</ele></trkpt>
      <trkpt lat="45.798033" lon="6.172699"><ele>1077.0</ele></trkpt>
      <trkpt lat="45.797867" lon="6.172698"><ele>1081.4</ele></trkpt>
      <trkpt lat="45.797835" lon="6.172786"><ele>1083.8</ele></trkpt>
      <trkpt lat="45.798139" lon="6.173201"><ele>1083.8</ele></trkpt>
      <trkpt lat="45.798291" lon="6.173560"><ele>1089.0</ele></trkpt>
      <trkpt lat="45.799026" lon="6.174513"><ele>1108.2</ele></trkpt>
      <trkpt lat="45.798385" lon="6.174549"><ele>1121.2</ele></trkpt>
      <trkpt lat="45.799129" lon="6.175327"><ele>1144.0</ele></trkpt>
      <trkpt lat="45.799161" lon="6.175672"><ele>1147.4</ele></trkpt>
      <trkpt lat="45.799410" lon="6.175951"><ele>1153.6</ele></trkpt>
      <trkpt lat="45.799909" lon="6.177096"><ele>1174.0</ele></trkpt>
      <trkpt lat="45.800685" lon="6.178243"><ele>1202.4</ele></trkpt>
      <trkpt lat="45.799055" lon="6.177913"><ele>1240.0</ele></trkpt>
      <trkpt lat="45.798704" lon="6.177977"><ele>1251.2</ele></trkpt>
      <trkpt lat="45.798334" lon="6.177888"><ele>1260.8</ele></trkpt>
      <trkpt lat="45.797698" lon="6.178036"><ele>1276.6</ele></trkpt>
      <trkpt lat="45.797172" lon="6.177978"><ele>1289.8</ele></trkpt>
      <trkpt lat="45.797082" lon="6.178006"><ele>1292.2</ele></trkpt>
      <trkpt lat="45.797096" lon="6.178116"><ele>1296.4</ele></trkpt>
      <trkpt lat="45.796876" lon="6.178351"><ele>1301.2</ele></trkpt>
      <trkpt lat="45.797009" lon="6.178847"><ele>1311.2</ele></trkpt>
      <trkpt lat="45.797105" lon="6.178959"><ele>1315.2</ele></trkpt>
      <trkpt lat="45.798102" lon="6.179161"><ele>1331.0</ele></trkpt>
      <trkpt lat="45.798255" lon="6.179355"><ele>1332.8</ele></trkpt>
      <trkpt lat="45.798560" lon="6.179424"><ele>1330.4</ele></trkpt>
      <trkpt lat="45.798728" lon="6.179679"><ele>1325.0</ele></trkpt>
      <trkpt lat="45.799234" lon="6.179944"><ele>1322.8</ele></trkpt>
      <trkpt lat="45.799774" lon="6.179917"><ele>1324.8</ele></trkpt>
      <trkpt lat="45.800127" lon="6.180100"><ele>1323.8</ele></trkpt>
      <trkpt lat="45.800525" lon="6.179914"><ele>1326.2</ele></trkpt>
      <trkpt lat="45.801781" lon="6.180351"><ele>1309.6</ele></trkpt>
      <trkpt lat="45.802357" lon="6.180439"><ele>1309.8</ele></trkpt>
      <trkpt lat="45.804221" lon="6.181136"><ele>1244.4</ele></trkpt>
      <trkpt lat="45.804395" lon="6.181286"><ele>1236.4</ele></trkpt>
      <trkpt lat="45.804934" lon="6.181373"><ele>1223.4</ele></trkpt>
      <trkpt lat="45.805962" lon="6.181822"><ele>1200.8</ele></trkpt>
      <trkpt lat="45.806322" lon="6.181871"><ele>1192.2</ele></trkpt>
      <trkpt lat="45.806661" lon="6.182109"><ele>1178.4</ele></trkpt>
      <trkpt lat="45.806759" lon="6.182398"><ele>1169.2</ele></trkpt>
      <trkpt lat="45.807193" lon="6.182444"><ele>1160.6</ele></trkpt>
      <trkpt lat="45.807645" lon="6.182685"><ele>1150.2</ele></trkpt>
      <trkpt lat="45.808319" lon="6.182814"><ele>1122.8</ele></trkpt>
      <trkpt lat="45.808759" lon="6.183221"><ele>1104.8</ele></trkpt>
      <trkpt lat="45.809132" lon="6.183423"><ele>1092.2</ele></trkpt>
      <trkpt lat="45.809174" lon="6.183648"><ele>1087.6</ele></trkpt>
      <trkpt lat="45.809506" lon="6.183695"><ele>1079.4</ele></trkpt>
      <trkpt lat="45.809828" lon="6.183955"><ele>1070.4</ele></trkpt>
      <trkpt lat="45.810510" lon="6.184274"><ele>1053.4</ele></trkpt>
      <trkpt lat="45.810917" lon="6.184320"><ele>1042.2</ele></trkpt>
      <trkpt lat="45.811811" lon="6.184993"><ele>1020.6</ele></trkpt>
      <trkpt lat="45.812475" lon="6.185249"><ele>996.8</ele></trkpt>
      <trkpt lat="45.813103" lon="6.185971"><ele>968.4</ele></trkpt>
      <trkpt lat="45.814273" lon="6.186649"><ele>910.4</ele></trkpt>
      <trkpt lat="45.814718" lon="6.187278"><ele>888.4</ele></trkpt>
      <trkpt lat="45.814894" lon="6.187121"><ele>887.2</ele></trkpt>
      <trkpt lat="45.814984" lon="6.187365"><ele>882.8</ele></trkpt>
      <trkpt lat="45.815197" lon="6.187497"><ele>874.8</ele></trkpt>
      <trkpt lat="45.815235" lon="6.187641"><ele>870.4</ele></trkpt>
      <trkpt lat="45.815544" lon="6.187932"><ele>854.8</ele></trkpt>
      <trkpt lat="45.815837" lon="6.187937"><ele>842.6</ele></trkpt>
      <trkpt lat="45.815947" lon="6.188185"><ele>833.8</ele></trkpt>
      <trkpt lat="45.816010" lon="6.188771"><ele>820.8</ele></trkpt>
      <trkpt lat="45.815695" lon="6.188805"><ele>818.2</ele></trkpt>
      <trkpt lat="45.815652" lon="6.188945"><ele>811.4</ele></trkpt>
      <trkpt lat="45.814612" lon="6.189514"><ele>781.6</ele></trkpt>
      <trkpt lat="45.814261" lon="6.189434"><ele>777.6</ele></trkpt>
      <trkpt lat="45.813886" lon="6.189720"><ele>759.0</ele></trkpt>
      <trkpt lat="45.813459" lon="6.189770"><ele>747.8</ele></trkpt>
      <trkpt lat="45.813265" lon="6.189694"><ele>746.6</ele></trkpt>
      <trkpt lat="45.812949" lon="6.189855"><ele>734.4</ele></trkpt>
      <trkpt lat="45.812672" lon="6.190373"><ele>714.0</ele></trkpt>
      <trkpt lat="45.812572" lon="6.190776"><ele>705.8</ele></trkpt>
      <trkpt lat="45.812201" lon="6.191329"><ele>688.4</ele></trkpt>
      <trkpt lat="45.811910" lon="6.191433"><ele>684.8</ele></trkpt>
      <trkpt lat="45.811630" lon="6.192008"><ele>672.8</ele></trkpt>
      <trkpt lat="45.811045" lon="6.192489"><ele>660.2</ele></trkpt>
      <trkpt lat="45.810430" lon="6.192461"><ele>662.2</ele></trkpt>
      <trkpt lat="45.810375" lon="6.192611"><ele>659.6</ele></trkpt>
      <trkpt lat="45.810529" lon="6.192641"><ele>658.6</ele></trkpt>
      <trkpt lat="45.810381" lon="6.192607"><ele>662.4</ele></trkpt>
      <trkpt lat="45.810528" lon="6.192616"><ele>662.6</ele></trkpt>
      <trkpt lat="45.810384" lon="6.192651"><ele>663.2</ele></trkpt>
      <trkpt lat="45.810412" lon="6.192747"><ele>660.6</ele></trkpt>
      <trkpt lat="45.810130" lon="6.193056"><ele>659.2</ele></trkpt>
      <trkpt lat="45.809425" lon="6.193123"><ele>664.4</ele></trkpt>
      <trkpt lat="45.808885" lon="6.193609"><ele>669.0</ele></trkpt>
      <trkpt lat="45.808352" lon="6.193814"><ele>671.6</ele></trkpt>
      <trkpt lat="45.808153" lon="6.194101"><ele>673.2</ele></trkpt>
      <trkpt lat="45.807540" lon="6.194153"><ele>685.0</ele></trkpt>
      <trkpt lat="45.806599" lon="6.193961"><ele>701.2</ele></trkpt>
      <trkpt lat="45.806225" lon="6.194147"><ele>713.2</ele></trkpt>
      <trkpt lat="45.806339" lon="6.194416"><ele>717.8</ele></trkpt>
      <trkpt lat="45.806197" lon="6.194538"><ele>721.0</ele></trkpt>
      <trkpt lat="45.806417" lon="6.194833"><ele>730.2</ele></trkpt>
      <trkpt lat="45.806153" lon="6.194874"><ele>734.2</ele></trkpt>
      <trkpt lat="45.806359" lon="6.195253"><ele>742.6</ele></trkpt>
      <trkpt lat="45.806024" lon="6.195226"><ele>751.8</ele></trkpt>
      <trkpt lat="45.806000" lon="6.195349"><ele>753.4</ele></trkpt>
      <trkpt lat="45.806291" lon="6.195942"><ele>763.8</ele></trkpt>
      <trkpt lat="45.807143" lon="6.196076"><ele>759.8</ele></trkpt>
      <trkpt lat="45.807481" lon="6.196342"><ele>760.4</ele></trkpt>
      <trkpt lat="45.807663" lon="6.196715"><ele>764.6</ele></trkpt>
      <trkpt lat="45.807441" lon="6.197135"><ele>769.8</ele></trkpt>
      <trkpt lat="45.806851" lon="6.196704"><ele>773.6</ele></trkpt>
      <trkpt lat="45.806410" lon="6.196559"><ele>774.0</ele></trkpt>
      <trkpt lat="45.804303" lon="6.196078"><ele>809.2</ele></trkpt>
      <trkpt lat="45.803642" lon="6.195836"><ele>817.6</ele></trkpt>
      <trkpt lat="45.800802" lon="6.195271"><ele>832.2</ele></trkpt>
      <trkpt lat="45.799738" lon="6.194365"><ele>817.6</ele></trkpt>
      <trkpt lat="45.798758" lon="6.193876"><ele>801.4</ele></trkpt>
      <trkpt lat="45.797853" lon="6.194030"><ele>808.6</ele></trkpt>
      <trkpt lat="45.796357" lon="6.193775"><ele>834.6</ele></trkpt>
      <trkpt lat="45.796018" lon="6.193766"><ele>841.8</ele></trkpt>
      <trkpt lat="45.795843" lon="6.193901"><ele>843.4</ele></trkpt>
      <trkpt lat="45.795757" lon="6.193843"><ele>841.8</ele></trkpt>
      <trkpt lat="45.795703" lon="6.193593"><ele>840.4</ele></trkpt>
      <trkpt lat="45.795502" lon="6.193473"><ele>845.0</ele></trkpt>
      <trkpt lat="45.794747" lon="6.193321"><ele>854.0</ele></trkpt>
      <trkpt lat="45.794580" lon="6.193376"><ele>855.6</ele></trkpt>
      <trkpt lat="45.794399" lon="6.193799"><ele>862.0</ele></trkpt>
      <trkpt lat="45.794245" lon="6.193911"><ele>866.4</ele></trkpt>
      <trkpt lat="45.793912" lon="6.193900"><ele>869.6</ele></trkpt>
      <trkpt lat="45.793802" lon="6.193562"><ele>872.2</ele></trkpt>
      <trkpt lat="45.793452" lon="6.193413"><ele>868.4</ele></trkpt>
      <trkpt lat="45.793168" lon="6.193496"><ele>869.0</ele></trkpt>
      <trkpt lat="45.792964" lon="6.193390"><ele>866.2</ele></trkpt>
      <trkpt lat="45.791770" lon="6.193391"><ele>867.4</ele></trkpt>
      <trkpt lat="45.790872" lon="6.193763"><ele>861.8</ele></trkpt>
      <trkpt lat="45.790479" lon="6.193666"><ele>862.6</ele></trkpt>
      <trkpt lat="45.790274" lon="6.193720"><ele>863.2</ele></trkpt>
      <trkpt lat="45.790017" lon="6.193614"><ele>859.6</ele></trkpt>
      <trkpt lat="45.789699" lon="6.193209"><ele>857.0</ele></trkpt>
      <trkpt lat="45.789349" lon="6.193236"><ele>856.8</ele></trkpt>
      <trkpt lat="45.789217" lon="6.192849"><ele>854.6</ele></trkpt>
      <trkpt lat="45.788935" lon="6.192756"><ele>847.4</ele></trkpt>
      <trkpt lat="45.788899" lon="6.192356"><ele>842.2</ele></trkpt>
      <trkpt lat="45.788709" lon="6.192376"><ele>840.0</ele></trkpt>
      <trkpt lat="45.788242" lon="6.192088"><ele>836.4</ele></trkpt>
      <trkpt lat="45.788091" lon="6.191819"><ele>836.4</ele></trkpt>
      <trkpt lat="45.787797" lon="6.191551"><ele>836.4</ele></trkpt>
      <trkpt lat="45.787397" lon="6.191561"><ele>837.0</ele></trkpt>
      <trkpt lat="45.787098" lon="6.191775"><ele>839.2</ele></trkpt>
      <trkpt lat="45.786449" lon="6.191966"><ele>841.2</ele></trkpt>
      <trkpt lat="45.786256" lon="6.192255"><ele>841.2</ele></trkpt>
      <trkpt lat="45.786110" lon="6.192735"><ele>844.4</ele></trkpt>
      <trkpt lat="45.785459" lon="6.192909"><ele>846.0</ele></trkpt>
      <trkpt lat="45.785084" lon="6.192857"><ele>839.4</ele></trkpt>
      <trkpt lat="45.784682" lon="6.193009"><ele>825.2</ele></trkpt>
      <trkpt lat="45.784751" lon="6.193082"><ele>822.4</ele></trkpt>
      <trkpt lat="45.784552" lon="6.193252"><ele>814.4</ele></trkpt>
      <trkpt lat="45.784337" lon="6.193291"><ele>808.0</ele></trkpt>
      <trkpt lat="45.784971" lon="6.193620"><ele>795.6</ele></trkpt>
      <trkpt lat="45.783209" lon="6.194105"><ele>746.2</ele></trkpt>
      <trkpt lat="45.783636" lon="6.194398"><ele>729.2</ele></trkpt>
      <trkpt lat="45.784133" lon="6.194535"><ele>714.8</ele></trkpt>
      <trkpt lat="45.783565" lon="6.195083"><ele>690.6</ele></trkpt>
      <trkpt lat="45.783249" lon="6.195216"><ele>680.4</ele></trkpt>
      <trkpt lat="45.783316" lon="6.195311"><ele>676.2</ele></trkpt>
      <trkpt lat="45.783209" lon="6.195363"><ele>672.4</ele></trkpt>
      <trkpt lat="45.783364" lon="6.195503"><ele>667.4</ele></trkpt>
      <trkpt lat="45.784075" lon="6.195687"><ele>654.0</ele></trkpt>
      <trkpt lat="45.783388" lon="6.196254"><ele>635.4</ele></trkpt>
      <trkpt lat="45.783127" lon="6.196596"><ele>627.8</ele></trkpt>
      <trkpt lat="45.783432" lon="6.196623"><ele>625.4</ele></trkpt>
      <trkpt lat="45.783453" lon="6.196705"><ele>623.6</ele></trkpt>
      <trkpt lat="45.783119" lon="6.196990"><ele>614.8</ele></trkpt>
      <trkpt lat="45.782606" lon="6.197129"><ele>608.2</ele></trkpt>
      <trkpt lat="45.782312" lon="6.197003"><ele>603.4</ele></trkpt>
      <trkpt lat="45.781946" lon="6.196450"><ele>597.8</ele></trkpt>
      <trkpt lat="45.781836" lon="6.196441"><ele>598.6</ele></trkpt>
      <trkpt lat="45.781759" lon="6.196566"><ele>599.4</ele></trkpt>
      <trkpt lat="45.781826" lon="6.197797"><ele>575.0</ele></trkpt>
      <trkpt lat="45.781755" lon="6.198264"><ele>565.0</ele></trkpt>
      <trkpt lat="45.781811" lon="6.200470"><ele>527.8</ele></trkpt>
      <trkpt lat="45.782051" lon="6.201118"><ele>520.4</ele></trkpt>
      <trkpt lat="45.782226" lon="6.201885"><ele>512.0</ele></trkpt>
      <trkpt lat="45.782223" lon="6.202257"><ele>508.4</ele></trkpt>
      <trkpt lat="45.782086" lon="6.202719"><ele>504.2</ele></trkpt>
      <trkpt lat="45.781781" lon="6.202932"><ele>501.2</ele></trkpt>
      <trkpt lat="45.781750" lon="6.203204"><ele>499.0</ele></trkpt>
      <trkpt lat="45.781838" lon="6.203524"><ele>496.0</ele></trkpt>
      <trkpt lat="45.782247" lon="6.204316"><ele>489.6</ele></trkpt>
      <trkpt lat="45.782523" lon="6.205743"><ele>481.6</ele></trkpt>
      <trkpt lat="45.782427" lon="6.205916"><ele>480.2</ele></trkpt>
      <trkpt lat="45.781851" lon="6.206243"><ele>475.4</ele></trkpt>
      <trkpt lat="45.781573" lon="6.207059"><ele>472.2</ele></trkpt>
      <trkpt lat="45.781613" lon="6.207557"><ele>472.2</ele></trkpt>
      <trkpt lat="45.782023" lon="6.208981"><ele>468.2</ele></trkpt>
      <trkpt lat="45.781995" lon="6.209310"><ele>468.6</ele></trkpt>
      <trkpt lat="45.781734" lon="6.209356"><ele>467.6</ele></trkpt>
      <trkpt lat="45.781339" lon="6.209670"><ele>468.2</ele></trkpt>
      <trkpt lat="45.780610" lon="6.209438"><ele>469.4</ele></trkpt>
      <trkpt lat="45.780070" lon="6.209475"><ele>469.6</ele></trkpt>
      <trkpt lat="45.779588" lon="6.209210"><ele>470.8</ele></trkpt>
      <trkpt lat="45.779108" lon="6.209223"><ele>471.8</ele></trkpt>
      <trkpt lat="45.778648" lon="6.209402"><ele>473.0</ele></trkpt>
      <trkpt lat="45.778041" lon="6.211191"><ele>471.0</ele></trkpt>
      <trkpt lat="45.777536" lon="6.213088"><ele>471.4</ele></trkpt>
      <trkpt lat="45.777713" lon="6.213663"><ele>473.4</ele></trkpt>
      <trkpt lat="45.778578" lon="6.214619"><ele>473.0</ele></trkpt>
      <trkpt lat="45.780160" lon="6.216987"><ele>472.0</ele></trkpt>
      <trkpt lat="45.780525" lon="6.217751"><ele>471.8</ele></trkpt>
      <trkpt lat="45.780958" lon="6.219001"><ele>470.4</ele></trkpt>
      <trkpt lat="45.781802" lon="6.220260"><ele>469.8</ele></trkpt>
      <trkpt lat="45.781694" lon="6.220453"><ele>469.2</ele></trkpt>
      <trkpt lat="45.781319" lon="6.220764"><ele>469.0</ele></trkpt>
      <trkpt lat="45.780319" lon="6.221164"><ele>469.0</ele></trkpt>
      <trkpt lat="45.779899" lon="6.221775"><ele>469.2</ele></trkpt>
      <trkpt lat="45.778788" lon="6.222962"><ele>470.6</ele></trkpt>
      <trkpt lat="45.779295" lon="6.223417"><ele>470.0</ele></trkpt>
      <trkpt lat="45.779932" lon="6.223650"><ele>470.6</ele></trkpt>
      <trkpt lat="45.780666" lon="6.223694"><ele>470.8</ele></trkpt>
      <trkpt lat="45.780803" lon="6.223498"><ele>469.6</ele></trkpt>
      <trkpt lat="45.780665" lon="6.223531"><ele>467.4</ele></trkpt>
      <trkpt lat="45.780703" lon="6.223361"><ele>469.6</ele></trkpt>
      <trkpt lat="45.780800" lon="6.223405"><ele>468.6</ele></trkpt>
      <trkpt lat="45.780922" lon="6.223680"><ele>468.8</ele></trkpt>
      <trkpt lat="45.782436" lon="6.223822"><ele>469.8</ele></trkpt>
      <trkpt lat="45.783102" lon="6.224381"><ele>469.4</ele></trkpt>
      <trkpt lat="45.783315" lon="6.224412"><ele>468.4</ele></trkpt>
      <trkpt lat="45.783427" lon="6.224630"><ele>470.4</ele></trkpt>
      <trkpt lat="45.782178" lon="6.226391"><ele>467.6</ele></trkpt>
      <trkpt lat="45.781233" lon="6.227556"><ele>467.2</ele></trkpt>
      <trkpt lat="45.780830" lon="6.227902"><ele>467.2</ele></trkpt>
      <trkpt lat="45.780767" lon="6.228021"><ele>467.4</ele></trkpt>
      <trkpt lat="45.780824" lon="6.228123"><ele>468.0</ele></trkpt>
      <trkpt lat="45.781424" lon="6.227873"><ele>466.2</ele></trkpt>
      <trkpt lat="45.781754" lon="6.228290"><ele>464.0</ele></trkpt>
      <trkpt lat="45.781842" lon="6.228266"><ele>464.2</ele></trkpt>
      <trkpt lat="45.782281" lon="6.227542"><ele>466.2</ele></trkpt>
      <trkpt lat="45.784024" lon="6.228578"><ele>464.2</ele></trkpt>
      <trkpt lat="45.784131" lon="6.228755"><ele>464.0</ele></trkpt>
      <trkpt lat="45.784365" lon="6.230193"><ele>462.6</ele></trkpt>
      <trkpt lat="45.784028" lon="6.231713"><ele>460.6</ele></trkpt>
      <trkpt lat="45.785403" lon="6.232209"><ele>458.2</ele></trkpt>
      <trkpt lat="45.786802" lon="6.232110"><ele>456.6</ele></trkpt>
      <trkpt lat="45.787048" lon="6.232567"><ele>457.0</ele></trkpt>
      <trkpt lat="45.787499" lon="6.233962"><ele>467.6</ele></trkpt>
      <trkpt lat="45.787985" lon="6.234385"><ele>477.2</ele></trkpt>
      <trkpt lat="45.789283" lon="6.234479"><ele>488.8</ele></trkpt>
      <trkpt lat="45.789648" lon="6.234899"><ele>495.2</ele></trkpt>
      <trkpt lat="45.790698" lon="6.235756"><ele>513.0</ele></trkpt>
      <trkpt lat="45.790977" lon="6.236132"><ele>520.6</ele></trkpt>
      <trkpt lat="45.791791" lon="6.236279"><ele>539.0</ele></trkpt>
      <trkpt lat="45.792233" lon="6.236189"><ele>551.4</ele></trkpt>
      <trkpt lat="45.792663" lon="6.235835"><ele>567.0</ele></trkpt>
      <trkpt lat="45.792978" lon="6.235960"><ele>575.6</ele></trkpt>
      <trkpt lat="45.793374" lon="6.236370"><ele>586.8</ele></trkpt>
      <trkpt lat="45.793985" lon="6.236512"><ele>600.0</ele></trkpt>
      <trkpt lat="45.794030" lon="6.236975"><ele>610.2</ele></trkpt>
      <trkpt lat="45.793802" lon="6.237396"><ele>621.2</ele></trkpt>
      <trkpt lat="45.793687" lon="6.237912"><ele>631.2</ele></trkpt>
      <trkpt lat="45.793530" lon="6.237980"><ele>633.2</ele></trkpt>
      <trkpt lat="45.793101" lon="6.237824"><ele>639.4</ele></trkpt>
      <trkpt lat="45.792495" lon="6.237968"><ele>648.0</ele></trkpt>
      <trkpt lat="45.792147" lon="6.238363"><ele>654.4</ele></trkpt>
      <trkpt lat="45.791660" lon="6.239333"><ele>666.0</ele></trkpt>
      <trkpt lat="45.792175" lon="6.238874"><ele>673.8</ele></trkpt>
      <trkpt lat="45.792567" lon="6.238814"><ele>679.4</ele></trkpt>
      <trkpt lat="45.793007" lon="6.238971"><ele>685.6</ele></trkpt>
      <trkpt lat="45.793459" lon="6.239467"><ele>694.8</ele></trkpt>
      <trkpt lat="45.793791" lon="6.239633"><ele>700.6</ele></trkpt>
      <trkpt lat="45.795259" lon="6.239765"><ele>722.6</ele></trkpt>
      <trkpt lat="45.796579" lon="6.239492"><ele>741.8</ele></trkpt>
      <trkpt lat="45.797420" lon="6.239782"><ele>753.8</ele></trkpt>
      <trkpt lat="45.797665" lon="6.240143"><ele>760.2</ele></trkpt>
      <trkpt lat="45.798397" lon="6.240328"><ele>775.8</ele></trkpt>
      <trkpt lat="45.798539" lon="6.240535"><ele>779.8</ele></trkpt>
      <trkpt lat="45.799429" lon="6.240905"><ele>802.0</ele></trkpt>
      <trkpt lat="45.799646" lon="6.240900"><ele>807.4</ele></trkpt>
      <trkpt lat="45.799809" lon="6.241032"><ele>811.4</ele></trkpt>
      <trkpt lat="45.800217" lon="6.240773"><ele>823.6</ele></trkpt>
      <trkpt lat="45.801483" lon="6.240910"><ele>854.0</ele></trkpt>
      <trkpt lat="45.800373" lon="6.241918"><ele>877.8</ele></trkpt>
      <trkpt lat="45.800195" lon="6.242377"><ele>885.8</ele></trkpt>
      <trkpt lat="45.799870" lon="6.242372"><ele>893.2</ele></trkpt>
      <trkpt lat="45.799784" lon="6.242591"><ele>897.6</ele></trkpt>
      <trkpt lat="45.799508" lon="6.242546"><ele>903.2</ele></trkpt>
      <trkpt lat="45.798960" lon="6.242828"><ele>914.0</ele></trkpt>
      <trkpt lat="45.798699" lon="6.243191"><ele>921.8</ele></trkpt>
      <trkpt lat="45.798064" lon="6.243366"><ele>935.2</ele></trkpt>
      <trkpt lat="45.797401" lon="6.244035"><ele>953.2</ele></trkpt>
      <trkpt lat="45.796517" lon="6.244637"><ele>973.8</ele></trkpt>
      <trkpt lat="45.797634" lon="6.244549"><ele>976.8</ele></trkpt>
      <trkpt lat="45.798536" lon="6.244305"><ele>979.0</ele></trkpt>
      <trkpt lat="45.798885" lon="6.244383"><ele>980.2</ele></trkpt>
      <trkpt lat="45.799491" lon="6.244113"><ele>982.0</ele></trkpt>
      <trkpt lat="45.799793" lon="6.244256"><ele>984.0</ele></trkpt>
      <trkpt lat="45.800220" lon="6.244272"><ele>989.0</ele></trkpt>
      <trkpt lat="45.801088" lon="6.243943"><ele>995.6</ele></trkpt>
      <trkpt lat="45.802375" lon="6.244140"><ele>1009.0</ele></trkpt>
      <trkpt lat="45.802850" lon="6.243996"><ele>1014.8</ele></trkpt>
      <trkpt lat="45.803072" lon="6.243762"><ele>1018.2</ele></trkpt>
      <trkpt lat="45.803676" lon="6.243797"><ele>1027.2</ele></trkpt>
      <trkpt lat="45.804147" lon="6.243338"><ele>1035.0</ele></trkpt>
      <trkpt lat="45.804457" lon="6.243186"><ele>1041.6</ele></trkpt>
      <trkpt lat="45.804634" lon="6.242912"><ele>1047.6</ele></trkpt>
      <trkpt lat="45.804722" lon="6.242364"><ele>1055.8</ele></trkpt>
      <trkpt lat="45.805036" lon="6.241926"><ele>1063.4</ele></trkpt>
      <trkpt lat="45.805304" lon="6.242086"><ele>1068.6</ele></trkpt>
      <trkpt lat="45.805977" lon="6.242244"><ele>1081.8</ele></trkpt>
      <trkpt lat="45.807056" lon="6.242959"><ele>1102.6</ele></trkpt>
      <trkpt lat="45.807667" lon="6.243114"><ele>1111.8</ele></trkpt>
      <trkpt lat="45.808021" lon="6.243404"><ele>1124.0</ele></trkpt>
      <trkpt lat="45.808104" lon="6.243563"><ele>1127.2</ele></trkpt>
      <trkpt lat="45.807949" lon="6.243620"><ele>1132.2</ele></trkpt>
      <trkpt lat="45.808511" lon="6.244194"><ele>1149.2</ele></trkpt>
      <trkpt lat="45.808547" lon="6.244548"><ele>1158.0</ele></trkpt>
      <trkpt lat="45.808442" lon="6.244720"><ele>1156.8</ele></trkpt>
      <trkpt lat="45.808365" lon="6.244707"><ele>1156.4</ele></trkpt>
      <trkpt lat="45.808545" lon="6.244813"><ele>1155.8</ele></trkpt>
      <trkpt lat="45.808417" lon="6.244815"><ele>1156.0</ele></trkpt>
      <trkpt lat="45.808422" lon="6.244683"><ele>1156.0</ele></trkpt>
      <trkpt lat="45.808471" lon="6.244679"><ele>1153.4</ele></trkpt>
      <trkpt lat="45.808101" lon="6.245370"><ele>1148.2</ele></trkpt>
      <trkpt lat="45.807873" lon="6.246849"><ele>1138.4</ele></trkpt>
      <trkpt lat="45.807530" lon="6.248305"><ele>1126.4</ele></trkpt>
      <trkpt lat="45.807527" lon="6.248689"><ele>1123.8</ele></trkpt>
      <trkpt lat="45.806981" lon="6.249849"><ele>1108.8</ele></trkpt>
      <trkpt lat="45.806449" lon="6.250485"><ele>1093.2</ele></trkpt>
      <trkpt lat="45.805827" lon="6.251499"><ele>1067.8</ele></trkpt>
      <trkpt lat="45.806326" lon="6.251984"><ele>1054.2</ele></trkpt>
      <trkpt lat="45.806601" lon="6.252057"><ele>1051.4</ele></trkpt>
      <trkpt lat="45.806536" lon="6.252326"><ele>1052.6</ele></trkpt>
      <trkpt lat="45.806071" lon="6.253043"><ele>1047.4</ele></trkpt>
      <trkpt lat="45.805880" lon="6.253685"><ele>1034.8</ele></trkpt>
      <trkpt lat="45.805883" lon="6.255002"><ele>1031.0</ele></trkpt>
      <trkpt lat="45.805963" lon="6.255326"><ele>1028.6</ele></trkpt>
      <trkpt lat="45.805846" lon="6.256262"><ele>1026.8</ele></trkpt>
      <trkpt lat="45.805917" lon="6.257102"><ele>1025.0</ele></trkpt>
      <trkpt lat="45.806056" lon="6.257625"><ele>1024.2</ele></trkpt>
      <trkpt lat="45.806470" lon="6.258248"><ele>1023.0</ele></trkpt>
      <trkpt lat="45.805584" lon="6.258256"><ele>1010.4</ele></trkpt>
      <trkpt lat="45.805419" lon="6.257840"><ele>1007.0</ele></trkpt>
      <trkpt lat="45.804958" lon="6.257394"><ele>1002.6</ele></trkpt>
      <trkpt lat="45.804805" lon="6.257286"><ele>996.8</ele></trkpt>
      <trkpt lat="45.804605" lon="6.257355"><ele>989.6</ele></trkpt>
      <trkpt lat="45.804379" lon="6.257268"><ele>984.6</ele></trkpt>
      <trkpt lat="45.803912" lon="6.256725"><ele>963.6</ele></trkpt>
      <trkpt lat="45.802953" lon="6.256671"><ele>950.4</ele></trkpt>
      <trkpt lat="45.802752" lon="6.256793"><ele>950.0</ele></trkpt>
      <trkpt lat="45.802440" lon="6.257200"><ele>947.8</ele></trkpt>
      <trkpt lat="45.802250" lon="6.257864"><ele>936.0</ele></trkpt>
      <trkpt lat="45.802583" lon="6.258154"><ele>930.6</ele></trkpt>
      <trkpt lat="45.802624" lon="6.258335"><ele>933.4</ele></trkpt>
      <trkpt lat="45.802422" lon="6.258616"><ele>937.8</ele></trkpt>
      <trkpt lat="45.801999" lon="6.258915"><ele>945.0</ele></trkpt>
      <trkpt lat="45.801575" lon="6.259476"><ele>957.0</ele></trkpt>
      <trkpt lat="45.801492" lon="6.259871"><ele>967.2</ele></trkpt>
      <trkpt lat="45.801589" lon="6.260573"><ele>980.4</ele></trkpt>
      <trkpt lat="45.801893" lon="6.261158"><ele>993.6</ele></trkpt>
      <trkpt lat="45.802029" lon="6.261938"><ele>1008.6</ele></trkpt>
      <trkpt lat="45.802023" lon="6.262651"><ele>1018.4</ele></trkpt>
      <trkpt lat="45.801907" lon="6.263111"><ele>1024.4</ele></trkpt>
      <trkpt lat="45.802003" lon="6.263713"><ele>1030.6</ele></trkpt>
      <trkpt lat="45.801923" lon="6.264056"><ele>1033.2</ele></trkpt>
      <trkpt lat="45.802029" lon="6.264448"><ele>1037.2</ele></trkpt>
      <trkpt lat="45.802060" lon="6.264337"><ele>1037.2</ele></trkpt>
      <trkpt lat="45.802200" lon="6.264346"><ele>1038.0</ele></trkpt>
      <trkpt lat="45.802542" lon="6.264537"><ele>1044.0</ele></trkpt>
      <trkpt lat="45.803314" lon="6.264727"><ele>1057.4</ele></trkpt>
      <trkpt lat="45.803406" lon="6.264707"><ele>1058.6</ele></trkpt>
      <trkpt lat="45.803420" lon="6.264636"><ele>1057.6</ele></trkpt>
      <trkpt lat="45.803355" lon="6.264659"><ele>1057.2</ele></trkpt>
      <trkpt lat="45.803407" lon="6.264620"><ele>1058.6</ele></trkpt>
      <trkpt lat="45.803345" lon="6.264703"><ele>1060.0</ele></trkpt>
      <trkpt lat="45.803452" lon="6.264846"><ele>1060.6</ele></trkpt>
      <trkpt lat="45.803555" lon="6.265596"><ele>1071.6</ele></trkpt>
      <trkpt lat="45.803942" lon="6.266369"><ele>1086.0</ele></trkpt>
      <trkpt lat="45.804328" lon="6.266802"><ele>1097.8</ele></trkpt>
      <trkpt lat="45.804838" lon="6.267601"><ele>1117.0</ele></trkpt>
      <trkpt lat="45.805338" lon="6.267753"><ele>1128.4</ele></trkpt>
      <trkpt lat="45.806170" lon="6.268207"><ele>1138.8</ele></trkpt>
      <trkpt lat="45.806318" lon="6.268496"><ele>1140.4</ele></trkpt>
      <trkpt lat="45.806327" lon="6.269193"><ele>1143.8</ele></trkpt>
      <trkpt lat="45.806416" lon="6.269397"><ele>1145.8</ele></trkpt>
      <trkpt lat="45.806567" lon="6.269493"><ele>1147.2</ele></trkpt>
      <trkpt lat="45.807212" lon="6.269528"><ele>1151.4</ele></trkpt>
      <trkpt lat="45.807506" lon="6.269433"><ele>1153.2</ele></trkpt>
      <trkpt lat="45.808520" lon="6.270162"><ele>1154.0</ele></trkpt>
      <trkpt lat="45.808829" lon="6.270624"><ele>1157.2</ele></trkpt>
      <trkpt lat="45.808928" lon="6.270463"><ele>1158.6</ele></trkpt>
      <trkpt lat="45.808917" lon="6.269915"><ele>1159.8</ele></trkpt>
      <trkpt lat="45.809060" lon="6.269233"><ele>1168.4</ele></trkpt>
      <trkpt lat="45.809294" lon="6.269029"><ele>1173.6</ele></trkpt>
      <trkpt lat="45.809195" lon="6.268337"><ele>1181.4</ele></trkpt>
      <trkpt lat="45.809340" lon="6.268204"><ele>1184.2</ele></trkpt>
      <trkpt lat="45.809517" lon="6.268399"><ele>1189.6</ele></trkpt>
      <trkpt lat="45.810121" lon="6.268235"><ele>1197.6</ele></trkpt>
      <trkpt lat="45.810157" lon="6.267296"><ele>1199.2</ele></trkpt>
      <trkpt lat="45.810227" lon="6.267031"><ele>1198.8</ele></trkpt>
      <trkpt lat="45.810391" lon="6.266832"><ele>1198.6</ele></trkpt>
      <trkpt lat="45.811621" lon="6.267474"><ele>1220.8</ele></trkpt>
      <trkpt lat="45.812015" lon="6.267533"><ele>1223.2</ele></trkpt>
      <trkpt lat="45.812296" lon="6.267328"><ele>1225.2</ele></trkpt>
      <trkpt lat="45.812406" lon="6.267104"><ele>1224.6</ele></trkpt>
      <trkpt lat="45.812521" lon="6.267111"><ele>1223.0</ele></trkpt>
      <trkpt lat="45.812996" lon="6.266712"><ele>1224.8</ele></trkpt>
      <trkpt lat="45.813290" lon="6.266709"><ele>1222.2</ele></trkpt>
      <trkpt lat="45.813499" lon="6.266908"><ele>1220.8</ele></trkpt>
      <trkpt lat="45.813975" lon="6.266143"><ele>1222.0</ele></trkpt>
      <trkpt lat="45.814046" lon="6.265750"><ele>1220.4</ele></trkpt>
      <trkpt lat="45.814472" lon="6.265392"><ele>1217.8</ele></trkpt>
      <trkpt lat="45.815119" lon="6.265184"><ele>1221.6</ele></trkpt>
      <trkpt lat="45.815519" lon="6.265265"><ele>1226.8</ele></trkpt>
      <trkpt lat="45.816009" lon="6.265131"><ele>1230.8</ele></trkpt>
      <trkpt lat="45.816736" lon="6.265173"><ele>1230.2</ele></trkpt>
      <trkpt lat="45.817095" lon="6.264868"><ele>1237.4</ele></trkpt>
      <trkpt lat="45.817390" lon="6.264901"><ele>1238.4</ele></trkpt>
      <trkpt lat="45.818820" lon="6.264527"><ele>1245.2</ele></trkpt>
      <trkpt lat="45.819123" lon="6.264300"><ele>1243.8</ele></trkpt>
      <trkpt lat="45.819268" lon="6.263879"><ele>1240.6</ele></trkpt>
      <trkpt lat="45.819816" lon="6.263507"><ele>1233.4</ele></trkpt>
      <trkpt lat="45.819970" lon="6.263646"><ele>1231.6</ele></trkpt>
      <trkpt lat="45.820285" lon="6.263486"><ele>1229.0</ele></trkpt>
      <trkpt lat="45.820539" lon="6.263196"><ele>1226.6</ele></trkpt>
      <trkpt lat="45.821126" lon="6.263645"><ele>1229.2</ele></trkpt>
      <trkpt lat="45.821426" lon="6.263639"><ele>1233.4</ele></trkpt>
      <trkpt lat="45.821994" lon="6.263933"><ele>1238.2</ele></trkpt>
      <trkpt lat="45.823183" lon="6.264300"><ele>1236.0</ele></trkpt>
      <trkpt lat="45.823471" lon="6.264145"><ele>1234.8</ele></trkpt>
      <trkpt lat="45.823939" lon="6.264222"><ele>1235.0</ele></trkpt>
      <trkpt lat="45.823942" lon="6.264094"><ele>1236.2</ele></trkpt>
      <trkpt lat="45.824148" lon="6.263991"><ele>1239.8</ele></trkpt>
      <trkpt lat="45.824264" lon="6.263769"><ele>1241.8</ele></trkpt>
      <trkpt lat="45.824342" lon="6.263781"><ele>1241.8</ele></trkpt>
      <trkpt lat="45.824627" lon="6.264973"><ele>1256.6</ele></trkpt>
      <trkpt lat="45.824718" lon="6.265054"><ele>1259.2</ele></trkpt>
      <trkpt lat="45.824871" lon="6.264948"><ele>1263.0</ele></trkpt>
      <trkpt lat="45.824931" lon="6.264999"><ele>1264.4</ele></trkpt>
      <trkpt lat="45.825241" lon="6.265646"><ele>1278.6</ele></trkpt>
      <trkpt lat="45.826079" lon="6.266635"><ele>1308.6</ele></trkpt>
      <trkpt lat="45.826513" lon="6.267887"><ele>1328.6</ele></trkpt>
      <trkpt lat="45.826769" lon="6.267940"><ele>1336.8</ele></trkpt>
      <trkpt lat="45.826865" lon="6.268205"><ele>1343.8</ele></trkpt>
      <trkpt lat="45.826967" lon="6.268158"><ele>1347.0</ele></trkpt>
      <trkpt lat="45.827122" lon="6.268258"><ele>1352.8</ele></trkpt>
      <trkpt lat="45.827185" lon="6.268433"><ele>1357.2</ele></trkpt>
      <trkpt lat="45.827323" lon="6.268445"><ele>1361.6</ele></trkpt>
      <trkpt lat="45.827377" lon="6.268885"><ele>1371.0</ele></trkpt>
      <trkpt lat="45.827808" lon="6.268837"><ele>1383.8</ele></trkpt>
      <trkpt lat="45.828146" lon="6.268459"><ele>1389.6</ele></trkpt>
      <trkpt lat="45.828453" lon="6.267582"><ele>1402.0</ele></trkpt>
      <trkpt lat="45.828783" lon="6.267015"><ele>1408.6</ele></trkpt>
      <trkpt lat="45.828966" lon="6.266518"><ele>1413.8</ele></trkpt>
      <trkpt lat="45.829012" lon="6.266169"><ele>1417.6</ele></trkpt>
      <trkpt lat="45.829249" lon="6.265678"><ele>1423.2</ele></trkpt>
      <trkpt lat="45.829269" lon="6.265336"><ele>1426.6</ele></trkpt>
      <trkpt lat="45.829460" lon="6.264680"><ele>1433.2</ele></trkpt>
      <trkpt lat="45.829677" lon="6.264558"><ele>1433.8</ele></trkpt>
      <trkpt lat="45.830402" lon="6.264536"><ele>1431.2</ele></trkpt>
      <trkpt lat="45.831112" lon="6.263834"><ele>1432.8</ele></trkpt>
      <trkpt lat="45.831314" lon="6.263858"><ele>1431.2</ele></trkpt>
      <trkpt lat="45.831486" lon="6.264018"><ele>1430.2</ele></trkpt>
      <trkpt lat="45.831612" lon="6.263980"><ele>1429.6</ele></trkpt>
      <trkpt lat="45.832005" lon="6.263389"><ele>1431.4</ele></trkpt>
      <trkpt lat="45.832151" lon="6.262853"><ele>1429.0</ele></trkpt>
      <trkpt lat="45.832140" lon="6.263044"><ele>1427.8</ele></trkpt>
      <trkpt lat="45.832624" lon="6.263007"><ele>1417.0</ele></trkpt>
      <trkpt lat="45.832837" lon="6.263329"><ele>1411.2</ele></trkpt>
      <trkpt lat="45.833227" lon="6.264571"><ele>1398.6</ele></trkpt>
      <trkpt lat="45.833615" lon="6.265136"><ele>1395.0</ele></trkpt>
      <trkpt lat="45.833604" lon="6.265632"><ele>1394.8</ele></trkpt>
      <trkpt lat="45.833950" lon="6.265492"><ele>1389.6</ele></trkpt>
      <trkpt lat="45.834021" lon="6.265346"><ele>1385.0</ele></trkpt>
      <trkpt lat="45.834323" lon="6.265654"><ele>1376.0</ele></trkpt>
      <trkpt lat="45.834246" lon="6.265324"><ele>1370.8</ele></trkpt>
      <trkpt lat="45.834305" lon="6.265260"><ele>1369.2</ele></trkpt>
      <trkpt lat="45.834616" lon="6.265596"><ele>1361.0</ele></trkpt>
      <trkpt lat="45.834596" lon="6.265784"><ele>1356.6</ele></trkpt>
      <trkpt lat="45.834506" lon="6.265817"><ele>1352.4</ele></trkpt>
      <trkpt lat="45.834845" lon="6.265629"><ele>1347.2</ele></trkpt>
      <trkpt lat="45.834933" lon="6.265659"><ele>1346.4</ele></trkpt>
      <trkpt lat="45.834997" lon="6.265848"><ele>1342.6</ele></trkpt>
      <trkpt lat="45.835061" lon="6.265388"><ele>1340.8</ele></trkpt>
      <trkpt lat="45.835283" lon="6.265207"><ele>1334.4</ele></trkpt>
      <trkpt lat="45.835338" lon="6.265284"><ele>1332.4</ele></trkpt>
      <trkpt lat="45.835372" lon="6.265931"><ele>1324.0</ele></trkpt>
      <trkpt lat="45.835429" lon="6.265685"><ele>1325.4</ele></trkpt>
      <trkpt lat="45.835620" lon="6.265558"><ele>1327.6</ele></trkpt>
      <trkpt lat="45.835913" lon="6.265070"><ele>1335.2</ele></trkpt>
      <trkpt lat="45.836199" lon="6.264971"><ele>1339.0</ele></trkpt>
      <trkpt lat="45.836607" lon="6.265281"><ele>1342.0</ele></trkpt>
      <trkpt lat="45.836577" lon="6.265800"><ele>1350.2</ele></trkpt>
      <trkpt lat="45.836776" lon="6.265796"><ele>1353.0</ele></trkpt>
      <trkpt lat="45.836969" lon="6.266117"><ele>1359.8</ele></trkpt>
      <trkpt lat="45.837360" lon="6.266442"><ele>1366.2</ele></trkpt>
      <trkpt lat="45.837795" lon="6.266644"><ele>1370.0</ele></trkpt>
      <trkpt lat="45.838115" lon="6.266935"><ele>1376.2</ele></trkpt>
      <trkpt lat="45.838324" lon="6.266843"><ele>1378.6</ele></trkpt>
      <trkpt lat="45.838534" lon="6.266987"><ele>1381.4</ele></trkpt>
      <trkpt lat="45.838726" lon="6.266984"><ele>1384.2</ele></trkpt>
      <trkpt lat="45.839078" lon="6.267354"><ele>1391.8</ele></trkpt>
      <trkpt lat="45.839443" lon="6.267379"><ele>1396.8</ele></trkpt>
      <trkpt lat="45.839881" lon="6.267667"><ele>1406.0</ele></trkpt>
      <trkpt lat="45.840161" lon="6.268055"><ele>1414.8</ele></trkpt>
      <trkpt lat="45.840370" lon="6.267946"><ele>1419.0</ele></trkpt>
      <trkpt lat="45.840278" lon="6.268427"><ele>1427.6</ele></trkpt>
      <trkpt lat="45.840337" lon="6.268550"><ele>1430.0</ele></trkpt>
      <trkpt lat="45.840783" lon="6.267787"><ele>1431.0</ele></trkpt>
      <trkpt lat="45.840867" lon="6.267029"><ele>1431.6</ele></trkpt>
      <trkpt lat="45.841129" lon="6.266134"><ele>1435.8</ele></trkpt>
      <trkpt lat="45.841280" lon="6.265878"><ele>1439.6</ele></trkpt>
      <trkpt lat="45.841189" lon="6.265667"><ele>1443.6</ele></trkpt>
      <trkpt lat="45.841291" lon="6.264757"><ele>1450.4</ele></trkpt>
      <trkpt lat="45.840950" lon="6.264034"><ele>1460.8</ele></trkpt>
      <trkpt lat="45.841019" lon="6.263940"><ele>1464.8</ele></trkpt>
      <trkpt lat="45.840965" lon="6.263809"><ele>1464.8</ele></trkpt>
      <trkpt lat="45.841016" lon="6.263524"><ele>1468.4</ele></trkpt>
      <trkpt lat="45.840939" lon="6.263149"><ele>1472.8</ele></trkpt>
      <trkpt lat="45.841023" lon="6.263127"><ele>1475.8</ele></trkpt>
      <trkpt lat="45.841137" lon="6.263267"><ele>1479.2</ele></trkpt>
      <trkpt lat="45.841204" lon="6.263015"><ele>1483.8</ele></trkpt>
      <trkpt lat="45.841344" lon="6.263317"><ele>1489.4</ele></trkpt>
      <trkpt lat="45.841628" lon="6.263449"><ele>1504.4</ele></trkpt>
      <trkpt lat="45.841917" lon="6.263839"><ele>1519.2</ele></trkpt>
      <trkpt lat="45.842484" lon="6.264113"><ele>1532.0</ele></trkpt>
      <trkpt lat="45.842623" lon="6.264095"><ele>1534.8</ele></trkpt>
      <trkpt lat="45.842373" lon="6.263216"><ele>1549.8</ele></trkpt>
      <trkpt lat="45.842717" lon="6.263310"><ele>1559.4</ele></trkpt>
      <trkpt lat="45.842619" lon="6.263044"><ele>1563.8</ele></trkpt>
      <trkpt lat="45.842666" lon="6.262817"><ele>1565.8</ele></trkpt>
      <trkpt lat="45.842931" lon="6.262360"><ele>1574.6</ele></trkpt>
      <trkpt lat="45.843211" lon="6.262075"><ele>1585.6</ele></trkpt>
      <trkpt lat="45.843196" lon="6.261941"><ele>1589.0</ele></trkpt>
      <trkpt lat="45.843366" lon="6.261746"><ele>1592.0</ele></trkpt>
      <trkpt lat="45.843338" lon="6.261649"><ele>1594.6</ele></trkpt>
      <trkpt lat="45.843439" lon="6.261675"><ele>1598.0</ele></trkpt>
      <trkpt lat="45.843487" lon="6.261474"><ele>1604.4</ele></trkpt>
      <trkpt lat="45.843570" lon="6.261479"><ele>1609.0</ele></trkpt>
      <trkpt lat="45.843618" lon="6.261115"><ele>1620.2</ele></trkpt>
      <trkpt lat="45.843730" lon="6.261261"><ele>1625.0</ele></trkpt>
      <trkpt lat="45.843815" lon="6.261148"><ele>1630.2</ele></trkpt>
      <trkpt lat="45.844414" lon="6.261100"><ele>1652.4</ele></trkpt>
      <trkpt lat="45.844426" lon="6.260619"><ele>1655.6</ele></trkpt>
      <trkpt lat="45.844509" lon="6.260613"><ele>1661.4</ele></trkpt>
      <trkpt lat="45.844561" lon="6.260437"><ele>1664.0</ele></trkpt>
      <trkpt lat="45.844714" lon="6.260508"><ele>1666.8</ele></trkpt>
      <trkpt lat="45.844682" lon="6.260451"><ele>1666.4</ele></trkpt>
      <trkpt lat="45.845128" lon="6.260266"><ele>1649.6</ele></trkpt>
      <trkpt lat="45.845401" lon="6.259906"><ele>1641.2</ele></trkpt>
      <trkpt lat="45.846860" lon="6.260030"><ele>1631.4</ele></trkpt>
      <trkpt lat="45.847263" lon="6.259889"><ele>1627.0</ele></trkpt>
      <trkpt lat="45.849191" lon="6.259698"><ele>1614.8</ele></trkpt>
      <trkpt lat="45.849803" lon="6.259204"><ele>1607.6</ele></trkpt>
      <trkpt lat="45.851075" lon="6.258627"><ele>1613.0</ele></trkpt>
      <trkpt lat="45.851166" lon="6.258531"><ele>1613.4</ele></trkpt>
      <trkpt lat="45.851223" lon="6.258146"><ele>1614.4</ele></trkpt>
      <trkpt lat="45.851625" lon="6.258075"><ele>1612.2</ele></trkpt>
      <trkpt lat="45.852118" lon="6.257505"><ele>1605.4</ele></trkpt>
      <trkpt lat="45.852487" lon="6.256491"><ele>1590.4</ele></trkpt>
      <trkpt lat="45.852622" lon="6.256393"><ele>1585.4</ele></trkpt>
      <trkpt lat="45.852810" lon="6.256448"><ele>1580.8</ele></trkpt>
      <trkpt lat="45.852945" lon="6.256304"><ele>1577.0</ele></trkpt>
      <trkpt lat="45.853007" lon="6.256012"><ele>1573.2</ele></trkpt>
      <trkpt lat="45.852971" lon="6.255216"><ele>1566.6</ele></trkpt>
      <trkpt lat="45.853144" lon="6.254922"><ele>1562.0</ele></trkpt>
      <trkpt lat="45.853429" lon="6.255112"><ele>1554.2</ele></trkpt>
      <trkpt lat="45.853501" lon="6.255049"><ele>1551.0</ele></trkpt>
      <trkpt lat="45.853254" lon="6.254682"><ele>1543.0</ele></trkpt>
      <trkpt lat="45.853273" lon="6.254544"><ele>1539.0</ele></trkpt>
      <trkpt lat="45.853760" lon="6.254484"><ele>1526.4</ele></trkpt>
      <trkpt lat="45.854128" lon="6.253969"><ele>1514.2</ele></trkpt>
      <trkpt lat="45.854985" lon="6.253479"><ele>1497.2</ele></trkpt>
      <trkpt lat="45.856429" lon="6.252206"><ele>1470.2</ele></trkpt>
      <trkpt lat="45.857870" lon="6.251409"><ele>1445.0</ele></trkpt>
      <trkpt lat="45.858495" lon="6.250893"><ele>1435.8</ele></trkpt>
      <trkpt lat="45.858906" lon="6.250414"><ele>1437.6</ele></trkpt>
      <trkpt lat="45.859343" lon="6.250435"><ele>1430.8</ele></trkpt>
      <trkpt lat="45.859521" lon="6.250228"><ele>1424.4</ele></trkpt>
      <trkpt lat="45.859909" lon="6.250212"><ele>1416.2</ele></trkpt>
      <trkpt lat="45.860307" lon="6.249807"><ele>1404.2</ele></trkpt>
      <trkpt lat="45.860603" lon="6.248968"><ele>1390.8</ele></trkpt>
      <trkpt lat="45.860622" lon="6.249310"><ele>1384.2</ele></trkpt>
      <trkpt lat="45.861024" lon="6.250206"><ele>1366.4</ele></trkpt>
      <trkpt lat="45.861199" lon="6.250025"><ele>1359.2</ele></trkpt>
      <trkpt lat="45.861314" lon="6.249375"><ele>1342.6</ele></trkpt>
      <trkpt lat="45.861671" lon="6.248858"><ele>1328.4</ele></trkpt>
      <trkpt lat="45.862201" lon="6.248686"><ele>1315.4</ele></trkpt>
      <trkpt lat="45.862467" lon="6.249039"><ele>1306.2</ele></trkpt>
      <trkpt lat="45.862469" lon="6.249541"><ele>1296.4</ele></trkpt>
      <trkpt lat="45.862719" lon="6.249642"><ele>1287.2</ele></trkpt>
      <trkpt lat="45.862936" lon="6.249275"><ele>1274.6</ele></trkpt>
      <trkpt lat="45.862886" lon="6.248992"><ele>1268.6</ele></trkpt>
      <trkpt lat="45.862981" lon="6.248744"><ele>1262.4</ele></trkpt>
      <trkpt lat="45.863394" lon="6.249100"><ele>1251.6</ele></trkpt>
      <trkpt lat="45.863764" lon="6.249124"><ele>1245.2</ele></trkpt>
      <trkpt lat="45.864008" lon="6.248439"><ele>1238.8</ele></trkpt>
      <trkpt lat="45.864620" lon="6.248554"><ele>1225.4</ele></trkpt>
      <trkpt lat="45.864947" lon="6.248463"><ele>1216.8</ele></trkpt>
      <trkpt lat="45.865090" lon="6.248822"><ele>1209.4</ele></trkpt>
      <trkpt lat="45.865187" lon="6.249689"><ele>1194.2</ele></trkpt>
      <trkpt lat="45.865261" lon="6.249808"><ele>1191.8</ele></trkpt>
      <trkpt lat="45.865422" lon="6.249655"><ele>1186.0</ele></trkpt>
      <trkpt lat="45.865720" lon="6.249090"><ele>1175.0</ele></trkpt>
      <trkpt lat="45.866726" lon="6.248816"><ele>1150.0</ele></trkpt>
      <trkpt lat="45.867236" lon="6.248934"><ele>1136.0</ele></trkpt>
      <trkpt lat="45.867778" lon="6.248664"><ele>1121.2</ele></trkpt>
      <trkpt lat="45.868138" lon="6.248252"><ele>1110.0</ele></trkpt>
      <trkpt lat="45.868409" lon="6.247781"><ele>1103.4</ele></trkpt>
      <trkpt lat="45.868786" lon="6.247513"><ele>1089.6</ele></trkpt>
      <trkpt lat="45.868927" lon="6.247536"><ele>1084.6</ele></trkpt>
      <trkpt lat="45.869193" lon="6.247323"><ele>1078.6</ele></trkpt>
      <trkpt lat="45.869943" lon="6.247235"><ele>1059.6</ele></trkpt>
      <trkpt lat="45.870409" lon="6.246991"><ele>1045.4</ele></trkpt>
      <trkpt lat="45.870674" lon="6.246741"><ele>1035.4</ele></trkpt>
      <trkpt lat="45.871004" lon="6.246167"><ele>1022.2</ele></trkpt>
      <trkpt lat="45.871192" lon="6.246074"><ele>1018.8</ele></trkpt>
      <trkpt lat="45.871343" lon="6.245751"><ele>1009.6</ele></trkpt>
      <trkpt lat="45.871536" lon="6.245672"><ele>1005.0</ele></trkpt>
      <trkpt lat="45.871799" lon="6.245846"><ele>1001.4</ele></trkpt>
      <trkpt lat="45.871702" lon="6.245648"><ele>1001.4</ele></trkpt>
      <trkpt lat="45.871794" lon="6.245863"><ele>1001.8</ele></trkpt>
      <trkpt lat="45.871917" lon="6.245645"><ele>994.6</ele></trkpt>
      <trkpt lat="45.872463" lon="6.245329"><ele>976.8</ele></trkpt>
      <trkpt lat="45.872741" lon="6.244955"><ele>960.4</ele></trkpt>
      <trkpt lat="45.872989" lon="6.244914"><ele>950.0</ele></trkpt>
      <trkpt lat="45.873462" lon="6.244578"><ele>931.8</ele></trkpt>
      <trkpt lat="45.873511" lon="6.243981"><ele>920.2</ele></trkpt>
      <trkpt lat="45.873773" lon="6.243884"><ele>913.0</ele></trkpt>
      <trkpt lat="45.874359" lon="6.243199"><ele>885.8</ele></trkpt>
      <trkpt lat="45.874628" lon="6.243074"><ele>875.4</ele></trkpt>
      <trkpt lat="45.875204" lon="6.243031"><ele>862.0</ele></trkpt>
      <trkpt lat="45.875966" lon="6.242518"><ele>844.4</ele></trkpt>
      <trkpt lat="45.876835" lon="6.241300"><ele>834.2</ele></trkpt>
      <trkpt lat="45.877066" lon="6.240504"><ele>830.4</ele></trkpt>
      <trkpt lat="45.877612" lon="6.239937"><ele>819.4</ele></trkpt>
      <trkpt lat="45.877768" lon="6.239570"><ele>814.2</ele></trkpt>
      <trkpt lat="45.877935" lon="6.238024"><ele>797.8</ele></trkpt>
      <trkpt lat="45.877847" lon="6.237662"><ele>794.6</ele></trkpt>
      <trkpt lat="45.877511" lon="6.237000"><ele>790.2</ele></trkpt>
      <trkpt lat="45.877629" lon="6.236865"><ele>788.0</ele></trkpt>
      <trkpt lat="45.877961" lon="6.236917"><ele>786.0</ele></trkpt>
      <trkpt lat="45.878200" lon="6.236832"><ele>785.6</ele></trkpt>
      <trkpt lat="45.878297" lon="6.236725"><ele>785.8</ele></trkpt>
      <trkpt lat="45.878338" lon="6.236464"><ele>785.2</ele></trkpt>
      <trkpt lat="45.877976" lon="6.235217"><ele>784.2</ele></trkpt>
      <trkpt lat="45.877932" lon="6.234628"><ele>783.6</ele></trkpt>
      <trkpt lat="45.878293" lon="6.234239"><ele>782.4</ele></trkpt>
      <trkpt lat="45.878547" lon="6.233766"><ele>779.4</ele></trkpt>
      <trkpt lat="45.879376" lon="6.231296"><ele>774.4</ele></trkpt>
      <trkpt lat="45.879753" lon="6.230672"><ele>774.2</ele></trkpt>
      <trkpt lat="45.879888" lon="6.230163"><ele>772.2</ele></trkpt>
      <trkpt lat="45.880143" lon="6.229736"><ele>771.0</ele></trkpt>
      <trkpt lat="45.880102" lon="6.229709"><ele>770.4</ele></trkpt>
      <trkpt lat="45.880119" lon="6.229801"><ele>769.0</ele></trkpt>
      <trkpt lat="45.880179" lon="6.229713"><ele>767.6</ele></trkpt>
      <trkpt lat="45.880094" lon="6.229731"><ele>766.0</ele></trkpt>
      <trkpt lat="45.880173" lon="6.229760"><ele>766.4</ele></trkpt>
      <trkpt lat="45.880095" lon="6.229704"><ele>767.2</ele></trkpt>
      <trkpt lat="45.880167" lon="6.229670"><ele>765.4</ele></trkpt>
      <trkpt lat="45.880170" lon="6.229790"><ele>765.6</ele></trkpt>
      <trkpt lat="45.880150" lon="6.229676"><ele>765.6</ele></trkpt>
      <trkpt lat="45.880163" lon="6.229767"><ele>765.8</ele></trkpt>
      <trkpt lat="45.880104" lon="6.229738"><ele>766.2</ele></trkpt>
      <trkpt lat="45.880042" lon="6.229045"><ele>767.2</ele></trkpt>
      <trkpt lat="45.879874" lon="6.228602"><ele>772.0</ele></trkpt>
      <trkpt lat="45.879777" lon="6.228455"><ele>774.0</ele></trkpt>
      <trkpt lat="45.879266" lon="6.228237"><ele>785.2</ele></trkpt>
      <trkpt lat="45.878937" lon="6.227785"><ele>792.6</ele></trkpt>
      <trkpt lat="45.878538" lon="6.227801"><ele>798.0</ele></trkpt>
      <trkpt lat="45.878198" lon="6.227520"><ele>798.2</ele></trkpt>
      <trkpt lat="45.877927" lon="6.227183"><ele>800.2</ele></trkpt>
      <trkpt lat="45.877681" lon="6.226590"><ele>802.8</ele></trkpt>
      <trkpt lat="45.877082" lon="6.225942"><ele>806.6</ele></trkpt>
      <trkpt lat="45.876390" lon="6.225717"><ele>815.0</ele></trkpt>
      <trkpt lat="45.874433" lon="6.224397"><ele>819.0</ele></trkpt>
      <trkpt lat="45.873808" lon="6.224528"><ele>812.6</ele></trkpt>
      <trkpt lat="45.873577" lon="6.224403"><ele>810.8</ele></trkpt>
      <trkpt lat="45.873019" lon="6.223702"><ele>806.2</ele></trkpt>
      <trkpt lat="45.872887" lon="6.222740"><ele>797.6</ele></trkpt>
      <trkpt lat="45.872577" lon="6.221817"><ele>789.6</ele></trkpt>
      <trkpt lat="45.872235" lon="6.221617"><ele>780.2</ele></trkpt>
      <trkpt lat="45.871644" lon="6.221541"><ele>766.8</ele></trkpt>
      <trkpt lat="45.870826" lon="6.221120"><ele>743.4</ele></trkpt>
      <trkpt lat="45.870501" lon="6.220727"><ele>732.6</ele></trkpt>
      <trkpt lat="45.870138" lon="6.221003"><ele>739.4</ele></trkpt>
      <trkpt lat="45.869489" lon="6.221076"><ele>747.6</ele></trkpt>
      <trkpt lat="45.869220" lon="6.221407"><ele>755.0</ele></trkpt>
      <trkpt lat="45.868950" lon="6.222227"><ele>766.4</ele></trkpt>
      <trkpt lat="45.868964" lon="6.222472"><ele>769.2</ele></trkpt>
      <trkpt lat="45.868913" lon="6.222483"><ele>769.2</ele></trkpt>
      <trkpt lat="45.868997" lon="6.222508"><ele>769.2</ele></trkpt>
      <trkpt lat="45.868906" lon="6.222373"><ele>769.0</ele></trkpt>
      <trkpt lat="45.868949" lon="6.222466"><ele>769.0</ele></trkpt>
      <trkpt lat="45.869010" lon="6.222400"><ele>769.0</ele></trkpt>
      <trkpt lat="45.868921" lon="6.222492"><ele>768.6</ele></trkpt>
      <trkpt lat="45.869026" lon="6.222413"><ele>768.6</ele></trkpt>
      <trkpt lat="45.868929" lon="6.222465"><ele>768.8</ele></trkpt>
      <trkpt lat="45.869165" lon="6.222638"><ele>772.0</ele></trkpt>
      <trkpt lat="45.869193" lon="6.222827"><ele>773.6</ele></trkpt>
      <trkpt lat="45.868852" lon="6.223620"><ele>771.2</ele></trkpt>
      <trkpt lat="45.868562" lon="6.223469"><ele>771.0</ele></trkpt>
      <trkpt lat="45.868277" lon="6.223104"><ele>769.2</ele></trkpt>
      <trkpt lat="45.867961" lon="6.223169"><ele>769.2</ele></trkpt>
      <trkpt lat="45.867655" lon="6.222871"><ele>771.0</ele></trkpt>
      <trkpt lat="45.867459" lon="6.222985"><ele>770.6</ele></trkpt>
      <trkpt lat="45.867274" lon="6.222890"><ele>769.2</ele></trkpt>
      <trkpt lat="45.867067" lon="6.221993"><ele>766.0</ele></trkpt>
      <trkpt lat="45.866727" lon="6.222018"><ele>762.8</ele></trkpt>
      <trkpt lat="45.866413" lon="6.221913"><ele>759.4</ele></trkpt>
      <trkpt lat="45.866028" lon="6.221288"><ele>754.6</ele></trkpt>
      <trkpt lat="45.865660" lon="6.220885"><ele>747.2</ele></trkpt>
      <trkpt lat="45.865387" lon="6.220386"><ele>739.6</ele></trkpt>
      <trkpt lat="45.865031" lon="6.220098"><ele>731.6</ele></trkpt>
      <trkpt lat="45.864660" lon="6.219523"><ele>723.2</ele></trkpt>
      <trkpt lat="45.863790" lon="6.219378"><ele>731.6</ele></trkpt>
      <trkpt lat="45.863565" lon="6.219468"><ele>736.0</ele></trkpt>
      <trkpt lat="45.862989" lon="6.219308"><ele>741.2</ele></trkpt>
      <trkpt lat="45.862620" lon="6.219505"><ele>748.0</ele></trkpt>
      <trkpt lat="45.862227" lon="6.219290"><ele>752.0</ele></trkpt>
      <trkpt lat="45.861701" lon="6.219435"><ele>755.2</ele></trkpt>
      <trkpt lat="45.861344" lon="6.219352"><ele>758.4</ele></trkpt>
      <trkpt lat="45.861112" lon="6.219579"><ele>760.6</ele></trkpt>
      <trkpt lat="45.861094" lon="6.220238"><ele>762.6</ele></trkpt>
      <trkpt lat="45.860802" lon="6.221033"><ele>767.8</ele></trkpt>
      <trkpt lat="45.860850" lon="6.221453"><ele>774.4</ele></trkpt>
      <trkpt lat="45.860670" lon="6.221905"><ele>782.2</ele></trkpt>
      <trkpt lat="45.860476" lon="6.223372"><ele>799.6</ele></trkpt>
      <trkpt lat="45.860195" lon="6.223661"><ele>802.8</ele></trkpt>
      <trkpt lat="45.859932" lon="6.223472"><ele>802.6</ele></trkpt>
      <trkpt lat="45.859864" lon="6.223278"><ele>801.6</ele></trkpt>
      <trkpt lat="45.859853" lon="6.222658"><ele>803.4</ele></trkpt>
      <trkpt lat="45.859697" lon="6.222329"><ele>803.6</ele></trkpt>
      <trkpt lat="45.859896" lon="6.221811"><ele>793.2</ele></trkpt>
      <trkpt lat="45.860050" lon="6.220854"><ele>773.4</ele></trkpt>
      <trkpt lat="45.860036" lon="6.220531"><ele>765.6</ele></trkpt>
      <trkpt lat="45.859935" lon="6.220368"><ele>760.8</ele></trkpt>
      <trkpt lat="45.859992" lon="6.218934"><ele>740.8</ele></trkpt>
      <trkpt lat="45.859948" lon="6.218383"><ele>737.6</ele></trkpt>
      <trkpt lat="45.859772" lon="6.217829"><ele>735.8</ele></trkpt>
      <trkpt lat="45.859777" lon="6.216670"><ele>726.6</ele></trkpt>
      <trkpt lat="45.859594" lon="6.216448"><ele>724.4</ele></trkpt>
      <trkpt lat="45.859450" lon="6.215979"><ele>718.8</ele></trkpt>
      <trkpt lat="45.859113" lon="6.215357"><ele>712.2</ele></trkpt>
      <trkpt lat="45.858782" lon="6.214383"><ele>699.6</ele></trkpt>
      <trkpt lat="45.858297" lon="6.213930"><ele>693.2</ele></trkpt>
      <trkpt lat="45.857892" lon="6.213937"><ele>689.6</ele></trkpt>
      <trkpt lat="45.857936" lon="6.213717"><ele>687.4</ele></trkpt>
      <trkpt lat="45.858292" lon="6.213245"><ele>682.8</ele></trkpt>
      <trkpt lat="45.857779" lon="6.212807"><ele>673.4</ele></trkpt>
      <trkpt lat="45.857411" lon="6.210775"><ele>652.0</ele></trkpt>
      <trkpt lat="45.857407" lon="6.210264"><ele>646.6</ele></trkpt>
      <trkpt lat="45.857190" lon="6.209756"><ele>639.8</ele></trkpt>
      <trkpt lat="45.857246" lon="6.209626"><ele>635.4</ele></trkpt>
      <trkpt lat="45.857033" lon="6.209483"><ele>625.8</ele></trkpt>
      <trkpt lat="45.856800" lon="6.209536"><ele>619.0</ele></trkpt>
      <trkpt lat="45.856901" lon="6.209100"><ele>609.4</ele></trkpt>
      <trkpt lat="45.857571" lon="6.208444"><ele>605.0</ele></trkpt>
      <trkpt lat="45.858127" lon="6.207244"><ele>580.6</ele></trkpt>
      <trkpt lat="45.858134" lon="6.206460"><ele>564.2</ele></trkpt>
      <trkpt lat="45.857688" lon="6.205735"><ele>548.6</ele></trkpt>
      <trkpt lat="45.857321" lon="6.204653"><ele>541.6</ele></trkpt>
      <trkpt lat="45.857391" lon="6.203968"><ele>538.2</ele></trkpt>
      <trkpt lat="45.858303" lon="6.202614"><ele>527.4</ele></trkpt>
      <trkpt lat="45.858579" lon="6.202581"><ele>524.0</ele></trkpt>
      <trkpt lat="45.859669" lon="6.202050"><ele>515.0</ele></trkpt>
      <trkpt lat="45.860495" lon="6.201830"><ele>508.6</ele></trkpt>
      <trkpt lat="45.860911" lon="6.201516"><ele>506.0</ele></trkpt>
      <trkpt lat="45.861667" lon="6.201226"><ele>506.2</ele></trkpt>
      <trkpt lat="45.861735" lon="6.201110"><ele>506.2</ele></trkpt>
      <trkpt lat="45.861694" lon="6.200988"><ele>505.6</ele></trkpt>
      <trkpt lat="45.861294" lon="6.200226"><ele>501.0</ele></trkpt>
      <trkpt lat="45.861025" lon="6.199958"><ele>499.2</ele></trkpt>
      <trkpt lat="45.860967" lon="6.199733"><ele>497.6</ele></trkpt>
      <trkpt lat="45.861023" lon="6.199495"><ele>496.8</ele></trkpt>
      <trkpt lat="45.861171" lon="6.199516"><ele>496.8</ele></trkpt>
      <trkpt lat="45.861350" lon="6.199760"><ele>496.4</ele></trkpt>
      <trkpt lat="45.861246" lon="6.199596"><ele>495.8</ele></trkpt>
      <trkpt lat="45.861345" lon="6.199475"><ele>495.6</ele></trkpt>
      <trkpt lat="45.861346" lon="6.199620"><ele>495.0</ele></trkpt>
      <trkpt lat="45.861280" lon="6.199558"><ele>494.8</ele></trkpt>
      <trkpt lat="45.861204" lon="6.199702"><ele>494.8</ele></trkpt>
      <trkpt lat="45.861210" lon="6.199603"><ele>494.4</ele></trkpt>
      <trkpt lat="45.861246" lon="6.199719"><ele>494.4</ele></trkpt>
      <trkpt lat="45.861253" lon="6.199628"><ele>494.4</ele></trkpt>
      <trkpt lat="45.861142" lon="6.199581"><ele>494.2</ele></trkpt>
      <trkpt lat="45.861058" lon="6.199682"><ele>494.6</ele></trkpt>
      <trkpt lat="45.861149" lon="6.199696"><ele>495.2</ele></trkpt>
      <trkpt lat="45.860992" lon="6.199636"><ele>494.8</ele></trkpt>
      <trkpt lat="45.861456" lon="6.199631"><ele>495.0</ele></trkpt>
      <trkpt lat="45.861329" lon="6.199547"><ele>495.2</ele></trkpt>
      <trkpt lat="45.861348" lon="6.199677"><ele>495.2</ele></trkpt>
      <trkpt lat="45.861457" lon="6.199735"><ele>495.0</ele></trkpt>
      <trkpt lat="45.860990" lon="6.199584"><ele>495.2</ele></trkpt>
      <trkpt lat="45.861172" lon="6.199530"><ele>495.0</ele></trkpt>
      <trkpt lat="45.861088" lon="6.199400"><ele>495.0</ele></trkpt>
      <trkpt lat="45.861151" lon="6.199459"><ele>495.0</ele></trkpt>
      <trkpt lat="45.861094" lon="6.199616"><ele>495.8</ele></trkpt>
      <trkpt lat="45.861272" lon="6.199788"><ele>495.6</ele></trkpt>
      <trkpt lat="45.861211" lon="6.199869"><ele>495.0</ele></trkpt>
      <trkpt lat="45.861258" lon="6.199800"><ele>495.2</ele></trkpt>
      <trkpt lat="45.861184" lon="6.199604"><ele>495.0</ele></trkpt>
      <trkpt lat="45.860987" lon="6.199614"><ele>494.8</ele></trkpt>
      <trkpt lat="45.860941" lon="6.199529"><ele>494.8</ele></trkpt>
      <trkpt lat="45.861133" lon="6.199603"><ele>494.6</ele></trkpt>
      <trkpt lat="45.861078" lon="6.199688"><ele>494.6</ele></trkpt>
      <trkpt lat="45.861287" lon="6.199681"><ele>494.4</ele></trkpt>
      <trkpt lat="45.860996" lon="6.199599"><ele>494.4</ele></trkpt>
      <trkpt lat="45.860950" lon="6.199489"><ele>493.8</ele></trkpt>
      <trkpt lat="45.861342" lon="6.199635"><ele>493.8</ele></trkpt>
      <trkpt lat="45.861359" lon="6.199726"><ele>494.0</ele></trkpt>
      <trkpt lat="45.861267" lon="6.199767"><ele>494.4</ele></trkpt>
      <trkpt lat="45.861217" lon="6.199940"><ele>494.8</ele></trkpt>
      <trkpt lat="45.861758" lon="6.200988"><ele>500.6</ele></trkpt>
      <trkpt lat="45.861778" lon="6.201206"><ele>502.4</ele></trkpt>
      <trkpt lat="45.861192" lon="6.201354"><ele>500.4</ele></trkpt>
      <trkpt lat="45.861279" lon="6.201387"><ele>500.4</ele></trkpt>
      <trkpt lat="45.861226" lon="6.201336"><ele>500.2</ele></trkpt>
      <trkpt lat="45.860534" lon="6.201903"><ele>505.2</ele></trkpt>
      <trkpt lat="45.859345" lon="6.202308"><ele>513.6</ele></trkpt>
      <trkpt lat="45.859543" lon="6.202287"><ele>514.8</ele></trkpt>
      <trkpt lat="45.859655" lon="6.202516"><ele>515.8</ele></trkpt>
      <trkpt lat="45.859800" lon="6.203220"><ele>517.8</ele></trkpt>
      <trkpt lat="45.859589" lon="6.203553"><ele>522.2</ele></trkpt>
      <trkpt lat="45.859830" lon="6.204164"><ele>532.0</ele></trkpt>
      <trkpt lat="45.859897" lon="6.204596"><ele>541.2</ele></trkpt>
      <trkpt lat="45.860691" lon="6.204421"><ele>550.8</ele></trkpt>
      <trkpt lat="45.860939" lon="6.204471"><ele>555.8</ele></trkpt>
      <trkpt lat="45.861568" lon="6.204123"><ele>564.8</ele></trkpt>
      <trkpt lat="45.862185" lon="6.204086"><ele>574.4</ele></trkpt>
      <trkpt lat="45.862991" lon="6.204185"><ele>589.4</ele></trkpt>
      <trkpt lat="45.863683" lon="6.204630"><ele>602.6</ele></trkpt>
      <trkpt lat="45.864003" lon="6.204593"><ele>601.0</ele></trkpt>
      <trkpt lat="45.864311" lon="6.205131"><ele>600.8</ele></trkpt>
      <trkpt lat="45.865246" lon="6.207276"><ele>593.8</ele></trkpt>
      <trkpt lat="45.865563" lon="6.207503"><ele>588.4</ele></trkpt>
      <trkpt lat="45.865914" lon="6.207604"><ele>579.0</ele></trkpt>
      <trkpt lat="45.866053" lon="6.208013"><ele>573.8</ele></trkpt>
      <trkpt lat="45.866907" lon="6.208974"><ele>578.6</ele></trkpt>
      <trkpt lat="45.867245" lon="6.209945"><ele>583.2</ele></trkpt>
      <trkpt lat="45.867403" lon="6.210194"><ele>585.0</ele></trkpt>
      <trkpt lat="45.868830" lon="6.210078"><ele>601.4</ele></trkpt>
      <trkpt lat="45.869351" lon="6.210401"><ele>605.6</ele></trkpt>
      <trkpt lat="45.869498" lon="6.210432"><ele>606.8</ele></trkpt>
      <trkpt lat="45.869674" lon="6.210308"><ele>606.8</ele></trkpt>
      <trkpt lat="45.870345" lon="6.209248"><ele>620.0</ele></trkpt>
      <trkpt lat="45.870439" lon="6.208653"><ele>624.0</ele></trkpt>
      <trkpt lat="45.870574" lon="6.208376"><ele>625.6</ele></trkpt>
      <trkpt lat="45.870249" lon="6.207880"><ele>632.6</ele></trkpt>
      <trkpt lat="45.870269" lon="6.207765"><ele>633.6</ele></trkpt>
      <trkpt lat="45.870813" lon="6.208004"><ele>639.0</ele></trkpt>
      <trkpt lat="45.871622" lon="6.208679"><ele>640.2</ele></trkpt>
      <trkpt lat="45.872670" lon="6.210411"><ele>636.8</ele></trkpt>
      <trkpt lat="45.872765" lon="6.210821"><ele>635.8</ele></trkpt>
      <trkpt lat="45.873226" lon="6.210349"><ele>639.0</ele></trkpt>
      <trkpt lat="45.873345" lon="6.209929"><ele>642.6</ele></trkpt>
      <trkpt lat="45.871922" lon="6.207408"><ele>661.6</ele></trkpt>
      <trkpt lat="45.871863" lon="6.207125"><ele>663.8</ele></trkpt>
      <trkpt lat="45.871933" lon="6.207028"><ele>664.8</ele></trkpt>
      <trkpt lat="45.872273" lon="6.207179"><ele>668.2</ele></trkpt>
      <trkpt lat="45.873096" lon="6.207034"><ele>681.2</ele></trkpt>
      <trkpt lat="45.873338" lon="6.207090"><ele>684.2</ele></trkpt>
      <trkpt lat="45.873448" lon="6.207023"><ele>685.6</ele></trkpt>
      <trkpt lat="45.873466" lon="6.206813"><ele>687.6</ele></trkpt>
      <trkpt lat="45.873163" lon="6.206418"><ele>690.2</ele></trkpt>
      <trkpt lat="45.872151" lon="6.205670"><ele>692.2</ele></trkpt>
      <trkpt lat="45.871118" lon="6.204634"><ele>697.4</ele></trkpt>
      <trkpt lat="45.871064" lon="6.204475"><ele>699.4</ele></trkpt>
      <trkpt lat="45.871464" lon="6.204326"><ele>708.6</ele></trkpt>
      <trkpt lat="45.871919" lon="6.204414"><ele>722.0</ele></trkpt>
      <trkpt lat="45.872079" lon="6.204316"><ele>727.6</ele></trkpt>
      <trkpt lat="45.872141" lon="6.204394"><ele>729.4</ele></trkpt>
      <trkpt lat="45.872360" lon="6.204368"><ele>736.2</ele></trkpt>
      <trkpt lat="45.872470" lon="6.204263"><ele>740.8</ele></trkpt>
      <trkpt lat="45.873054" lon="6.204352"><ele>759.0</ele></trkpt>
      <trkpt lat="45.873452" lon="6.204218"><ele>769.8</ele></trkpt>
      <trkpt lat="45.874086" lon="6.204435"><ele>779.4</ele></trkpt>
      <trkpt lat="45.874536" lon="6.204440"><ele>786.6</ele></trkpt>
      <trkpt lat="45.874878" lon="6.204251"><ele>795.4</ele></trkpt>
      <trkpt lat="45.875165" lon="6.204265"><ele>800.8</ele></trkpt>
      <trkpt lat="45.875336" lon="6.204143"><ele>806.8</ele></trkpt>
      <trkpt lat="45.875944" lon="6.204093"><ele>822.2</ele></trkpt>
      <trkpt lat="45.876272" lon="6.203920"><ele>827.6</ele></trkpt>
      <trkpt lat="45.876898" lon="6.203870"><ele>845.6</ele></trkpt>
      <trkpt lat="45.877673" lon="6.203601"><ele>859.4</ele></trkpt>
      <trkpt lat="45.878019" lon="6.202659"><ele>874.8</ele></trkpt>
      <trkpt lat="45.878176" lon="6.202464"><ele>881.6</ele></trkpt>
      <trkpt lat="45.878616" lon="6.202350"><ele>891.0</ele></trkpt>
      <trkpt lat="45.878854" lon="6.202427"><ele>888.4</ele></trkpt>
      <trkpt lat="45.880749" lon="6.202269"><ele>871.6</ele></trkpt>
      <trkpt lat="45.881142" lon="6.202138"><ele>862.0</ele></trkpt>
      <trkpt lat="45.881183" lon="6.201938"><ele>862.8</ele></trkpt>
      <trkpt lat="45.881495" lon="6.201605"><ele>863.2</ele></trkpt>
      <trkpt lat="45.881638" lon="6.201676"><ele>864.8</ele></trkpt>
      <trkpt lat="45.881931" lon="6.202222"><ele>876.0</ele></trkpt>
      <trkpt lat="45.882142" lon="6.202282"><ele>880.4</ele></trkpt>
      <trkpt lat="45.882338" lon="6.202504"><ele>879.4</ele></trkpt>
      <trkpt lat="45.883198" lon="6.202642"><ele>882.4</ele></trkpt>
      <trkpt lat="45.883793" lon="6.202949"><ele>884.0</ele></trkpt>
      <trkpt lat="45.884187" lon="6.202911"><ele>890.0</ele></trkpt>
      <trkpt lat="45.884781" lon="6.202610"><ele>894.6</ele></trkpt>
      <trkpt lat="45.885353" lon="6.202665"><ele>908.8</ele></trkpt>
      <trkpt lat="45.885659" lon="6.202386"><ele>921.4</ele></trkpt>
      <trkpt lat="45.886325" lon="6.202219"><ele>952.2</ele></trkpt>
      <trkpt lat="45.886511" lon="6.201974"><ele>959.2</ele></trkpt>
      <trkpt lat="45.887176" lon="6.201913"><ele>968.6</ele></trkpt>
      <trkpt lat="45.887457" lon="6.201709"><ele>972.2</ele></trkpt>
      <trkpt lat="45.887457" lon="6.201849"><ele>971.8</ele></trkpt>
      <trkpt lat="45.887964" lon="6.201732"><ele>980.4</ele></trkpt>
      <trkpt lat="45.888361" lon="6.201901"><ele>971.4</ele></trkpt>
      <trkpt lat="45.888827" lon="6.201540"><ele>973.0</ele></trkpt>
      <trkpt lat="45.889004" lon="6.201777"><ele>977.8</ele></trkpt>
      <trkpt lat="45.889686" lon="6.202010"><ele>990.8</ele></trkpt>
      <trkpt lat="45.890826" lon="6.201832"><ele>1010.4</ele></trkpt>
      <trkpt lat="45.891041" lon="6.201920"><ele>1016.0</ele></trkpt>
      <trkpt lat="45.891406" lon="6.201648"><ele>1022.2</ele></trkpt>
      <trkpt lat="45.891555" lon="6.201735"><ele>1024.6</ele></trkpt>
      <trkpt lat="45.891701" lon="6.201678"><ele>1027.2</ele></trkpt>
      <trkpt lat="45.891773" lon="6.201775"><ele>1028.8</ele></trkpt>
      <trkpt lat="45.892494" lon="6.201679"><ele>1045.0</ele></trkpt>
      <trkpt lat="45.893002" lon="6.201781"><ele>1053.6</ele></trkpt>
      <trkpt lat="45.893259" lon="6.201999"><ele>1057.0</ele></trkpt>
      <trkpt lat="45.893651" lon="6.201976"><ele>1064.0</ele></trkpt>
      <trkpt lat="45.894138" lon="6.201721"><ele>1073.0</ele></trkpt>
      <trkpt lat="45.894950" lon="6.201487"><ele>1090.8</ele></trkpt>
      <trkpt lat="45.894882" lon="6.201474"><ele>1092.8</ele></trkpt>
      <trkpt lat="45.895020" lon="6.201214"><ele>1098.6</ele></trkpt>
      <trkpt lat="45.895075" lon="6.200764"><ele>1102.4</ele></trkpt>
      <trkpt lat="45.895404" lon="6.200711"><ele>1099.4</ele></trkpt>
      <trkpt lat="45.895320" lon="6.199947"><ele>1079.6</ele></trkpt>
      <trkpt lat="45.895045" lon="6.199491"><ele>1070.4</ele></trkpt>
      <trkpt lat="45.894684" lon="6.199058"><ele>1054.8</ele></trkpt>
      <trkpt lat="45.894154" lon="6.198745"><ele>1048.8</ele></trkpt>
      <trkpt lat="45.893913" lon="6.198455"><ele>1045.8</ele></trkpt>
      <trkpt lat="45.893103" lon="6.197881"><ele>1035.4</ele></trkpt>
      <trkpt lat="45.892487" lon="6.196859"><ele>1040.2</ele></trkpt>
      <trkpt lat="45.891254" lon="6.195777"><ele>1053.8</ele></trkpt>
      <trkpt lat="45.890131" lon="6.193567"><ele>1068.2</ele></trkpt>
      <trkpt lat="45.891051" lon="6.193447"><ele>1061.2</ele></trkpt>
      <trkpt lat="45.891646" lon="6.193145"><ele>1068.6</ele></trkpt>
      <trkpt lat="45.892015" lon="6.192800"><ele>1078.0</ele></trkpt>
      <trkpt lat="45.892497" lon="6.192584"><ele>1085.0</ele></trkpt>
      <trkpt lat="45.892573" lon="6.192425"><ele>1090.8</ele></trkpt>
      <trkpt lat="45.892970" lon="6.192100"><ele>1100.0</ele></trkpt>
      <trkpt lat="45.893269" lon="6.192042"><ele>1103.4</ele></trkpt>
      <trkpt lat="45.894396" lon="6.191440"><ele>1112.4</ele></trkpt>
      <trkpt lat="45.894726" lon="6.191456"><ele>1112.2</ele></trkpt>
      <trkpt lat="45.895291" lon="6.191235"><ele>1118.0</ele></trkpt>
      <trkpt lat="45.895807" lon="6.190608"><ele>1131.8</ele></trkpt>
      <trkpt lat="45.895755" lon="6.190591"><ele>1135.4</ele></trkpt>
      <trkpt lat="45.895821" lon="6.190244"><ele>1143.2</ele></trkpt>
      <trkpt lat="45.896041" lon="6.190077"><ele>1149.2</ele></trkpt>
      <trkpt lat="45.896112" lon="6.189905"><ele>1153.4</ele></trkpt>
      <trkpt lat="45.895993" lon="6.189830"><ele>1157.8</ele></trkpt>
      <trkpt lat="45.896234" lon="6.189616"><ele>1165.6</ele></trkpt>
      <trkpt lat="45.897043" lon="6.189626"><ele>1152.4</ele></trkpt>
      <trkpt lat="45.897493" lon="6.189856"><ele>1138.8</ele></trkpt>
      <trkpt lat="45.898172" lon="6.189965"><ele>1120.6</ele></trkpt>
      <trkpt lat="45.898945" lon="6.189868"><ele>1114.2</ele></trkpt>
      <trkpt lat="45.899945" lon="6.189480"><ele>1103.2</ele></trkpt>
      <trkpt lat="45.901201" lon="6.188835"><ele>1101.8</ele></trkpt>
      <trkpt lat="45.902012" lon="6.188302"><ele>1093.4</ele></trkpt>
      <trkpt lat="45.903284" lon="6.187746"><ele>1087.2</ele></trkpt>
      <trkpt lat="45.904419" lon="6.186963"><ele>1087.0</ele></trkpt>
      <trkpt lat="45.904351" lon="6.186787"><ele>1089.0</ele></trkpt>
      <trkpt lat="45.904421" lon="6.186620"><ele>1092.4</ele></trkpt>
      <trkpt lat="45.904738" lon="6.186377"><ele>1094.8</ele></trkpt>
      <trkpt lat="45.904840" lon="6.186192"><ele>1095.8</ele></trkpt>
      <trkpt lat="45.904853" lon="6.185513"><ele>1102.8</ele></trkpt>
      <trkpt lat="45.905253" lon="6.184898"><ele>1107.8</ele></trkpt>
      <trkpt lat="45.905246" lon="6.184347"><ele>1107.0</ele></trkpt>
      <trkpt lat="45.905494" lon="6.184024"><ele>1103.0</ele></trkpt>
      <trkpt lat="45.905824" lon="6.183800"><ele>1093.4</ele></trkpt>
      <trkpt lat="45.906084" lon="6.183239"><ele>1091.4</ele></trkpt>
      <trkpt lat="45.906163" lon="6.182691"><ele>1088.4</ele></trkpt>
      <trkpt lat="45.906398" lon="6.182104"><ele>1082.2</ele></trkpt>
      <trkpt lat="45.906611" lon="6.181215"><ele>1082.4</ele></trkpt>
      <trkpt lat="45.906632" lon="6.180797"><ele>1081.0</ele></trkpt>
      <trkpt lat="45.906892" lon="6.180204"><ele>1074.4</ele></trkpt>
      <trkpt lat="45.907035" lon="6.179569"><ele>1066.6</ele></trkpt>
      <trkpt lat="45.906949" lon="6.178995"><ele>1062.6</ele></trkpt>
      <trkpt lat="45.907310" lon="6.177230"><ele>1029.6</ele></trkpt>
      <trkpt lat="45.907287" lon="6.176834"><ele>1025.2</ele></trkpt>
      <trkpt lat="45.907388" lon="6.176696"><ele>1020.0</ele></trkpt>
      <trkpt lat="45.907485" lon="6.176054"><ele>1007.8</ele></trkpt>
      <trkpt lat="45.907628" lon="6.175812"><ele>1001.4</ele></trkpt>
      <trkpt lat="45.907501" lon="6.174979"><ele>986.8</ele></trkpt>
      <trkpt lat="45.907682" lon="6.174445"><ele>973.4</ele></trkpt>
      <trkpt lat="45.907700" lon="6.174125"><ele>965.2</ele></trkpt>
      <trkpt lat="45.908053" lon="6.173305"><ele>939.4</ele></trkpt>
      <trkpt lat="45.908065" lon="6.172800"><ele>928.2</ele></trkpt>
      <trkpt lat="45.908138" lon="6.172626"><ele>924.2</ele></trkpt>
      <trkpt lat="45.908431" lon="6.172423"><ele>925.2</ele></trkpt>
      <trkpt lat="45.908584" lon="6.172476"><ele>925.4</ele></trkpt>
      <trkpt lat="45.908802" lon="6.173149"><ele>913.2</ele></trkpt>
      <trkpt lat="45.908969" lon="6.173392"><ele>907.8</ele></trkpt>
      <trkpt lat="45.909250" lon="6.173550"><ele>901.8</ele></trkpt>
      <trkpt lat="45.909821" lon="6.174337"><ele>892.8</ele></trkpt>
      <trkpt lat="45.910217" lon="6.174542"><ele>889.4</ele></trkpt>
      <trkpt lat="45.910394" lon="6.174918"><ele>883.2</ele></trkpt>
      <trkpt lat="45.910230" lon="6.175295"><ele>870.4</ele></trkpt>
      <trkpt lat="45.910479" lon="6.175993"><ele>852.6</ele></trkpt>
      <trkpt lat="45.910742" lon="6.176263"><ele>851.4</ele></trkpt>
      <trkpt lat="45.911007" lon="6.176348"><ele>849.4</ele></trkpt>
      <trkpt lat="45.911295" lon="6.176739"><ele>850.0</ele></trkpt>
      <trkpt lat="45.911381" lon="6.177441"><ele>849.2</ele></trkpt>
      <trkpt lat="45.911598" lon="6.177883"><ele>844.6</ele></trkpt>
      <trkpt lat="45.912343" lon="6.178355"><ele>836.6</ele></trkpt>
      <trkpt lat="45.912498" lon="6.178658"><ele>834.2</ele></trkpt>
      <trkpt lat="45.912964" lon="6.179167"><ele>826.8</ele></trkpt>
      <trkpt lat="45.913186" lon="6.179137"><ele>823.6</ele></trkpt>
      <trkpt lat="45.913659" lon="6.179345"><ele>818.6</ele></trkpt>
      <trkpt lat="45.914149" lon="6.179232"><ele>812.8</ele></trkpt>
      <trkpt lat="45.914325" lon="6.178968"><ele>809.4</ele></trkpt>
      <trkpt lat="45.914479" lon="6.179145"><ele>803.6</ele></trkpt>
      <trkpt lat="45.914481" lon="6.179406"><ele>801.4</ele></trkpt>
      <trkpt lat="45.914335" lon="6.179843"><ele>794.4</ele></trkpt>
      <trkpt lat="45.914467" lon="6.179870"><ele>791.4</ele></trkpt>
      <trkpt lat="45.914429" lon="6.179989"><ele>789.2</ele></trkpt>
      <trkpt lat="45.914024" lon="6.180228"><ele>783.2</ele></trkpt>
      <trkpt lat="45.913519" lon="6.180919"><ele>775.2</ele></trkpt>
      <trkpt lat="45.913887" lon="6.180944"><ele>771.8</ele></trkpt>
      <trkpt lat="45.914464" lon="6.180712"><ele>765.0</ele></trkpt>
      <trkpt lat="45.915012" lon="6.180704"><ele>760.2</ele></trkpt>
      <trkpt lat="45.915428" lon="6.180440"><ele>755.4</ele></trkpt>
      <trkpt lat="45.915513" lon="6.180181"><ele>753.6</ele></trkpt>
      <trkpt lat="45.915539" lon="6.178921"><ele>746.8</ele></trkpt>
      <trkpt lat="45.915728" lon="6.178498"><ele>744.0</ele></trkpt>
      <trkpt lat="45.915648" lon="6.177926"><ele>741.4</ele></trkpt>
      <trkpt lat="45.915716" lon="6.177676"><ele>740.8</ele></trkpt>
      <trkpt lat="45.915811" lon="6.177654"><ele>740.2</ele></trkpt>
      <trkpt lat="45.915904" lon="6.177834"><ele>739.2</ele></trkpt>
      <trkpt lat="45.916008" lon="6.180061"><ele>725.4</ele></trkpt>
      <trkpt lat="45.916224" lon="6.180214"><ele>723.4</ele></trkpt>
      <trkpt lat="45.916413" lon="6.180037"><ele>722.4</ele></trkpt>
      <trkpt lat="45.916418" lon="6.179516"><ele>718.8</ele></trkpt>
      <trkpt lat="45.916341" lon="6.179129"><ele>715.6</ele></trkpt>
      <trkpt lat="45.916404" lon="6.178664"><ele>712.4</ele></trkpt>
      <trkpt lat="45.916557" lon="6.177916"><ele>706.2</ele></trkpt>
      <trkpt lat="45.917004" lon="6.176901"><ele>699.4</ele></trkpt>
      <trkpt lat="45.917027" lon="6.176389"><ele>696.6</ele></trkpt>
      <trkpt lat="45.916917" lon="6.175682"><ele>692.8</ele></trkpt>
      <trkpt lat="45.916929" lon="6.174540"><ele>685.2</ele></trkpt>
      <trkpt lat="45.916797" lon="6.173723"><ele>679.2</ele></trkpt>
      <trkpt lat="45.916433" lon="6.173047"><ele>673.0</ele></trkpt>
      <trkpt lat="45.916058" lon="6.171851"><ele>664.2</ele></trkpt>
      <trkpt lat="45.915322" lon="6.171243"><ele>665.4</ele></trkpt>
      <trkpt lat="45.914778" lon="6.170542"><ele>663.2</ele></trkpt>
      <trkpt lat="45.914366" lon="6.170305"><ele>663.2</ele></trkpt>
      <trkpt lat="45.913971" lon="6.170221"><ele>668.6</ele></trkpt>
      <trkpt lat="45.913585" lon="6.169887"><ele>669.8</ele></trkpt>
      <trkpt lat="45.913041" lon="6.168934"><ele>659.2</ele></trkpt>
      <trkpt lat="45.912940" lon="6.168573"><ele>651.0</ele></trkpt>
      <trkpt lat="45.912456" lon="6.167825"><ele>635.0</ele></trkpt>
      <trkpt lat="45.911196" lon="6.167096"><ele>608.4</ele></trkpt>
      <trkpt lat="45.911073" lon="6.166547"><ele>594.4</ele></trkpt>
      <trkpt lat="45.910189" lon="6.166243"><ele>590.0</ele></trkpt>
      <trkpt lat="45.909361" lon="6.166340"><ele>599.2</ele></trkpt>
      <trkpt lat="45.908873" lon="6.166278"><ele>599.6</ele></trkpt>
      <trkpt lat="45.908503" lon="6.166116"><ele>600.2</ele></trkpt>
      <trkpt lat="45.907631" lon="6.166025"><ele>604.4</ele></trkpt>
      <trkpt lat="45.906038" lon="6.164935"><ele>565.0</ele></trkpt>
      <trkpt lat="45.904619" lon="6.163602"><ele>524.4</ele></trkpt>
      <trkpt lat="45.904535" lon="6.163228"><ele>514.6</ele></trkpt>
      <trkpt lat="45.904623" lon="6.162438"><ele>499.2</ele></trkpt>
      <trkpt lat="45.904555" lon="6.161920"><ele>489.4</ele></trkpt>
      <trkpt lat="45.904214" lon="6.161239"><ele>477.8</ele></trkpt>
      <trkpt lat="45.903915" lon="6.160345"><ele>464.4</ele></trkpt>
      <trkpt lat="45.903955" lon="6.159924"><ele>459.4</ele></trkpt>
      <trkpt lat="45.904777" lon="6.159388"><ele>456.6</ele></trkpt>
      <trkpt lat="45.905516" lon="6.158634"><ele>456.4</ele></trkpt>
      <trkpt lat="45.905768" lon="6.158735"><ele>459.8</ele></trkpt>
      <trkpt lat="45.905915" lon="6.158077"><ele>456.4</ele></trkpt>
      <trkpt lat="45.905995" lon="6.158020"><ele>456.0</ele></trkpt>
      <trkpt lat="45.906138" lon="6.158024"><ele>456.6</ele></trkpt>
      <trkpt lat="45.906370" lon="6.157842"><ele>457.2</ele></trkpt>
      <trkpt lat="45.906547" lon="6.158405"><ele>457.8</ele></trkpt>
      <trkpt lat="45.906926" lon="6.158336"><ele>458.2</ele></trkpt>
      <trkpt lat="45.907266" lon="6.158183"><ele>458.2</ele></trkpt>
      <trkpt lat="45.907392" lon="6.157877"><ele>458.0</ele></trkpt>
      <trkpt lat="45.907724" lon="6.157679"><ele>457.2</ele></trkpt>
      <trkpt lat="45.907515" lon="6.156374"><ele>455.6</ele></trkpt>
      <trkpt lat="45.906543" lon="6.156787"><ele>456.2</ele></trkpt>
      <trkpt lat="45.906301" lon="6.157025"><ele>456.0</ele></trkpt>
      <trkpt lat="45.906009" lon="6.157146"><ele>455.6</ele></trkpt>
      <trkpt lat="45.906341" lon="6.157070"><ele>455.4</ele></trkpt>
    </trkseg>
  </trk>
</gpx>
