<?xml version="1.0" encoding="UTF-8"?>
<gpx version="1.1" creator="gpx-processor" xmlns="http://www.topografix.com/GPX/1/1">
  <metadata><name>CDH 2022 V2 (reconstructed)</name></metadata>
  <trk>
    <name>CDH 2022 V2 (reconstructed)</name>
    <trkseg>
      <trkpt lat="42.812998" lon="0.711158"><ele>640.0</ele></trkpt>
      <trkpt lat="42.813868" lon="0.711339"><ele>637.0</ele></trkpt>
      <trkpt lat="42.814862" lon="0.711750"><ele>634.0</ele></trkpt>
      <trkpt lat="42.816412" lon="0.711399"><ele>631.0</ele></trkpt>
      <trkpt lat="42.817469" lon="0.711682"><ele>633.0</ele></trkpt>
      <trkpt lat="42.818846" lon="0.713319"><ele>625.0</ele></trkpt>
      <trkpt lat="42.817808" lon="0.715171"><ele>631.0</ele></trkpt>
      <trkpt lat="42.814483" lon="0.713276"><ele>635.0</ele></trkpt>
      <trkpt lat="42.813049" lon="0.712565"><ele>640.0</ele></trkpt>
      <trkpt lat="42.812772" lon="0.712513"><ele>640.0</ele></trkpt>
      <trkpt lat="42.812584" lon="0.712659"><ele>640.0</ele></trkpt>
      <trkpt lat="42.812213" lon="0.713242"><ele>640.0</ele></trkpt>
      <trkpt lat="42.812305" lon="0.715445"><ele>656.0</ele></trkpt>
      <trkpt lat="42.812703" lon="0.715580"><ele>652.0</ele></trkpt>
      <trkpt lat="42.813347" lon="0.715220"><ele>647.0</ele></trkpt>
      <trkpt lat="42.813770" lon="0.715720"><ele>654.0</ele></trkpt>
      <trkpt lat="42.814930" lon="0.716480"><ele>659.0</ele></trkpt>
      <trkpt lat="42.815390" lon="0.716890"><ele>660.0</ele></trkpt>
      <trkpt lat="42.815830" lon="0.717370"><ele>662.0</ele></trkpt>
      <trkpt lat="42.816050" lon="0.717770"><ele>665.0</ele></trkpt>
      <trkpt lat="42.816410" lon="0.718520"><ele>667.0</ele></trkpt>
      <trkpt lat="42.816500" lon="0.719240"><ele>670.0</ele></trkpt>
      <trkpt lat="42.816590" lon="0.719440"><ele>670.0</ele></trkpt>
      <trkpt lat="42.816800" lon="0.719600"><ele>666.0</ele></trkpt>
      <trkpt lat="42.817040" lon="0.720120"><ele>673.0</ele></trkpt>
      <trkpt lat="42.817480" lon="0.720400"><ele>675.0</ele></trkpt>
      <trkpt lat="42.818080" lon="0.720970"><ele>680.0</ele></trkpt>
      <trkpt lat="42.818520" lon="0.721520"><ele>686.0</ele></trkpt>
      <trkpt lat="42.818851" lon="0.722237"><ele>688.0</ele></trkpt>
      <trkpt lat="42.819948" lon="0.723527"><ele>681.0</ele></trkpt>
      <trkpt lat="42.820630" lon="0.724053"><ele>672.0</ele></trkpt>
      <trkpt lat="42.820816" lon="0.724461"><ele>675.0</ele></trkpt>
      <trkpt lat="42.821107" lon="0.724748"><ele>675.0</ele></trkpt>
      <trkpt lat="42.821629" lon="0.724634"><ele>653.0</ele></trkpt>
      <trkpt lat="42.822186" lon="0.724931"><ele>644.0</ele></trkpt>
      <trkpt lat="42.822650" lon="0.724946"><ele>639.0</ele></trkpt>
      <trkpt lat="42.823103" lon="0.724579"><ele>632.0</ele></trkpt>
      <trkpt lat="42.823532" lon="0.724432"><ele>625.0</ele></trkpt>
      <trkpt lat="42.823800" lon="0.724946"><ele>622.0</ele></trkpt>
      <trkpt lat="42.824000" lon="0.725960"><ele>636.0</ele></trkpt>
      <trkpt lat="42.824100" lon="0.726110"><ele>642.0</ele></trkpt>
      <trkpt lat="42.824490" lon="0.726050"><ele>633.0</ele></trkpt>
      <trkpt lat="42.824430" lon="0.726180"><ele>642.0</ele></trkpt>
      <trkpt lat="42.824650" lon="0.726320"><ele>658.0</ele></trkpt>
      <trkpt lat="42.824850" lon="0.726340"><ele>661.0</ele></trkpt>
      <trkpt lat="42.824980" lon="0.726250"><ele>655.0</ele></trkpt>
      <trkpt lat="42.825180" lon="0.726360"><ele>664.0</ele></trkpt>
      <trkpt lat="42.825590" lon="0.726380"><ele>661.0</ele></trkpt>
      <trkpt lat="42.825610" lon="0.726520"><ele>668.0</ele></trkpt>
      <trkpt lat="42.825800" lon="0.726610"><ele>660.0</ele></trkpt>
      <trkpt lat="42.825930" lon="0.726343"><ele>640.0</ele></trkpt>
      <trkpt lat="42.826105" lon="0.726337"><ele>628.0</ele></trkpt>
      <trkpt lat="42.826136" lon="0.726471"><ele>631.0</ele></trkpt>
      <trkpt lat="42.826765" lon="0.727072"><ele>624.0</ele></trkpt>
      <trkpt lat="42.827270" lon="0.727080"><ele>620.0</ele></trkpt>
      <trkpt lat="42.827440" lon="0.727270"><ele>620.0</ele></trkpt>
      <trkpt lat="42.827740" lon="0.728050"><ele>635.0</ele></trkpt>
      <trkpt lat="42.828010" lon="0.728270"><ele>636.0</ele></trkpt>
      <trkpt lat="42.828740" lon="0.728710"><ele>620.0</ele></trkpt>
      <trkpt lat="42.829300" lon="0.728850"><ele>620.0</ele></trkpt>
      <trkpt lat="42.829740" lon="0.729180"><ele>614.0</ele></trkpt>
      <trkpt lat="42.830620" lon="0.729580"><ele>617.0</ele></trkpt>
      <trkpt lat="42.830740" lon="0.729750"><ele>620.0</ele></trkpt>
      <trkpt lat="42.831010" lon="0.729900"><ele>623.0</ele></trkpt>
      <trkpt lat="42.831357" lon="0.730447"><ele>645.0</ele></trkpt>
      <trkpt lat="42.832565" lon="0.731594"><ele>636.0</ele></trkpt>
      <trkpt lat="42.832930" lon="0.732190"><ele>631.0</ele></trkpt>
      <trkpt lat="42.833290" lon="0.732270"><ele>626.0</ele></trkpt>
      <trkpt lat="42.833460" lon="0.732800"><ele>638.0</ele></trkpt>
      <trkpt lat="42.833668" lon="0.732715"><ele>633.0</ele></trkpt>
      <trkpt lat="42.834260" lon="0.733390"><ele>634.0</ele></trkpt>
      <trkpt lat="42.834340" lon="0.733400"><ele>632.0</ele></trkpt>
      <trkpt lat="42.834490" lon="0.733070"><ele>625.0</ele></trkpt>
      <trkpt lat="42.834880" lon="0.733230"><ele>620.0</ele></trkpt>
      <trkpt lat="42.834800" lon="0.733520"><ele>625.0</ele></trkpt>
      <trkpt lat="42.835170" lon="0.733960"><ele>642.0</ele></trkpt>
      <trkpt lat="42.835090" lon="0.734050"><ele>643.0</ele></trkpt>
      <trkpt lat="42.835290" lon="0.734290"><ele>660.0</ele></trkpt>
      <trkpt lat="42.835020" lon="0.734460"><ele>652.0</ele></trkpt>
      <trkpt lat="42.834980" lon="0.734580"><ele>652.0</ele></trkpt>
      <trkpt lat="42.835070" lon="0.734530"><ele>657.0</ele></trkpt>
      <trkpt lat="42.835210" lon="0.734620"><ele>670.0</ele></trkpt>
      <trkpt lat="42.834960" lon="0.735090"><ele>668.0</ele></trkpt>
      <trkpt lat="42.834950" lon="0.735320"><ele>673.0</ele></trkpt>
      <trkpt lat="42.835210" lon="0.735050"><ele>684.0</ele></trkpt>
      <trkpt lat="42.835200" lon="0.735240"><ele>687.0</ele></trkpt>
      <trkpt lat="42.835400" lon="0.735130"><ele>695.0</ele></trkpt>
      <trkpt lat="42.835260" lon="0.735510"><ele>695.0</ele></trkpt>
      <trkpt lat="42.835440" lon="0.735390"><ele>703.0</ele></trkpt>
      <trkpt lat="42.835290" lon="0.735930"><ele>700.0</ele></trkpt>
      <trkpt lat="42.835310" lon="0.736010"><ele>702.0</ele></trkpt>
      <trkpt lat="42.835390" lon="0.735970"><ele>707.0</ele></trkpt>
      <trkpt lat="42.835380" lon="0.736150"><ele>708.0</ele></trkpt>
      <trkpt lat="42.835470" lon="0.736320"><ele>714.0</ele></trkpt>
      <trkpt lat="42.835820" lon="0.735730"><ele>728.0</ele></trkpt>
      <trkpt lat="42.835800" lon="0.735880"><ele>730.0</ele></trkpt>
      <trkpt lat="42.836030" lon="0.735570"><ele>734.0</ele></trkpt>
      <trkpt lat="42.836050" lon="0.735700"><ele>738.0</ele></trkpt>
      <trkpt lat="42.836180" lon="0.735690"><ele>743.0</ele></trkpt>
      <trkpt lat="42.836380" lon="0.735870"><ele>755.0</ele></trkpt>
      <trkpt lat="42.836120" lon="0.736410"><ele>753.0</ele></trkpt>
      <trkpt lat="42.836130" lon="0.736910"><ele>756.0</ele></trkpt>
      <trkpt lat="42.836200" lon="0.737040"><ele>759.0</ele></trkpt>
      <trkpt lat="42.836370" lon="0.736540"><ele>769.0</ele></trkpt>
      <trkpt lat="42.836740" lon="0.737560"><ele>790.0</ele></trkpt>
      <trkpt lat="42.836840" lon="0.737550"><ele>796.0</ele></trkpt>
      <trkpt lat="42.836910" lon="0.738350"><ele>805.0</ele></trkpt>
      <trkpt lat="42.837000" lon="0.738330"><ele>811.0</ele></trkpt>
      <trkpt lat="42.837020" lon="0.738870"><ele>813.0</ele></trkpt>
      <trkpt lat="42.837130" lon="0.738740"><ele>821.0</ele></trkpt>
      <trkpt lat="42.837250" lon="0.739100"><ele>828.0</ele></trkpt>
      <trkpt lat="42.837300" lon="0.738850"><ele>833.0</ele></trkpt>
      <trkpt lat="42.837420" lon="0.739390"><ele>841.0</ele></trkpt>
      <trkpt lat="42.837446" lon="0.738994"><ele>843.0</ele></trkpt>
      <trkpt lat="42.837501" lon="0.738956"><ele>848.0</ele></trkpt>
      <trkpt lat="42.837587" lon="0.739188"><ele>853.0</ele></trkpt>
      <trkpt lat="42.837609" lon="0.738735"><ele>860.0</ele></trkpt>
      <trkpt lat="42.837820" lon="0.738322"><ele>875.0</ele></trkpt>
      <trkpt lat="42.838135" lon="0.738485"><ele>888.0</ele></trkpt>
      <trkpt lat="42.838356" lon="0.738788"><ele>896.0</ele></trkpt>
      <trkpt lat="42.838190" lon="0.739630"><ele>896.0</ele></trkpt>
      <trkpt lat="42.838230" lon="0.740050"><ele>904.0</ele></trkpt>
      <trkpt lat="42.837900" lon="0.741000"><ele>904.0</ele></trkpt>
      <trkpt lat="42.837890" lon="0.741480"><ele>915.0</ele></trkpt>
      <trkpt lat="42.837660" lon="0.742060"><ele>921.0</ele></trkpt>
      <trkpt lat="42.837660" lon="0.742880"><ele>941.0</ele></trkpt>
      <trkpt lat="42.837330" lon="0.743900"><ele>943.0</ele></trkpt>
      <trkpt lat="42.837320" lon="0.745630"><ele>975.0</ele></trkpt>
      <trkpt lat="42.837000" lon="0.745670"><ele>961.0</ele></trkpt>
      <trkpt lat="42.836900" lon="0.745860"><ele>958.0</ele></trkpt>
      <trkpt lat="42.836800" lon="0.746470"><ele>968.0</ele></trkpt>
      <trkpt lat="42.836560" lon="0.746970"><ele>976.0</ele></trkpt>
      <trkpt lat="42.835920" lon="0.747450"><ele>974.0</ele></trkpt>
      <trkpt lat="42.835400" lon="0.748280"><ele>977.0</ele></trkpt>
      <trkpt lat="42.834620" lon="0.748980"><ele>972.0</ele></trkpt>
      <trkpt lat="42.833970" lon="0.749730"><ele>968.0</ele></trkpt>
      <trkpt lat="42.833730" lon="0.750240"><ele>746.0</ele></trkpt>
      <trkpt lat="42.833180" lon="0.751080"><ele>967.0</ele></trkpt>
      <trkpt lat="42.832790" lon="0.752100"><ele>973.0</ele></trkpt>
      <trkpt lat="42.832670" lon="0.752950"><ele>976.0</ele></trkpt>
      <trkpt lat="42.832370" lon="0.753580"><ele>976.0</ele></trkpt>
      <trkpt lat="42.832200" lon="0.754240"><ele>979.0</ele></trkpt>
      <trkpt lat="42.831820" lon="0.754950"><ele>977.0</ele></trkpt>
      <trkpt lat="42.831030" lon="0.757380"><ele>979.0</ele></trkpt>
      <trkpt lat="42.830730" lon="0.758090"><ele>975.0</ele></trkpt>
      <trkpt lat="42.830650" lon="0.758610"><ele>977.0</ele></trkpt>
      <trkpt lat="42.830300" lon="0.759430"><ele>970.0</ele></trkpt>
      <trkpt lat="42.829920" lon="0.760680"><ele>969.0</ele></trkpt>
      <trkpt lat="42.829680" lon="0.761180"><ele>967.0</ele></trkpt>
      <trkpt lat="42.829650" lon="0.761800"><ele>972.0</ele></trkpt>
      <trkpt lat="42.829000" lon="0.763190"><ele>961.0</ele></trkpt>
      <trkpt lat="42.828870" lon="0.763820"><ele>956.0</ele></trkpt>
      <trkpt lat="42.828590" lon="0.764420"><ele>951.0</ele></trkpt>
      <trkpt lat="42.828270" lon="0.765510"><ele>947.0</ele></trkpt>
      <trkpt lat="42.827860" lon="0.767580"><ele>947.0</ele></trkpt>
      <trkpt lat="42.827510" lon="0.768380"><ele>937.0</ele></trkpt>
      <trkpt lat="42.827280" lon="0.769400"><ele>942.0</ele></trkpt>
      <trkpt lat="42.826700" lon="0.770810"><ele>948.0</ele></trkpt>
      <trkpt lat="42.826720" lon="0.771240"><ele>952.0</ele></trkpt>
      <trkpt lat="42.826880" lon="0.771570"><ele>957.0</ele></trkpt>
      <trkpt lat="42.826900" lon="0.773300"><ele>975.0</ele></trkpt>
      <trkpt lat="42.826940" lon="0.773720"><ele>978.0</ele></trkpt>
      <trkpt lat="42.827050" lon="0.774010"><ele>985.0</ele></trkpt>
      <trkpt lat="42.826890" lon="0.774700"><ele>982.0</ele></trkpt>
      <trkpt lat="42.827000" lon="0.775960"><ele>995.0</ele></trkpt>
      <trkpt lat="42.826940" lon="0.777240"><ele>1001.0</ele></trkpt>
      <trkpt lat="42.827190" lon="0.779300"><ele>1020.0</ele></trkpt>
      <trkpt lat="42.827220" lon="0.780060"><ele>1030.0</ele></trkpt>
      <trkpt lat="42.827340" lon="0.780510"><ele>1045.0</ele></trkpt>
      <trkpt lat="42.827280" lon="0.780960"><ele>1048.0</ele></trkpt>
      <trkpt lat="42.827360" lon="0.781480"><ele>1067.0</ele></trkpt>
      <trkpt lat="42.827450" lon="0.781520"><ele>1075.0</ele></trkpt>
      <trkpt lat="42.827290" lon="0.782010"><ele>1091.0</ele></trkpt>
      <trkpt lat="42.827120" lon="0.782200"><ele>1090.0</ele></trkpt>
      <trkpt lat="42.827180" lon="0.782290"><ele>1099.0</ele></trkpt>
      <trkpt lat="42.827060" lon="0.782680"><ele>1105.0</ele></trkpt>
      <trkpt lat="42.827100" lon="0.783230"><ele>1112.0</ele></trkpt>
      <trkpt lat="42.827280" lon="0.783530"><ele>1125.0</ele></trkpt>
      <trkpt lat="42.827360" lon="0.783840"><ele>1133.0</ele></trkpt>
      <trkpt lat="42.827320" lon="0.784790"><ele>1133.0</ele></trkpt>
      <trkpt lat="42.827400" lon="0.785040"><ele>1140.0</ele></trkpt>
      <trkpt lat="42.827350" lon="0.785510"><ele>1135.0</ele></trkpt>
      <trkpt lat="42.827500" lon="0.785870"><ele>1145.0</ele></trkpt>
      <trkpt lat="42.827720" lon="0.786080"><ele>1161.0</ele></trkpt>
      <trkpt lat="42.827690" lon="0.786320"><ele>1160.0</ele></trkpt>
      <trkpt lat="42.827770" lon="0.786560"><ele>1168.0</ele></trkpt>
      <trkpt lat="42.827700" lon="0.787640"><ele>1164.0</ele></trkpt>
      <trkpt lat="42.827980" lon="0.789420"><ele>1192.0</ele></trkpt>
      <trkpt lat="42.827890" lon="0.790020"><ele>1191.0</ele></trkpt>
      <trkpt lat="42.827940" lon="0.791500"><ele>1188.0</ele></trkpt>
      <trkpt lat="42.827890" lon="0.792770"><ele>1171.0</ele></trkpt>
      <trkpt lat="42.828020" lon="0.792920"><ele>1173.0</ele></trkpt>
      <trkpt lat="42.827940" lon="0.793010"><ele>1164.0</ele></trkpt>
      <trkpt lat="42.828070" lon="0.793270"><ele>1161.0</ele></trkpt>
      <trkpt lat="42.828320" lon="0.793480"><ele>1168.0</ele></trkpt>
      <trkpt lat="42.828470" lon="0.793740"><ele>1168.0</ele></trkpt>
      <trkpt lat="42.828633" lon="0.793798"><ele>1178.0</ele></trkpt>
      <trkpt lat="42.828580" lon="0.794400"><ele>1167.0</ele></trkpt>
      <trkpt lat="42.828330" lon="0.794520"><ele>1172.0</ele></trkpt>
      <trkpt lat="42.827780" lon="0.794420"><ele>1166.0</ele></trkpt>
      <trkpt lat="42.827010" lon="0.794500"><ele>1140.0</ele></trkpt>
      <trkpt lat="42.826230" lon="0.795460"><ele>1103.0</ele></trkpt>
      <trkpt lat="42.825600" lon="0.796020"><ele>1076.0</ele></trkpt>
      <trkpt lat="42.825120" lon="0.796620"><ele>1060.0</ele></trkpt>
      <trkpt lat="42.824810" lon="0.797170"><ele>1054.0</ele></trkpt>
      <trkpt lat="42.824360" lon="0.797400"><ele>1037.0</ele></trkpt>
      <trkpt lat="42.824170" lon="0.797363"><ele>1031.0</ele></trkpt>
      <trkpt lat="42.824333" lon="0.795978"><ele>1020.0</ele></trkpt>
      <trkpt lat="42.824202" lon="0.795901"><ele>1015.0</ele></trkpt>
      <trkpt lat="42.824052" lon="0.796167"><ele>1016.0</ele></trkpt>
      <trkpt lat="42.823909" lon="0.796176"><ele>1012.0</ele></trkpt>
      <trkpt lat="42.823873" lon="0.796262"><ele>1012.0</ele></trkpt>
      <trkpt lat="42.823955" lon="0.796573"><ele>1019.0</ele></trkpt>
      <trkpt lat="42.823826" lon="0.797070"><ele>1018.0</ele></trkpt>
      <trkpt lat="42.823354" lon="0.797705"><ele>1010.0</ele></trkpt>
      <trkpt lat="42.823094" lon="0.798243"><ele>1015.0</ele></trkpt>
      <trkpt lat="42.822804" lon="0.798453"><ele>1006.0</ele></trkpt>
      <trkpt lat="42.822430" lon="0.799431"><ele>999.0</ele></trkpt>
      <trkpt lat="42.822643" lon="0.799758"><ele>1007.0</ele></trkpt>
      <trkpt lat="42.822618" lon="0.799884"><ele>1008.0</ele></trkpt>
      <trkpt lat="42.822309" lon="0.800215"><ele>1000.0</ele></trkpt>
      <trkpt lat="42.822083" lon="0.800877"><ele>999.0</ele></trkpt>
      <trkpt lat="42.821456" lon="0.802158"><ele>1008.0</ele></trkpt>
      <trkpt lat="42.821019" lon="0.802761"><ele>1011.0</ele></trkpt>
      <trkpt lat="42.821121" lon="0.802779"><ele>1017.0</ele></trkpt>
      <trkpt lat="42.821769" lon="0.802103"><ele>1021.0</ele></trkpt>
      <trkpt lat="42.821931" lon="0.802167"><ele>1031.0</ele></trkpt>
      <trkpt lat="42.821889" lon="0.802540"><ele>1039.0</ele></trkpt>
      <trkpt lat="42.821479" lon="0.803182"><ele>1043.0</ele></trkpt>
      <trkpt lat="42.820890" lon="0.804653"><ele>1069.0</ele></trkpt>
      <trkpt lat="42.820070" lon="0.805800"><ele>1071.0</ele></trkpt>
      <trkpt lat="42.819660" lon="0.807440"><ele>1083.0</ele></trkpt>
      <trkpt lat="42.819540" lon="0.808680"><ele>1091.0</ele></trkpt>
      <trkpt lat="42.819220" lon="0.809410"><ele>1092.0</ele></trkpt>
      <trkpt lat="42.818910" lon="0.810690"><ele>1091.0</ele></trkpt>
      <trkpt lat="42.818580" lon="0.811300"><ele>1080.0</ele></trkpt>
      <trkpt lat="42.818460" lon="0.811870"><ele>1079.0</ele></trkpt>
      <trkpt lat="42.818580" lon="0.812480"><ele>1092.0</ele></trkpt>
      <trkpt lat="42.818030" lon="0.813670"><ele>1083.0</ele></trkpt>
      <trkpt lat="42.817640" lon="0.815150"><ele>1087.0</ele></trkpt>
      <trkpt lat="42.817430" lon="0.815580"><ele>1081.0</ele></trkpt>
      <trkpt lat="42.817310" lon="0.816170"><ele>1089.0</ele></trkpt>
      <trkpt lat="42.817060" lon="0.816690"><ele>1098.0</ele></trkpt>
      <trkpt lat="42.817120" lon="0.817550"><ele>1100.0</ele></trkpt>
      <trkpt lat="42.817000" lon="0.817660"><ele>1103.0</ele></trkpt>
      <trkpt lat="42.816920" lon="0.817910"><ele>1113.0</ele></trkpt>
      <trkpt lat="42.817040" lon="0.818670"><ele>1128.0</ele></trkpt>
      <trkpt lat="42.816700" lon="0.820080"><ele>1165.0</ele></trkpt>
      <trkpt lat="42.816680" lon="0.820780"><ele>1176.0</ele></trkpt>
      <trkpt lat="42.816570" lon="0.820990"><ele>1184.0</ele></trkpt>
      <trkpt lat="42.816730" lon="0.822720"><ele>1190.0</ele></trkpt>
      <trkpt lat="42.816570" lon="0.824240"><ele>1190.0</ele></trkpt>
      <trkpt lat="42.816700" lon="0.824530"><ele>1190.0</ele></trkpt>
      <trkpt lat="42.816880" lon="0.824530"><ele>1192.0</ele></trkpt>
      <trkpt lat="42.817230" lon="0.824250"><ele>1191.0</ele></trkpt>
      <trkpt lat="42.817700" lon="0.823610"><ele>1192.0</ele></trkpt>
      <trkpt lat="42.817760" lon="0.823670"><ele>1196.0</ele></trkpt>
      <trkpt lat="42.817420" lon="0.824160"><ele>1197.0</ele></trkpt>
      <trkpt lat="42.817110" lon="0.824870"><ele>1214.0</ele></trkpt>
      <trkpt lat="42.816260" lon="0.825440"><ele>1227.0</ele></trkpt>
      <trkpt lat="42.815930" lon="0.825760"><ele>1221.0</ele></trkpt>
      <trkpt lat="42.815550" lon="0.826620"><ele>1232.0</ele></trkpt>
      <trkpt lat="42.815560" lon="0.827020"><ele>1241.0</ele></trkpt>
      <trkpt lat="42.815300" lon="0.829100"><ele>1268.0</ele></trkpt>
      <trkpt lat="42.815340" lon="0.829290"><ele>1275.0</ele></trkpt>
      <trkpt lat="42.815240" lon="0.830510"><ele>1294.0</ele></trkpt>
      <trkpt lat="42.815280" lon="0.831160"><ele>1308.0</ele></trkpt>
      <trkpt lat="42.815210" lon="0.831370"><ele>1306.0</ele></trkpt>
      <trkpt lat="42.815240" lon="0.831710"><ele>1312.0</ele></trkpt>
      <trkpt lat="42.815390" lon="0.831600"><ele>1322.0</ele></trkpt>
      <trkpt lat="42.815310" lon="0.832200"><ele>1331.0</ele></trkpt>
      <trkpt lat="42.815342" lon="0.833189"><ele>1357.0</ele></trkpt>
      <trkpt lat="42.815390" lon="0.833367"><ele>1360.0</ele></trkpt>
      <trkpt lat="42.816532" lon="0.834130"><ele>1385.0</ele></trkpt>
      <trkpt lat="42.816876" lon="0.834470"><ele>1393.0</ele></trkpt>
      <trkpt lat="42.817355" lon="0.834619"><ele>1403.0</ele></trkpt>
      <trkpt lat="42.817511" lon="0.834298"><ele>1414.0</ele></trkpt>
      <trkpt lat="42.817645" lon="0.834312"><ele>1419.0</ele></trkpt>
      <trkpt lat="42.818230" lon="0.834667"><ele>1435.0</ele></trkpt>
      <trkpt lat="42.818855" lon="0.835922"><ele>1463.0</ele></trkpt>
      <trkpt lat="42.818902" lon="0.836144"><ele>1470.0</ele></trkpt>
      <trkpt lat="42.818800" lon="0.836880"><ele>1474.0</ele></trkpt>
      <trkpt lat="42.818940" lon="0.837050"><ele>1482.0</ele></trkpt>
      <trkpt lat="42.819030" lon="0.837610"><ele>1492.0</ele></trkpt>
      <trkpt lat="42.819190" lon="0.837810"><ele>1500.0</ele></trkpt>
      <trkpt lat="42.819290" lon="0.839190"><ele>1537.0</ele></trkpt>
      <trkpt lat="42.819170" lon="0.839880"><ele>1540.0</ele></trkpt>
      <trkpt lat="42.819450" lon="0.840670"><ele>1544.0</ele></trkpt>
      <trkpt lat="42.819270" lon="0.841240"><ele>1552.0</ele></trkpt>
      <trkpt lat="42.819130" lon="0.841410"><ele>1552.0</ele></trkpt>
      <trkpt lat="42.819150" lon="0.841520"><ele>1555.0</ele></trkpt>
      <trkpt lat="42.819850" lon="0.841360"><ele>1568.0</ele></trkpt>
      <trkpt lat="42.819350" lon="0.842260"><ele>1575.0</ele></trkpt>
      <trkpt lat="42.819320" lon="0.842700"><ele>1584.0</ele></trkpt>
      <trkpt lat="42.819030" lon="0.842900"><ele>1581.0</ele></trkpt>
      <trkpt lat="42.818960" lon="0.843650"><ele>1592.0</ele></trkpt>
      <trkpt lat="42.818210" lon="0.844650"><ele>1603.0</ele></trkpt>
      <trkpt lat="42.817640" lon="0.845700"><ele>1617.0</ele></trkpt>
      <trkpt lat="42.816970" lon="0.846390"><ele>1628.0</ele></trkpt>
      <trkpt lat="42.816630" lon="0.846460"><ele>1629.0</ele></trkpt>
      <trkpt lat="42.816020" lon="0.846200"><ele>1628.0</ele></trkpt>
      <trkpt lat="42.816160" lon="0.845240"><ele>1631.0</ele></trkpt>
      <trkpt lat="42.816330" lon="0.845010"><ele>1630.0</ele></trkpt>
      <trkpt lat="42.816350" lon="0.844750"><ele>1636.0</ele></trkpt>
      <trkpt lat="42.815930" lon="0.845190"><ele>1643.0</ele></trkpt>
      <trkpt lat="42.816120" lon="0.844910"><ele>1642.0</ele></trkpt>
      <trkpt lat="42.816250" lon="0.844340"><ele>1655.0</ele></trkpt>
      <trkpt lat="42.816640" lon="0.843980"><ele>1651.0</ele></trkpt>
      <trkpt lat="42.816790" lon="0.843000"><ele>1679.0</ele></trkpt>
      <trkpt lat="42.816940" lon="0.842650"><ele>1679.0</ele></trkpt>
      <trkpt lat="42.816460" lon="0.843150"><ele>1688.0</ele></trkpt>
      <trkpt lat="42.816060" lon="0.843280"><ele>1705.0</ele></trkpt>
      <trkpt lat="42.815420" lon="0.844070"><ele>1717.0</ele></trkpt>
      <trkpt lat="42.815280" lon="0.844410"><ele>1721.0</ele></trkpt>
      <trkpt lat="42.815400" lon="0.844690"><ele>1710.0</ele></trkpt>
      <trkpt lat="42.815350" lon="0.844750"><ele>1712.0</ele></trkpt>
      <trkpt lat="42.815250" lon="0.844770"><ele>1719.0</ele></trkpt>
      <trkpt lat="42.815150" lon="0.844590"><ele>1727.0</ele></trkpt>
      <trkpt lat="42.814680" lon="0.845050"><ele>1734.0</ele></trkpt>
      <trkpt lat="42.814350" lon="0.845180"><ele>1737.0</ele></trkpt>
      <trkpt lat="42.814300" lon="0.845340"><ele>1731.0</ele></trkpt>
      <trkpt lat="42.812830" lon="0.846630"><ele>1735.0</ele></trkpt>
      <trkpt lat="42.812560" lon="0.846750"><ele>1748.0</ele></trkpt>
      <trkpt lat="42.812010" lon="0.847600"><ele>1752.0</ele></trkpt>
      <trkpt lat="42.811850" lon="0.847670"><ele>1758.0</ele></trkpt>
      <trkpt lat="42.811530" lon="0.848340"><ele>1762.0</ele></trkpt>
      <trkpt lat="42.811240" lon="0.848700"><ele>1763.0</ele></trkpt>
      <trkpt lat="42.810970" lon="0.848650"><ele>1773.0</ele></trkpt>
      <trkpt lat="42.811140" lon="0.848310"><ele>1778.0</ele></trkpt>
      <trkpt lat="42.811110" lon="0.848180"><ele>1784.0</ele></trkpt>
      <trkpt lat="42.810770" lon="0.848400"><ele>1796.0</ele></trkpt>
      <trkpt lat="42.810920" lon="0.848130"><ele>1797.0</ele></trkpt>
      <trkpt lat="42.810860" lon="0.848070"><ele>1802.0</ele></trkpt>
      <trkpt lat="42.810740" lon="0.848140"><ele>1810.0</ele></trkpt>
      <trkpt lat="42.810830" lon="0.847920"><ele>1808.0</ele></trkpt>
      <trkpt lat="42.810640" lon="0.848010"><ele>1820.0</ele></trkpt>
      <trkpt lat="42.810730" lon="0.847690"><ele>1821.0</ele></trkpt>
      <trkpt lat="42.810500" lon="0.847860"><ele>1838.0</ele></trkpt>
      <trkpt lat="42.810410" lon="0.848250"><ele>1836.0</ele></trkpt>
      <trkpt lat="42.810130" lon="0.848550"><ele>1842.0</ele></trkpt>
      <trkpt lat="42.809340" lon="0.848880"><ele>1865.0</ele></trkpt>
      <trkpt lat="42.809870" lon="0.848310"><ele>1879.0</ele></trkpt>
      <trkpt lat="42.809840" lon="0.848220"><ele>1887.0</ele></trkpt>
      <trkpt lat="42.809380" lon="0.848420"><ele>1899.0</ele></trkpt>
      <trkpt lat="42.809680" lon="0.847930"><ele>1917.0</ele></trkpt>
      <trkpt lat="42.809740" lon="0.847610"><ele>1926.0</ele></trkpt>
      <trkpt lat="42.809700" lon="0.847370"><ele>1936.0</ele></trkpt>
      <trkpt lat="42.809240" lon="0.847920"><ele>1948.0</ele></trkpt>
      <trkpt lat="42.809160" lon="0.847970"><ele>1952.0</ele></trkpt>
      <trkpt lat="42.809170" lon="0.847730"><ele>1962.0</ele></trkpt>
      <trkpt lat="42.808870" lon="0.847980"><ele>1969.0</ele></trkpt>
      <trkpt lat="42.808870" lon="0.847830"><ele>1975.0</ele></trkpt>
      <trkpt lat="42.808610" lon="0.847920"><ele>1986.0</ele></trkpt>
      <trkpt lat="42.808200" lon="0.848320"><ele>1993.0</ele></trkpt>
      <trkpt lat="42.807690" lon="0.848510"><ele>2021.0</ele></trkpt>
      <trkpt lat="42.807340" lon="0.848960"><ele>2025.0</ele></trkpt>
      <trkpt lat="42.807270" lon="0.848980"><ele>2027.0</ele></trkpt>
      <trkpt lat="42.807330" lon="0.848800"><ele>2033.0</ele></trkpt>
      <trkpt lat="42.807170" lon="0.848890"><ele>2036.0</ele></trkpt>
      <trkpt lat="42.807270" lon="0.848560"><ele>2046.0</ele></trkpt>
      <trkpt lat="42.806950" lon="0.848740"><ele>2054.0</ele></trkpt>
      <trkpt lat="42.807010" lon="0.848530"><ele>2062.0</ele></trkpt>
      <trkpt lat="42.806620" lon="0.848610"><ele>2077.0</ele></trkpt>
      <trkpt lat="42.805860" lon="0.849170"><ele>2095.0</ele></trkpt>
      <trkpt lat="42.805650" lon="0.849450"><ele>2089.0</ele></trkpt>
      <trkpt lat="42.805600" lon="0.849460"><ele>2090.0</ele></trkpt>
      <trkpt lat="42.805760" lon="0.849060"><ele>2105.0</ele></trkpt>
      <trkpt lat="42.804620" lon="0.849550"><ele>2129.0</ele></trkpt>
      <trkpt lat="42.804070" lon="0.849560"><ele>2149.0</ele></trkpt>
      <trkpt lat="42.802900" lon="0.849990"><ele>2185.0</ele></trkpt>
      <trkpt lat="42.802640" lon="0.850310"><ele>2187.0</ele></trkpt>
      <trkpt lat="42.802650" lon="0.850430"><ele>2190.0</ele></trkpt>
      <trkpt lat="42.802840" lon="0.850280"><ele>2191.0</ele></trkpt>
      <trkpt lat="42.802850" lon="0.850440"><ele>2195.0</ele></trkpt>
      <trkpt lat="42.802260" lon="0.851670"><ele>2220.0</ele></trkpt>
      <trkpt lat="42.801640" lon="0.852390"><ele>2249.0</ele></trkpt>
      <trkpt lat="42.801460" lon="0.852430"><ele>2251.0</ele></trkpt>
      <trkpt lat="42.801200" lon="0.852320"><ele>2243.0</ele></trkpt>
      <trkpt lat="42.800970" lon="0.852550"><ele>2250.0</ele></trkpt>
      <trkpt lat="42.801030" lon="0.853270"><ele>2261.0</ele></trkpt>
      <trkpt lat="42.800840" lon="0.853770"><ele>2271.0</ele></trkpt>
      <trkpt lat="42.800740" lon="0.854410"><ele>2280.0</ele></trkpt>
      <trkpt lat="42.800910" lon="0.855010"><ele>2281.0</ele></trkpt>
      <trkpt lat="42.800680" lon="0.855830"><ele>2299.0</ele></trkpt>
      <trkpt lat="42.800580" lon="0.856640"><ele>2301.0</ele></trkpt>
      <trkpt lat="42.800340" lon="0.857440"><ele>2320.0</ele></trkpt>
      <trkpt lat="42.800160" lon="0.858630"><ele>2320.0</ele></trkpt>
      <trkpt lat="42.799880" lon="0.859130"><ele>2320.0</ele></trkpt>
      <trkpt lat="42.799660" lon="0.859860"><ele>2322.0</ele></trkpt>
      <trkpt lat="42.799260" lon="0.860370"><ele>2320.0</ele></trkpt>
      <trkpt lat="42.798488" lon="0.861102"><ele>2331.0</ele></trkpt>
      <trkpt lat="42.798575" lon="0.861907"><ele>2339.0</ele></trkpt>
      <trkpt lat="42.798676" lon="0.862179"><ele>2335.0</ele></trkpt>
      <trkpt lat="42.798533" lon="0.862441"><ele>2337.0</ele></trkpt>
      <trkpt lat="42.798526" lon="0.862791"><ele>2337.0</ele></trkpt>
      <trkpt lat="42.798259" lon="0.863534"><ele>2331.0</ele></trkpt>
      <trkpt lat="42.797912" lon="0.863751"><ele>2326.0</ele></trkpt>
      <trkpt lat="42.797666" lon="0.863559"><ele>2332.0</ele></trkpt>
      <trkpt lat="42.797316" lon="0.863697"><ele>2339.0</ele></trkpt>
      <trkpt lat="42.797167" lon="0.864073"><ele>2345.0</ele></trkpt>
      <trkpt lat="42.797164" lon="0.864867"><ele>2346.0</ele></trkpt>
      <trkpt lat="42.797022" lon="0.865099"><ele>2346.0</ele></trkpt>
      <trkpt lat="42.796610" lon="0.865257"><ele>2347.0</ele></trkpt>
      <trkpt lat="42.796319" lon="0.865254"><ele>2348.0</ele></trkpt>
      <trkpt lat="42.795992" lon="0.864851"><ele>2356.0</ele></trkpt>
      <trkpt lat="42.795736" lon="0.864809"><ele>2356.0</ele></trkpt>
      <trkpt lat="42.795636" lon="0.864851"><ele>2355.0</ele></trkpt>
      <trkpt lat="42.795043" lon="0.865708"><ele>2340.0</ele></trkpt>
      <trkpt lat="42.794906" lon="0.866488"><ele>2344.0</ele></trkpt>
      <trkpt lat="42.794362" lon="0.867947"><ele>2320.0</ele></trkpt>
      <trkpt lat="42.794027" lon="0.868312"><ele>2320.0</ele></trkpt>
      <trkpt lat="42.794091" lon="0.868600"><ele>2320.0</ele></trkpt>
      <trkpt lat="42.793691" lon="0.869974"><ele>2321.0</ele></trkpt>
      <trkpt lat="42.793872" lon="0.870485"><ele>2320.0</ele></trkpt>
      <trkpt lat="42.793879" lon="0.871107"><ele>2314.0</ele></trkpt>
      <trkpt lat="42.794097" lon="0.871736"><ele>2302.0</ele></trkpt>
      <trkpt lat="42.794174" lon="0.871783"><ele>2302.0</ele></trkpt>
      <trkpt lat="42.794267" lon="0.871652"><ele>2304.0</ele></trkpt>
      <trkpt lat="42.794395" lon="0.871826"><ele>2300.0</ele></trkpt>
      <trkpt lat="42.794746" lon="0.871566"><ele>2297.0</ele></trkpt>
      <trkpt lat="42.794949" lon="0.871646"><ele>2291.0</ele></trkpt>
      <trkpt lat="42.795186" lon="0.872154"><ele>2280.0</ele></trkpt>
      <trkpt lat="42.795269" lon="0.872624"><ele>2271.0</ele></trkpt>
      <trkpt lat="42.795235" lon="0.873740"><ele>2257.0</ele></trkpt>
      <trkpt lat="42.795013" lon="0.874438"><ele>2257.0</ele></trkpt>
      <trkpt lat="42.795013" lon="0.874659"><ele>2255.0</ele></trkpt>
      <trkpt lat="42.795334" lon="0.876073"><ele>2235.0</ele></trkpt>
      <trkpt lat="42.795757" lon="0.876621"><ele>2219.0</ele></trkpt>
      <trkpt lat="42.795849" lon="0.876858"><ele>2217.0</ele></trkpt>
      <trkpt lat="42.795840" lon="0.877722"><ele>2218.0</ele></trkpt>
      <trkpt lat="42.795995" lon="0.878320"><ele>2215.0</ele></trkpt>
      <trkpt lat="42.796079" lon="0.879762"><ele>2196.0</ele></trkpt>
      <trkpt lat="42.795941" lon="0.880315"><ele>2191.0</ele></trkpt>
      <trkpt lat="42.795956" lon="0.880899"><ele>2189.0</ele></trkpt>
      <trkpt lat="42.795563" lon="0.881693"><ele>2191.0</ele></trkpt>
      <trkpt lat="42.795597" lon="0.883208"><ele>2177.0</ele></trkpt>
      <trkpt lat="42.795636" lon="0.883308"><ele>2175.0</ele></trkpt>
      <trkpt lat="42.795920" lon="0.883210"><ele>2167.0</ele></trkpt>
      <trkpt lat="42.795863" lon="0.883533"><ele>2164.0</ele></trkpt>
      <trkpt lat="42.796121" lon="0.883376"><ele>2156.0</ele></trkpt>
      <trkpt lat="42.795954" lon="0.884122"><ele>2157.0</ele></trkpt>
      <trkpt lat="42.796100" lon="0.884411"><ele>2151.0</ele></trkpt>
      <trkpt lat="42.795826" lon="0.885409"><ele>2156.0</ele></trkpt>
      <trkpt lat="42.795806" lon="0.885952"><ele>2147.0</ele></trkpt>
      <trkpt lat="42.795588" lon="0.886690"><ele>2135.0</ele></trkpt>
      <trkpt lat="42.794924" lon="0.886649"><ele>2120.0</ele></trkpt>
      <trkpt lat="42.794581" lon="0.886712"><ele>2120.0</ele></trkpt>
      <trkpt lat="42.794372" lon="0.886866"><ele>2120.0</ele></trkpt>
      <trkpt lat="42.793880" lon="0.887860"><ele>2094.0</ele></trkpt>
      <trkpt lat="42.793440" lon="0.889210"><ele>2072.0</ele></trkpt>
      <trkpt lat="42.793280" lon="0.888600"><ele>2063.0</ele></trkpt>
      <trkpt lat="42.792890" lon="0.889210"><ele>2060.0</ele></trkpt>
      <trkpt lat="42.792376" lon="0.889655"><ele>2060.0</ele></trkpt>
      <trkpt lat="42.792369" lon="0.890204"><ele>2060.0</ele></trkpt>
      <trkpt lat="42.792625" lon="0.891644"><ele>2060.0</ele></trkpt>
      <trkpt lat="42.793345" lon="0.893282"><ele>2075.0</ele></trkpt>
      <trkpt lat="42.793980" lon="0.893830"><ele>2094.0</ele></trkpt>
      <trkpt lat="42.794506" lon="0.893947"><ele>2111.0</ele></trkpt>
      <trkpt lat="42.794747" lon="0.893891"><ele>2117.0</ele></trkpt>
      <trkpt lat="42.794861" lon="0.894047"><ele>2126.0</ele></trkpt>
      <trkpt lat="42.794853" lon="0.894236"><ele>2140.0</ele></trkpt>
      <trkpt lat="42.794925" lon="0.894269"><ele>2144.0</ele></trkpt>
      <trkpt lat="42.795170" lon="0.894030"><ele>2139.0</ele></trkpt>
      <trkpt lat="42.795670" lon="0.894070"><ele>2156.0</ele></trkpt>
      <trkpt lat="42.796500" lon="0.895110"><ele>2173.0</ele></trkpt>
      <trkpt lat="42.796853" lon="0.895070"><ele>2174.0</ele></trkpt>
      <trkpt lat="42.796951" lon="0.895203"><ele>2180.0</ele></trkpt>
      <trkpt lat="42.797064" lon="0.895146"><ele>2180.0</ele></trkpt>
      <trkpt lat="42.797310" lon="0.895330"><ele>2192.0</ele></trkpt>
      <trkpt lat="42.797640" lon="0.895990"><ele>2221.0</ele></trkpt>
      <trkpt lat="42.797300" lon="0.896190"><ele>2222.0</ele></trkpt>
      <trkpt lat="42.797160" lon="0.896620"><ele>2232.0</ele></trkpt>
      <trkpt lat="42.796820" lon="0.897250"><ele>2242.0</ele></trkpt>
      <trkpt lat="42.797250" lon="0.897270"><ele>2257.0</ele></trkpt>
      <trkpt lat="42.797020" lon="0.897610"><ele>2257.0</ele></trkpt>
      <trkpt lat="42.797190" lon="0.897620"><ele>2263.0</ele></trkpt>
      <trkpt lat="42.797100" lon="0.897740"><ele>2264.0</ele></trkpt>
      <trkpt lat="42.797100" lon="0.897930"><ele>2269.0</ele></trkpt>
      <trkpt lat="42.797460" lon="0.897850"><ele>2280.0</ele></trkpt>
      <trkpt lat="42.797400" lon="0.898120"><ele>2282.0</ele></trkpt>
      <trkpt lat="42.797892" lon="0.898086"><ele>2296.0</ele></trkpt>
      <trkpt lat="42.798028" lon="0.898268"><ele>2301.0</ele></trkpt>
      <trkpt lat="42.797974" lon="0.898550"><ele>2304.0</ele></trkpt>
      <trkpt lat="42.797852" lon="0.898829"><ele>2308.0</ele></trkpt>
      <trkpt lat="42.797619" lon="0.898779"><ele>2305.0</ele></trkpt>
      <trkpt lat="42.797170" lon="0.899130"><ele>2305.0</ele></trkpt>
      <trkpt lat="42.796910" lon="0.899750"><ele>2310.0</ele></trkpt>
      <trkpt lat="42.796450" lon="0.900390"><ele>2317.0</ele></trkpt>
      <trkpt lat="42.795840" lon="0.900730"><ele>2319.0</ele></trkpt>
      <trkpt lat="42.795563" lon="0.901032"><ele>2326.0</ele></trkpt>
      <trkpt lat="42.795647" lon="0.901162"><ele>2330.0</ele></trkpt>
      <trkpt lat="42.795142" lon="0.901318"><ele>2334.0</ele></trkpt>
      <trkpt lat="42.795329" lon="0.901529"><ele>2340.0</ele></trkpt>
      <trkpt lat="42.794789" lon="0.901592"><ele>2344.0</ele></trkpt>
      <trkpt lat="42.794630" lon="0.901660"><ele>2343.0</ele></trkpt>
      <trkpt lat="42.794510" lon="0.901840"><ele>2346.0</ele></trkpt>
      <trkpt lat="42.794682" lon="0.901902"><ele>2351.0</ele></trkpt>
      <trkpt lat="42.794370" lon="0.902190"><ele>2357.0</ele></trkpt>
      <trkpt lat="42.794370" lon="0.902300"><ele>2360.0</ele></trkpt>
      <trkpt lat="42.794780" lon="0.902230"><ele>2362.0</ele></trkpt>
      <trkpt lat="42.794410" lon="0.902950"><ele>2377.0</ele></trkpt>
      <trkpt lat="42.794170" lon="0.903200"><ele>2380.0</ele></trkpt>
      <trkpt lat="42.794230" lon="0.903240"><ele>2381.0</ele></trkpt>
      <trkpt lat="42.793860" lon="0.903910"><ele>2381.0</ele></trkpt>
      <trkpt lat="42.793720" lon="0.905530"><ele>2400.0</ele></trkpt>
      <trkpt lat="42.793580" lon="0.906220"><ele>2410.0</ele></trkpt>
      <trkpt lat="42.793310" lon="0.906650"><ele>2418.0</ele></trkpt>
      <trkpt lat="42.792290" lon="0.907320"><ele>2425.0</ele></trkpt>
      <trkpt lat="42.791930" lon="0.907870"><ele>2431.0</ele></trkpt>
      <trkpt lat="42.791530" lon="0.908140"><ele>2436.0</ele></trkpt>
      <trkpt lat="42.791200" lon="0.907990"><ele>2438.0</ele></trkpt>
      <trkpt lat="42.790670" lon="0.907560"><ele>2440.0</ele></trkpt>
      <trkpt lat="42.790600" lon="0.907400"><ele>2441.0</ele></trkpt>
      <trkpt lat="42.790540" lon="0.907440"><ele>2443.0</ele></trkpt>
      <trkpt lat="42.790470" lon="0.907190"><ele>2445.0</ele></trkpt>
      <trkpt lat="42.790310" lon="0.907160"><ele>2449.0</ele></trkpt>
      <trkpt lat="42.789980" lon="0.908510"><ele>2465.0</ele></trkpt>
      <trkpt lat="42.789390" lon="0.909260"><ele>2473.0</ele></trkpt>
      <trkpt lat="42.788960" lon="0.910170"><ele>2477.0</ele></trkpt>
      <trkpt lat="42.788860" lon="0.910630"><ele>2476.0</ele></trkpt>
      <trkpt lat="42.788860" lon="0.911180"><ele>2482.0</ele></trkpt>
      <trkpt lat="42.788740" lon="0.911600"><ele>2480.0</ele></trkpt>
      <trkpt lat="42.788910" lon="0.912080"><ele>2489.0</ele></trkpt>
      <trkpt lat="42.788710" lon="0.912700"><ele>2481.0</ele></trkpt>
      <trkpt lat="42.788690" lon="0.913250"><ele>2482.0</ele></trkpt>
      <trkpt lat="42.788790" lon="0.913600"><ele>2491.0</ele></trkpt>
      <trkpt lat="42.788750" lon="0.914120"><ele>2499.0</ele></trkpt>
      <trkpt lat="42.788500" lon="0.914710"><ele>2512.0</ele></trkpt>
      <trkpt lat="42.788510" lon="0.915360"><ele>2529.0</ele></trkpt>
      <trkpt lat="42.788640" lon="0.916120"><ele>2534.0</ele></trkpt>
      <trkpt lat="42.788860" lon="0.916150"><ele>2540.0</ele></trkpt>
      <trkpt lat="42.789130" lon="0.917000"><ele>2535.0</ele></trkpt>
      <trkpt lat="42.789860" lon="0.917910"><ele>2537.0</ele></trkpt>
      <trkpt lat="42.790110" lon="0.919350"><ele>2536.0</ele></trkpt>
      <trkpt lat="42.790100" lon="0.919750"><ele>2538.0</ele></trkpt>
      <trkpt lat="42.789910" lon="0.920240"><ele>2536.0</ele></trkpt>
      <trkpt lat="42.789740" lon="0.921110"><ele>2529.0</ele></trkpt>
      <trkpt lat="42.789740" lon="0.921990"><ele>2528.0</ele></trkpt>
      <trkpt lat="42.789880" lon="0.922910"><ele>2530.0</ele></trkpt>
      <trkpt lat="42.789520" lon="0.924120"><ele>2525.0</ele></trkpt>
      <trkpt lat="42.789350" lon="0.925160"><ele>2525.0</ele></trkpt>
      <trkpt lat="42.789110" lon="0.925760"><ele>2520.0</ele></trkpt>
      <trkpt lat="42.789140" lon="0.926020"><ele>2521.0</ele></trkpt>
      <trkpt lat="42.789320" lon="0.926360"><ele>2520.0</ele></trkpt>
      <trkpt lat="42.789300" lon="0.926560"><ele>2522.0</ele></trkpt>
      <trkpt lat="42.788690" lon="0.927850"><ele>2536.0</ele></trkpt>
      <trkpt lat="42.788200" lon="0.928350"><ele>2538.0</ele></trkpt>
      <trkpt lat="42.788140" lon="0.928520"><ele>2548.0</ele></trkpt>
      <trkpt lat="42.787782" lon="0.928576"><ele>2545.0</ele></trkpt>
      <trkpt lat="42.787370" lon="0.928880"><ele>2539.0</ele></trkpt>
      <trkpt lat="42.786940" lon="0.929350"><ele>2537.0</ele></trkpt>
      <trkpt lat="42.786550" lon="0.929960"><ele>2533.0</ele></trkpt>
      <trkpt lat="42.786420" lon="0.930600"><ele>2541.0</ele></trkpt>
      <trkpt lat="42.786076" lon="0.931337"><ele>2538.0</ele></trkpt>
      <trkpt lat="42.785441" lon="0.932081"><ele>2537.0</ele></trkpt>
      <trkpt lat="42.785008" lon="0.932948"><ele>2520.0</ele></trkpt>
      <trkpt lat="42.784642" lon="0.933389"><ele>2518.0</ele></trkpt>
      <trkpt lat="42.784193" lon="0.933380"><ele>2509.0</ele></trkpt>
      <trkpt lat="42.784042" lon="0.933052"><ele>2496.0</ele></trkpt>
      <trkpt lat="42.783770" lon="0.932860"><ele>2493.0</ele></trkpt>
      <trkpt lat="42.783520" lon="0.932530"><ele>2487.0</ele></trkpt>
      <trkpt lat="42.783000" lon="0.931490"><ele>2472.0</ele></trkpt>
      <trkpt lat="42.782690" lon="0.930130"><ele>2457.0</ele></trkpt>
      <trkpt lat="42.782130" lon="0.929410"><ele>2443.0</ele></trkpt>
      <trkpt lat="42.782000" lon="0.929420"><ele>2442.0</ele></trkpt>
      <trkpt lat="42.781740" lon="0.929850"><ele>2452.0</ele></trkpt>
      <trkpt lat="42.780770" lon="0.930670"><ele>2470.0</ele></trkpt>
      <trkpt lat="42.780460" lon="0.931010"><ele>2477.0</ele></trkpt>
      <trkpt lat="42.780350" lon="0.931250"><ele>2484.0</ele></trkpt>
      <trkpt lat="42.780040" lon="0.931530"><ele>2490.0</ele></trkpt>
      <trkpt lat="42.779770" lon="0.931600"><ele>2485.0</ele></trkpt>
      <trkpt lat="42.779170" lon="0.931430"><ele>2480.0</ele></trkpt>
      <trkpt lat="42.778360" lon="0.931800"><ele>2462.0</ele></trkpt>
      <trkpt lat="42.777490" lon="0.933030"><ele>2431.0</ele></trkpt>
      <trkpt lat="42.777690" lon="0.933280"><ele>2417.0</ele></trkpt>
      <trkpt lat="42.777570" lon="0.933670"><ele>2407.0</ele></trkpt>
      <trkpt lat="42.777650" lon="0.934130"><ele>2391.0</ele></trkpt>
      <trkpt lat="42.777520" lon="0.934880"><ele>2370.0</ele></trkpt>
      <trkpt lat="42.777030" lon="0.935480"><ele>2357.0</ele></trkpt>
      <trkpt lat="42.776840" lon="0.935980"><ele>2350.0</ele></trkpt>
      <trkpt lat="42.776830" lon="0.936670"><ele>2341.0</ele></trkpt>
      <trkpt lat="42.776970" lon="0.937330"><ele>2339.0</ele></trkpt>
      <trkpt lat="42.776920" lon="0.937530"><ele>2336.0</ele></trkpt>
      <trkpt lat="42.776660" lon="0.938160"><ele>2326.0</ele></trkpt>
      <trkpt lat="42.776680" lon="0.938350"><ele>2325.0</ele></trkpt>
      <trkpt lat="42.776410" lon="0.938900"><ele>2320.0</ele></trkpt>
      <trkpt lat="42.776249" lon="0.939834"><ele>2313.0</ele></trkpt>
      <trkpt lat="42.775956" lon="0.940543"><ele>2308.0</ele></trkpt>
      <trkpt lat="42.775666" lon="0.941126"><ele>2299.0</ele></trkpt>
      <trkpt lat="42.775437" lon="0.941358"><ele>2291.0</ele></trkpt>
      <trkpt lat="42.775130" lon="0.941500"><ele>2282.0</ele></trkpt>
      <trkpt lat="42.774610" lon="0.942550"><ele>2272.0</ele></trkpt>
      <trkpt lat="42.774430" lon="0.943380"><ele>2259.0</ele></trkpt>
      <trkpt lat="42.774080" lon="0.944320"><ele>2241.0</ele></trkpt>
      <trkpt lat="42.773950" lon="0.944950"><ele>2235.0</ele></trkpt>
      <trkpt lat="42.773930" lon="0.945980"><ele>2220.0</ele></trkpt>
      <trkpt lat="42.773690" lon="0.946750"><ele>2210.0</ele></trkpt>
      <trkpt lat="42.773320" lon="0.947220"><ele>2199.0</ele></trkpt>
      <trkpt lat="42.772960" lon="0.946980"><ele>2188.0</ele></trkpt>
      <trkpt lat="42.772420" lon="0.946840"><ele>2170.0</ele></trkpt>
      <trkpt lat="42.772270" lon="0.946640"><ele>2161.0</ele></trkpt>
      <trkpt lat="42.772230" lon="0.946210"><ele>2155.0</ele></trkpt>
      <trkpt lat="42.771870" lon="0.945000"><ele>2142.0</ele></trkpt>
      <trkpt lat="42.771630" lon="0.944880"><ele>2134.0</ele></trkpt>
      <trkpt lat="42.771550" lon="0.944690"><ele>2133.0</ele></trkpt>
      <trkpt lat="42.771380" lon="0.944780"><ele>2127.0</ele></trkpt>
      <trkpt lat="42.771040" lon="0.946490"><ele>2108.0</ele></trkpt>
      <trkpt lat="42.770760" lon="0.947070"><ele>2104.0</ele></trkpt>
      <trkpt lat="42.770670" lon="0.948090"><ele>2100.0</ele></trkpt>
      <trkpt lat="42.769940" lon="0.949400"><ele>2078.0</ele></trkpt>
      <trkpt lat="42.769870" lon="0.949820"><ele>2069.0</ele></trkpt>
      <trkpt lat="42.769550" lon="0.950580"><ele>2062.0</ele></trkpt>
      <trkpt lat="42.769540" lon="0.950970"><ele>2056.0</ele></trkpt>
      <trkpt lat="42.769410" lon="0.951480"><ele>2048.0</ele></trkpt>
      <trkpt lat="42.769070" lon="0.952210"><ele>2038.0</ele></trkpt>
      <trkpt lat="42.768710" lon="0.952630"><ele>2036.0</ele></trkpt>
      <trkpt lat="42.768470" lon="0.953840"><ele>2013.0</ele></trkpt>
      <trkpt lat="42.768220" lon="0.954480"><ele>2009.0</ele></trkpt>
      <trkpt lat="42.767830" lon="0.956310"><ele>1969.0</ele></trkpt>
      <trkpt lat="42.767670" lon="0.956520"><ele>1973.0</ele></trkpt>
      <trkpt lat="42.767520" lon="0.958510"><ele>1957.0</ele></trkpt>
      <trkpt lat="42.767590" lon="0.959120"><ele>1947.0</ele></trkpt>
      <trkpt lat="42.767270" lon="0.960970"><ele>1923.0</ele></trkpt>
      <trkpt lat="42.767320" lon="0.961710"><ele>1907.0</ele></trkpt>
      <trkpt lat="42.767240" lon="0.962320"><ele>1897.0</ele></trkpt>
      <trkpt lat="42.767440" lon="0.963080"><ele>1877.0</ele></trkpt>
      <trkpt lat="42.767070" lon="0.964680"><ele>1869.0</ele></trkpt>
      <trkpt lat="42.767220" lon="0.965860"><ele>1847.0</ele></trkpt>
      <trkpt lat="42.766970" lon="0.968160"><ele>1812.0</ele></trkpt>
      <trkpt lat="42.766753" lon="0.969175"><ele>1804.0</ele></trkpt>
      <trkpt lat="42.766760" lon="0.970245"><ele>1800.0</ele></trkpt>
      <trkpt lat="42.766899" lon="0.970538"><ele>1800.0</ele></trkpt>
      <trkpt lat="42.766935" lon="0.970845"><ele>1800.0</ele></trkpt>
      <trkpt lat="42.766862" lon="0.971325"><ele>1791.0</ele></trkpt>
      <trkpt lat="42.766357" lon="0.971948"><ele>1780.0</ele></trkpt>
      <trkpt lat="42.766409" lon="0.972741"><ele>1780.0</ele></trkpt>
      <trkpt lat="42.766320" lon="0.972975"><ele>1782.0</ele></trkpt>
      <trkpt lat="42.765870" lon="0.972900"><ele>1780.0</ele></trkpt>
      <trkpt lat="42.765100" lon="0.973010"><ele>1780.0</ele></trkpt>
      <trkpt lat="42.764140" lon="0.973580"><ele>1780.0</ele></trkpt>
      <trkpt lat="42.763470" lon="0.974330"><ele>1780.0</ele></trkpt>
      <trkpt lat="42.763160" lon="0.974400"><ele>1776.0</ele></trkpt>
      <trkpt lat="42.762740" lon="0.974350"><ele>1771.0</ele></trkpt>
      <trkpt lat="42.761250" lon="0.975170"><ele>1769.0</ele></trkpt>
      <trkpt lat="42.760910" lon="0.975600"><ele>1774.0</ele></trkpt>
      <trkpt lat="42.760700" lon="0.975580"><ele>1770.0</ele></trkpt>
      <trkpt lat="42.759330" lon="0.977430"><ele>1770.0</ele></trkpt>
      <trkpt lat="42.759210" lon="0.977770"><ele>1766.0</ele></trkpt>
      <trkpt lat="42.759100" lon="0.978690"><ele>1772.0</ele></trkpt>
      <trkpt lat="42.758960" lon="0.978790"><ele>1767.0</ele></trkpt>
      <trkpt lat="42.758850" lon="0.979140"><ele>1772.0</ele></trkpt>
      <trkpt lat="42.758660" lon="0.979370"><ele>1774.0</ele></trkpt>
      <trkpt lat="42.758050" lon="0.979950"><ele>1774.0</ele></trkpt>
      <trkpt lat="42.757740" lon="0.980040"><ele>1768.0</ele></trkpt>
      <trkpt lat="42.756900" lon="0.980760"><ele>1775.0</ele></trkpt>
      <trkpt lat="42.756380" lon="0.980850"><ele>1770.0</ele></trkpt>
      <trkpt lat="42.754940" lon="0.980750"><ele>1750.0</ele></trkpt>
      <trkpt lat="42.754730" lon="0.981030"><ele>1749.0</ele></trkpt>
      <trkpt lat="42.754540" lon="0.981070"><ele>1745.0</ele></trkpt>
      <trkpt lat="42.754240" lon="0.981310"><ele>1737.0</ele></trkpt>
      <trkpt lat="42.754080" lon="0.982050"><ele>1731.0</ele></trkpt>
      <trkpt lat="42.753720" lon="0.982450"><ele>1718.0</ele></trkpt>
      <trkpt lat="42.753610" lon="0.982870"><ele>1707.0</ele></trkpt>
      <trkpt lat="42.753840" lon="0.983440"><ele>1709.0</ele></trkpt>
      <trkpt lat="42.753920" lon="0.983890"><ele>1705.0</ele></trkpt>
      <trkpt lat="42.754190" lon="0.984490"><ele>1709.0</ele></trkpt>
      <trkpt lat="42.754560" lon="0.985820"><ele>1711.0</ele></trkpt>
      <trkpt lat="42.754850" lon="0.986230"><ele>1713.0</ele></trkpt>
      <trkpt lat="42.755340" lon="0.986530"><ele>1711.0</ele></trkpt>
      <trkpt lat="42.756040" lon="0.986190"><ele>1705.0</ele></trkpt>
      <trkpt lat="42.756770" lon="0.986040"><ele>1699.0</ele></trkpt>
      <trkpt lat="42.757170" lon="0.986260"><ele>1686.0</ele></trkpt>
      <trkpt lat="42.757870" lon="0.986380"><ele>1687.0</ele></trkpt>
      <trkpt lat="42.758250" lon="0.988540"><ele>1668.0</ele></trkpt>
      <trkpt lat="42.758130" lon="0.988930"><ele>1663.0</ele></trkpt>
      <trkpt lat="42.758480" lon="0.990350"><ele>1661.0</ele></trkpt>
      <trkpt lat="42.758460" lon="0.991370"><ele>1660.0</ele></trkpt>
      <trkpt lat="42.758540" lon="0.991900"><ele>1660.0</ele></trkpt>
      <trkpt lat="42.759103" lon="0.993562"><ele>1660.0</ele></trkpt>
      <trkpt lat="42.759465" lon="0.994034"><ele>1660.0</ele></trkpt>
      <trkpt lat="42.759525" lon="0.994556"><ele>1660.0</ele></trkpt>
      <trkpt lat="42.758952" lon="0.994805"><ele>1660.0</ele></trkpt>
      <trkpt lat="42.758683" lon="0.994392"><ele>1660.0</ele></trkpt>
      <trkpt lat="42.758602" lon="0.994137"><ele>1660.0</ele></trkpt>
      <trkpt lat="42.758607" lon="0.993533"><ele>1660.0</ele></trkpt>
      <trkpt lat="42.758117" lon="0.992378"><ele>1660.0</ele></trkpt>
      <trkpt lat="42.757673" lon="0.991830"><ele>1660.0</ele></trkpt>
      <trkpt lat="42.757367" lon="0.990738"><ele>1661.0</ele></trkpt>
      <trkpt lat="42.757150" lon="0.990530"><ele>1665.0</ele></trkpt>
      <trkpt lat="42.757012" lon="0.990028"><ele>1666.0</ele></trkpt>
      <trkpt lat="42.757052" lon="0.989337"><ele>1666.0</ele></trkpt>
      <trkpt lat="42.756693" lon="0.989047"><ele>1677.0</ele></trkpt>
      <trkpt lat="42.756600" lon="0.988718"><ele>1679.0</ele></trkpt>
      <trkpt lat="42.756635" lon="0.988503"><ele>1679.0</ele></trkpt>
      <trkpt lat="42.756525" lon="0.988290"><ele>1686.0</ele></trkpt>
      <trkpt lat="42.756570" lon="0.988130"><ele>1688.0</ele></trkpt>
      <trkpt lat="42.756402" lon="0.987880"><ele>1695.0</ele></trkpt>
      <trkpt lat="42.756298" lon="0.987833"><ele>1696.0</ele></trkpt>
      <trkpt lat="42.755955" lon="0.987958"><ele>1700.0</ele></trkpt>
      <trkpt lat="42.755540" lon="0.988265"><ele>1714.0</ele></trkpt>
      <trkpt lat="42.755290" lon="0.988315"><ele>1715.0</ele></trkpt>
      <trkpt lat="42.755048" lon="0.988570"><ele>1723.0</ele></trkpt>
      <trkpt lat="42.754882" lon="0.988533"><ele>1725.0</ele></trkpt>
      <trkpt lat="42.754538" lon="0.988185"><ele>1723.0</ele></trkpt>
      <trkpt lat="42.754203" lon="0.988213"><ele>1729.0</ele></trkpt>
      <trkpt lat="42.753670" lon="0.987967"><ele>1733.0</ele></trkpt>
      <trkpt lat="42.753428" lon="0.987997"><ele>1739.0</ele></trkpt>
      <trkpt lat="42.753067" lon="0.987778"><ele>1739.0</ele></trkpt>
      <trkpt lat="42.752687" lon="0.987732"><ele>1742.0</ele></trkpt>
      <trkpt lat="42.752383" lon="0.987400"><ele>1737.0</ele></trkpt>
      <trkpt lat="42.752063" lon="0.987308"><ele>1742.0</ele></trkpt>
      <trkpt lat="42.751920" lon="0.987165"><ele>1740.0</ele></trkpt>
      <trkpt lat="42.751617" lon="0.987063"><ele>1741.0</ele></trkpt>
      <trkpt lat="42.751422" lon="0.987117"><ele>1745.0</ele></trkpt>
      <trkpt lat="42.750875" lon="0.986455"><ele>1753.0</ele></trkpt>
      <trkpt lat="42.750418" lon="0.986345"><ele>1760.0</ele></trkpt>
      <trkpt lat="42.750220" lon="0.986105"><ele>1760.0</ele></trkpt>
      <trkpt lat="42.750020" lon="0.984817"><ele>1755.0</ele></trkpt>
      <trkpt lat="42.749478" lon="0.983620"><ele>1758.0</ele></trkpt>
      <trkpt lat="42.749260" lon="0.982842"><ele>1755.0</ele></trkpt>
      <trkpt lat="42.749277" lon="0.982622"><ele>1749.0</ele></trkpt>
      <trkpt lat="42.749052" lon="0.982305"><ele>1751.0</ele></trkpt>
      <trkpt lat="42.749007" lon="0.981945"><ele>1746.0</ele></trkpt>
      <trkpt lat="42.748732" lon="0.981440"><ele>1751.0</ele></trkpt>
      <trkpt lat="42.748747" lon="0.981225"><ele>1748.0</ele></trkpt>
      <trkpt lat="42.748450" lon="0.980700"><ele>1754.0</ele></trkpt>
      <trkpt lat="42.748407" lon="0.980327"><ele>1750.0</ele></trkpt>
      <trkpt lat="42.747585" lon="0.978970"><ele>1761.0</ele></trkpt>
      <trkpt lat="42.747050" lon="0.977818"><ele>1764.0</ele></trkpt>
      <trkpt lat="42.746043" lon="0.976882"><ele>1766.0</ele></trkpt>
      <trkpt lat="42.745085" lon="0.976387"><ele>1762.0</ele></trkpt>
      <trkpt lat="42.744810" lon="0.976360"><ele>1765.0</ele></trkpt>
      <trkpt lat="42.744332" lon="0.976013"><ele>1764.0</ele></trkpt>
      <trkpt lat="42.743847" lon="0.976137"><ele>1772.0</ele></trkpt>
      <trkpt lat="42.743115" lon="0.975933"><ele>1780.0</ele></trkpt>
      <trkpt lat="42.742307" lon="0.975918"><ele>1782.0</ele></trkpt>
      <trkpt lat="42.742008" lon="0.976177"><ele>1786.0</ele></trkpt>
      <trkpt lat="42.741420" lon="0.975697"><ele>1787.0</ele></trkpt>
      <trkpt lat="42.741077" lon="0.975160"><ele>1786.0</ele></trkpt>
      <trkpt lat="42.740948" lon="0.974810"><ele>1781.0</ele></trkpt>
      <trkpt lat="42.740282" lon="0.974622"><ele>1784.0</ele></trkpt>
      <trkpt lat="42.740160" lon="0.974495"><ele>1783.0</ele></trkpt>
      <trkpt lat="42.740085" lon="0.974628"><ele>1788.0</ele></trkpt>
      <trkpt lat="42.739920" lon="0.974552"><ele>1790.0</ele></trkpt>
      <trkpt lat="42.739702" lon="0.974110"><ele>1787.0</ele></trkpt>
      <trkpt lat="42.739150" lon="0.973610"><ele>1798.0</ele></trkpt>
      <trkpt lat="42.738515" lon="0.973288"><ele>1800.0</ele></trkpt>
      <trkpt lat="42.737737" lon="0.971773"><ele>1800.0</ele></trkpt>
      <trkpt lat="42.737375" lon="0.971505"><ele>1802.0</ele></trkpt>
      <trkpt lat="42.737075" lon="0.971092"><ele>1803.0</ele></trkpt>
      <trkpt lat="42.736888" lon="0.970967"><ele>1805.0</ele></trkpt>
      <trkpt lat="42.736698" lon="0.971022"><ele>1807.0</ele></trkpt>
      <trkpt lat="42.736045" lon="0.970885"><ele>1814.0</ele></trkpt>
      <trkpt lat="42.735913" lon="0.970687"><ele>1815.0</ele></trkpt>
      <trkpt lat="42.735560" lon="0.970452"><ele>1819.0</ele></trkpt>
      <trkpt lat="42.735505" lon="0.970238"><ele>1820.0</ele></trkpt>
      <trkpt lat="42.735352" lon="0.970480"><ele>1820.0</ele></trkpt>
      <trkpt lat="42.734403" lon="0.970210"><ele>1824.0</ele></trkpt>
      <trkpt lat="42.734373" lon="0.969988"><ele>1823.0</ele></trkpt>
      <trkpt lat="42.734200" lon="0.969938"><ele>1826.0</ele></trkpt>
      <trkpt lat="42.733952" lon="0.969578"><ele>1827.0</ele></trkpt>
      <trkpt lat="42.733372" lon="0.969042"><ele>1830.0</ele></trkpt>
      <trkpt lat="42.733274" lon="0.968837"><ele>1829.0</ele></trkpt>
      <trkpt lat="42.732560" lon="0.968210"><ele>1832.0</ele></trkpt>
      <trkpt lat="42.732081" lon="0.967131"><ele>1836.0</ele></trkpt>
      <trkpt lat="42.731687" lon="0.966502"><ele>1837.0</ele></trkpt>
      <trkpt lat="42.730322" lon="0.965382"><ele>1840.0</ele></trkpt>
      <trkpt lat="42.729780" lon="0.965676"><ele>1840.0</ele></trkpt>
      <trkpt lat="42.729258" lon="0.966351"><ele>1840.0</ele></trkpt>
      <trkpt lat="42.728951" lon="0.966226"><ele>1840.0</ele></trkpt>
      <trkpt lat="42.728702" lon="0.966230"><ele>1840.0</ele></trkpt>
      <trkpt lat="42.728454" lon="0.966359"><ele>1840.0</ele></trkpt>
      <trkpt lat="42.728133" lon="0.966093"><ele>1840.0</ele></trkpt>
      <trkpt lat="42.727235" lon="0.965775"><ele>1842.0</ele></trkpt>
      <trkpt lat="42.726687" lon="0.965762"><ele>1846.0</ele></trkpt>
      <trkpt lat="42.726256" lon="0.966032"><ele>1851.0</ele></trkpt>
      <trkpt lat="42.725453" lon="0.965802"><ele>1851.0</ele></trkpt>
      <trkpt lat="42.724955" lon="0.965546"><ele>1852.0</ele></trkpt>
      <trkpt lat="42.724333" lon="0.965103"><ele>1851.0</ele></trkpt>
      <trkpt lat="42.724099" lon="0.964796"><ele>1849.0</ele></trkpt>
      <trkpt lat="42.722636" lon="0.963922"><ele>1851.0</ele></trkpt>
      <trkpt lat="42.722085" lon="0.963448"><ele>1854.0</ele></trkpt>
      <trkpt lat="42.721233" lon="0.962328"><ele>1857.0</ele></trkpt>
      <trkpt lat="42.721051" lon="0.961211"><ele>1854.0</ele></trkpt>
      <trkpt lat="42.720908" lon="0.961019"><ele>1853.0</ele></trkpt>
      <trkpt lat="42.720745" lon="0.960996"><ele>1852.0</ele></trkpt>
      <trkpt lat="42.720122" lon="0.960473"><ele>1852.0</ele></trkpt>
      <trkpt lat="42.719701" lon="0.959903"><ele>1854.0</ele></trkpt>
      <trkpt lat="42.718804" lon="0.958987"><ele>1859.0</ele></trkpt>
      <trkpt lat="42.718213" lon="0.958756"><ele>1860.0</ele></trkpt>
      <trkpt lat="42.717876" lon="0.958903"><ele>1860.0</ele></trkpt>
      <trkpt lat="42.717233" lon="0.958948"><ele>1864.0</ele></trkpt>
      <trkpt lat="42.716799" lon="0.958692"><ele>1864.0</ele></trkpt>
      <trkpt lat="42.716240" lon="0.958580"><ele>1868.0</ele></trkpt>
      <trkpt lat="42.714786" lon="0.957727"><ele>1866.0</ele></trkpt>
      <trkpt lat="42.714003" lon="0.957439"><ele>1868.0</ele></trkpt>
      <trkpt lat="42.713467" lon="0.957381"><ele>1874.0</ele></trkpt>
      <trkpt lat="42.712050" lon="0.955750"><ele>1877.0</ele></trkpt>
      <trkpt lat="42.711310" lon="0.954700"><ele>1872.0</ele></trkpt>
      <trkpt lat="42.710583" lon="0.953858"><ele>1870.0</ele></trkpt>
      <trkpt lat="42.710162" lon="0.952993"><ele>1873.0</ele></trkpt>
      <trkpt lat="42.710150" lon="0.952816"><ele>1874.0</ele></trkpt>
      <trkpt lat="42.710224" lon="0.952306"><ele>1878.0</ele></trkpt>
      <trkpt lat="42.710466" lon="0.951674"><ele>1880.0</ele></trkpt>
      <trkpt lat="42.710459" lon="0.951491"><ele>1880.0</ele></trkpt>
      <trkpt lat="42.710120" lon="0.950560"><ele>1880.0</ele></trkpt>
      <trkpt lat="42.709710" lon="0.949730"><ele>1881.0</ele></trkpt>
      <trkpt lat="42.709780" lon="0.948980"><ele>1883.0</ele></trkpt>
      <trkpt lat="42.710140" lon="0.947830"><ele>1881.0</ele></trkpt>
      <trkpt lat="42.710110" lon="0.946580"><ele>1880.0</ele></trkpt>
      <trkpt lat="42.710220" lon="0.945700"><ele>1879.0</ele></trkpt>
      <trkpt lat="42.710190" lon="0.945260"><ele>1876.0</ele></trkpt>
      <trkpt lat="42.709560" lon="0.943730"><ele>1860.0</ele></trkpt>
      <trkpt lat="42.709180" lon="0.942230"><ele>1840.0</ele></trkpt>
      <trkpt lat="42.708770" lon="0.941650"><ele>1825.0</ele></trkpt>
      <trkpt lat="42.708020" lon="0.940010"><ele>1817.0</ele></trkpt>
      <trkpt lat="42.707530" lon="0.938000"><ele>1781.0</ele></trkpt>
      <trkpt lat="42.707460" lon="0.937040"><ele>1780.0</ele></trkpt>
      <trkpt lat="42.707210" lon="0.936660"><ele>1770.0</ele></trkpt>
      <trkpt lat="42.707320" lon="0.935460"><ele>1778.0</ele></trkpt>
      <trkpt lat="42.707860" lon="0.933730"><ele>1766.0</ele></trkpt>
      <trkpt lat="42.707780" lon="0.932220"><ele>1753.0</ele></trkpt>
      <trkpt lat="42.707810" lon="0.931540"><ele>1753.0</ele></trkpt>
      <trkpt lat="42.707730" lon="0.931020"><ele>1747.0</ele></trkpt>
      <trkpt lat="42.707780" lon="0.930550"><ele>1744.0</ele></trkpt>
      <trkpt lat="42.707660" lon="0.929630"><ele>1735.0</ele></trkpt>
      <trkpt lat="42.707680" lon="0.927300"><ele>1717.0</ele></trkpt>
      <trkpt lat="42.708040" lon="0.923740"><ele>1693.0</ele></trkpt>
      <trkpt lat="42.708390" lon="0.922050"><ele>1679.0</ele></trkpt>
      <trkpt lat="42.708350" lon="0.921580"><ele>1672.0</ele></trkpt>
      <trkpt lat="42.708902" lon="0.920048"><ele>1661.0</ele></trkpt>
      <trkpt lat="42.708898" lon="0.919898"><ele>1659.0</ele></trkpt>
      <trkpt lat="42.709224" lon="0.919883"><ele>1656.0</ele></trkpt>
      <trkpt lat="42.709460" lon="0.920000"><ele>1654.0</ele></trkpt>
      <trkpt lat="42.709640" lon="0.920260"><ele>1658.0</ele></trkpt>
      <trkpt lat="42.710160" lon="0.920430"><ele>1651.0</ele></trkpt>
      <trkpt lat="42.710480" lon="0.920420"><ele>1645.0</ele></trkpt>
      <trkpt lat="42.711100" lon="0.920070"><ele>1633.0</ele></trkpt>
      <trkpt lat="42.711460" lon="0.920000"><ele>1632.0</ele></trkpt>
      <trkpt lat="42.712000" lon="0.919410"><ele>1619.0</ele></trkpt>
      <trkpt lat="42.712800" lon="0.919200"><ele>1615.0</ele></trkpt>
      <trkpt lat="42.713700" lon="0.919380"><ele>1605.0</ele></trkpt>
      <trkpt lat="42.715020" lon="0.920220"><ele>1585.0</ele></trkpt>
      <trkpt lat="42.715130" lon="0.920330"><ele>1583.0</ele></trkpt>
      <trkpt lat="42.715220" lon="0.920690"><ele>1583.0</ele></trkpt>
      <trkpt lat="42.715410" lon="0.920840"><ele>1577.0</ele></trkpt>
      <trkpt lat="42.715820" lon="0.920810"><ele>1565.0</ele></trkpt>
      <trkpt lat="42.715830" lon="0.920680"><ele>1560.0</ele></trkpt>
      <trkpt lat="42.715580" lon="0.920400"><ele>1560.0</ele></trkpt>
      <trkpt lat="42.715590" lon="0.920260"><ele>1557.0</ele></trkpt>
      <trkpt lat="42.716040" lon="0.920210"><ele>1542.0</ele></trkpt>
      <trkpt lat="42.716330" lon="0.920280"><ele>1538.0</ele></trkpt>
      <trkpt lat="42.716360" lon="0.920200"><ele>1534.0</ele></trkpt>
      <trkpt lat="42.716240" lon="0.920030"><ele>1531.0</ele></trkpt>
      <trkpt lat="42.716350" lon="0.920000"><ele>1528.0</ele></trkpt>
      <trkpt lat="42.716580" lon="0.920130"><ele>1524.0</ele></trkpt>
      <trkpt lat="42.716890" lon="0.920680"><ele>1521.0</ele></trkpt>
      <trkpt lat="42.717180" lon="0.920880"><ele>1514.0</ele></trkpt>
      <trkpt lat="42.717240" lon="0.920830"><ele>1510.0</ele></trkpt>
      <trkpt lat="42.717000" lon="0.920150"><ele>1502.0</ele></trkpt>
      <trkpt lat="42.717370" lon="0.919810"><ele>1481.0</ele></trkpt>
      <trkpt lat="42.717800" lon="0.919200"><ele>1470.0</ele></trkpt>
      <trkpt lat="42.717910" lon="0.918600"><ele>1456.0</ele></trkpt>
      <trkpt lat="42.718170" lon="0.917900"><ele>1445.0</ele></trkpt>
      <trkpt lat="42.718270" lon="0.916910"><ele>1438.0</ele></trkpt>
      <trkpt lat="42.718530" lon="0.916530"><ele>1439.0</ele></trkpt>
      <trkpt lat="42.718900" lon="0.916300"><ele>1438.0</ele></trkpt>
      <trkpt lat="42.718940" lon="0.916090"><ele>1435.0</ele></trkpt>
      <trkpt lat="42.718850" lon="0.915650"><ele>1426.0</ele></trkpt>
      <trkpt lat="42.718500" lon="0.915590"><ele>1424.0</ele></trkpt>
      <trkpt lat="42.718280" lon="0.915420"><ele>1421.0</ele></trkpt>
      <trkpt lat="42.717950" lon="0.914980"><ele>1408.0</ele></trkpt>
      <trkpt lat="42.717840" lon="0.914960"><ele>1405.0</ele></trkpt>
      <trkpt lat="42.717700" lon="0.914620"><ele>1395.0</ele></trkpt>
      <trkpt lat="42.717240" lon="0.914110"><ele>1385.0</ele></trkpt>
      <trkpt lat="42.717000" lon="0.914000"><ele>1382.0</ele></trkpt>
      <trkpt lat="42.716770" lon="0.914030"><ele>1381.0</ele></trkpt>
      <trkpt lat="42.716610" lon="0.913840"><ele>1374.0</ele></trkpt>
      <trkpt lat="42.715960" lon="0.913930"><ele>1375.0</ele></trkpt>
      <trkpt lat="42.715830" lon="0.913760"><ele>1371.0</ele></trkpt>
      <trkpt lat="42.715760" lon="0.913440"><ele>1366.0</ele></trkpt>
      <trkpt lat="42.715600" lon="0.913250"><ele>1366.0</ele></trkpt>
      <trkpt lat="42.714510" lon="0.912560"><ele>1335.0</ele></trkpt>
      <trkpt lat="42.714680" lon="0.912380"><ele>1329.0</ele></trkpt>
      <trkpt lat="42.714670" lon="0.912300"><ele>1325.0</ele></trkpt>
      <trkpt lat="42.714310" lon="0.911940"><ele>1314.0</ele></trkpt>
      <trkpt lat="42.714230" lon="0.911720"><ele>1310.0</ele></trkpt>
      <trkpt lat="42.714230" lon="0.911320"><ele>1303.0</ele></trkpt>
      <trkpt lat="42.713940" lon="0.910970"><ele>1300.0</ele></trkpt>
      <trkpt lat="42.713440" lon="0.910760"><ele>1300.0</ele></trkpt>
      <trkpt lat="42.713090" lon="0.910330"><ele>1300.0</ele></trkpt>
      <trkpt lat="42.712800" lon="0.909690"><ele>1300.0</ele></trkpt>
      <trkpt lat="42.712570" lon="0.909430"><ele>1298.0</ele></trkpt>
      <trkpt lat="42.712340" lon="0.908830"><ele>1288.0</ele></trkpt>
      <trkpt lat="42.712270" lon="0.908440"><ele>1282.0</ele></trkpt>
      <trkpt lat="42.712460" lon="0.908130"><ele>1280.0</ele></trkpt>
      <trkpt lat="42.712200" lon="0.907380"><ele>1280.0</ele></trkpt>
      <trkpt lat="42.712040" lon="0.905850"><ele>1280.0</ele></trkpt>
      <trkpt lat="42.711637" lon="0.904768"><ele>1280.0</ele></trkpt>
      <trkpt lat="42.711130" lon="0.903911"><ele>1269.0</ele></trkpt>
      <trkpt lat="42.710786" lon="0.902762"><ele>1285.0</ele></trkpt>
      <trkpt lat="42.710274" lon="0.902078"><ele>1285.0</ele></trkpt>
      <trkpt lat="42.710076" lon="0.902231"><ele>1286.0</ele></trkpt>
      <trkpt lat="42.709815" lon="0.902169"><ele>1288.0</ele></trkpt>
      <trkpt lat="42.709568" lon="0.903098"><ele>1275.0</ele></trkpt>
      <trkpt lat="42.709247" lon="0.902942"><ele>1269.0</ele></trkpt>
      <trkpt lat="42.709311" lon="0.903274"><ele>1261.0</ele></trkpt>
      <trkpt lat="42.709186" lon="0.903227"><ele>1260.0</ele></trkpt>
      <trkpt lat="42.709205" lon="0.903343"><ele>1260.0</ele></trkpt>
      <trkpt lat="42.708790" lon="0.903151"><ele>1260.0</ele></trkpt>
      <trkpt lat="42.708513" lon="0.903401"><ele>1260.0</ele></trkpt>
      <trkpt lat="42.708238" lon="0.903263"><ele>1260.0</ele></trkpt>
      <trkpt lat="42.707993" lon="0.902927"><ele>1260.0</ele></trkpt>
      <trkpt lat="42.707661" lon="0.902750"><ele>1260.0</ele></trkpt>
      <trkpt lat="42.707844" lon="0.903070"><ele>1260.0</ele></trkpt>
      <trkpt lat="42.707959" lon="0.903572"><ele>1260.0</ele></trkpt>
      <trkpt lat="42.707863" lon="0.903775"><ele>1260.0</ele></trkpt>
      <trkpt lat="42.707824" lon="0.904168"><ele>1265.0</ele></trkpt>
      <trkpt lat="42.707743" lon="0.904226"><ele>1265.0</ele></trkpt>
      <trkpt lat="42.707665" lon="0.904141"><ele>1264.0</ele></trkpt>
      <trkpt lat="42.707632" lon="0.903667"><ele>1260.0</ele></trkpt>
      <trkpt lat="42.707358" lon="0.902871"><ele>1259.0</ele></trkpt>
      <trkpt lat="42.706990" lon="0.902750"><ele>1252.0</ele></trkpt>
      <trkpt lat="42.706860" lon="0.902920"><ele>1250.0</ele></trkpt>
      <trkpt lat="42.706750" lon="0.903410"><ele>1248.0</ele></trkpt>
      <trkpt lat="42.706400" lon="0.904030"><ele>1249.0</ele></trkpt>
      <trkpt lat="42.705600" lon="0.904770"><ele>1260.0</ele></trkpt>
      <trkpt lat="42.705190" lon="0.905800"><ele>1260.0</ele></trkpt>
      <trkpt lat="42.704930" lon="0.906890"><ele>1260.0</ele></trkpt>
      <trkpt lat="42.704850" lon="0.908020"><ele>1263.0</ele></trkpt>
      <trkpt lat="42.704550" lon="0.909570"><ele>1270.0</ele></trkpt>
      <trkpt lat="42.704400" lon="0.911420"><ele>1281.0</ele></trkpt>
      <trkpt lat="42.704270" lon="0.911640"><ele>1282.0</ele></trkpt>
      <trkpt lat="42.704000" lon="0.911820"><ele>1282.0</ele></trkpt>
      <trkpt lat="42.703540" lon="0.912510"><ele>1286.0</ele></trkpt>
      <trkpt lat="42.703170" lon="0.912730"><ele>1287.0</ele></trkpt>
      <trkpt lat="42.702650" lon="0.913220"><ele>1299.0</ele></trkpt>
      <trkpt lat="42.701910" lon="0.914640"><ele>1300.0</ele></trkpt>
      <trkpt lat="42.701597" lon="0.914859"><ele>1300.0</ele></trkpt>
      <trkpt lat="42.701128" lon="0.914987"><ele>1301.0</ele></trkpt>
      <trkpt lat="42.701031" lon="0.915104"><ele>1302.0</ele></trkpt>
      <trkpt lat="42.700950" lon="0.915466"><ele>1301.0</ele></trkpt>
      <trkpt lat="42.701430" lon="0.915759"><ele>1302.0</ele></trkpt>
      <trkpt lat="42.701592" lon="0.915643"><ele>1302.0</ele></trkpt>
      <trkpt lat="42.701580" lon="0.916055"><ele>1306.0</ele></trkpt>
      <trkpt lat="42.701387" lon="0.916455"><ele>1308.0</ele></trkpt>
      <trkpt lat="42.701230" lon="0.917172"><ele>1317.0</ele></trkpt>
      <trkpt lat="42.700576" lon="0.918328"><ele>1320.0</ele></trkpt>
      <trkpt lat="42.700333" lon="0.919385"><ele>1327.0</ele></trkpt>
      <trkpt lat="42.700000" lon="0.919948"><ele>1339.0</ele></trkpt>
      <trkpt lat="42.699943" lon="0.920337"><ele>1340.0</ele></trkpt>
      <trkpt lat="42.699838" lon="0.920464"><ele>1340.0</ele></trkpt>
      <trkpt lat="42.699761" lon="0.920911"><ele>1340.0</ele></trkpt>
      <trkpt lat="42.699654" lon="0.921098"><ele>1343.0</ele></trkpt>
      <trkpt lat="42.699777" lon="0.921167"><ele>1341.0</ele></trkpt>
      <trkpt lat="42.699794" lon="0.921495"><ele>1345.0</ele></trkpt>
      <trkpt lat="42.699471" lon="0.922046"><ele>1360.0</ele></trkpt>
      <trkpt lat="42.699444" lon="0.922311"><ele>1360.0</ele></trkpt>
      <trkpt lat="42.699364" lon="0.922352"><ele>1360.0</ele></trkpt>
      <trkpt lat="42.699328" lon="0.922208"><ele>1361.0</ele></trkpt>
      <trkpt lat="42.699234" lon="0.922167"><ele>1364.0</ele></trkpt>
      <trkpt lat="42.699430" lon="0.919110"><ele>1338.0</ele></trkpt>
      <trkpt lat="42.699250" lon="0.918980"><ele>1342.0</ele></trkpt>
      <trkpt lat="42.698930" lon="0.919110"><ele>1354.0</ele></trkpt>
      <trkpt lat="42.698250" lon="0.918690"><ele>1372.0</ele></trkpt>
      <trkpt lat="42.697931" lon="0.918665"><ele>1381.0</ele></trkpt>
      <trkpt lat="42.696028" lon="0.917552"><ele>1396.0</ele></trkpt>
      <trkpt lat="42.695419" lon="0.917303"><ele>1407.0</ele></trkpt>
      <trkpt lat="42.694905" lon="0.916854"><ele>1408.0</ele></trkpt>
      <trkpt lat="42.694651" lon="0.916825"><ele>1412.0</ele></trkpt>
      <trkpt lat="42.694520" lon="0.916969"><ele>1419.0</ele></trkpt>
      <trkpt lat="42.693620" lon="0.917300"><ele>1432.0</ele></trkpt>
      <trkpt lat="42.693360" lon="0.917520"><ele>1437.0</ele></trkpt>
      <trkpt lat="42.693260" lon="0.917520"><ele>1437.0</ele></trkpt>
      <trkpt lat="42.693050" lon="0.917270"><ele>1430.0</ele></trkpt>
      <trkpt lat="42.691480" lon="0.917590"><ele>1431.0</ele></trkpt>
      <trkpt lat="42.690970" lon="0.918030"><ele>1435.0</ele></trkpt>
      <trkpt lat="42.690810" lon="0.917890"><ele>1431.0</ele></trkpt>
      <trkpt lat="42.690630" lon="0.917970"><ele>1433.0</ele></trkpt>
      <trkpt lat="42.690350" lon="0.917930"><ele>1432.0</ele></trkpt>
      <trkpt lat="42.690070" lon="0.918070"><ele>1435.0</ele></trkpt>
      <trkpt lat="42.689610" lon="0.918060"><ele>1436.0</ele></trkpt>
      <trkpt lat="42.688610" lon="0.917680"><ele>1439.0</ele></trkpt>
      <trkpt lat="42.688440" lon="0.917370"><ele>1438.0</ele></trkpt>
      <trkpt lat="42.687500" lon="0.916230"><ele>1439.0</ele></trkpt>
      <trkpt lat="42.687010" lon="0.916130"><ele>1440.0</ele></trkpt>
      <trkpt lat="42.686500" lon="0.916510"><ele>1440.0</ele></trkpt>
      <trkpt lat="42.686270" lon="0.916810"><ele>1440.0</ele></trkpt>
      <trkpt lat="42.685970" lon="0.916890"><ele>1440.0</ele></trkpt>
      <trkpt lat="42.685810" lon="0.917380"><ele>1442.0</ele></trkpt>
      <trkpt lat="42.685560" lon="0.917630"><ele>1445.0</ele></trkpt>
      <trkpt lat="42.685120" lon="0.917890"><ele>1449.0</ele></trkpt>
      <trkpt lat="42.684770" lon="0.917910"><ele>1451.0</ele></trkpt>
      <trkpt lat="42.684500" lon="0.918170"><ele>1453.0</ele></trkpt>
      <trkpt lat="42.684320" lon="0.918170"><ele>1452.0</ele></trkpt>
      <trkpt lat="42.684040" lon="0.918350"><ele>1454.0</ele></trkpt>
      <trkpt lat="42.683710" lon="0.918660"><ele>1458.0</ele></trkpt>
      <trkpt lat="42.683020" lon="0.918720"><ele>1461.0</ele></trkpt>
      <trkpt lat="42.682120" lon="0.918420"><ele>1463.0</ele></trkpt>
      <trkpt lat="42.681260" lon="0.918300"><ele>1468.0</ele></trkpt>
      <trkpt lat="42.680980" lon="0.918120"><ele>1466.0</ele></trkpt>
      <trkpt lat="42.680370" lon="0.918080"><ele>1474.0</ele></trkpt>
      <trkpt lat="42.679920" lon="0.917930"><ele>1475.0</ele></trkpt>
      <trkpt lat="42.679570" lon="0.917660"><ele>1475.0</ele></trkpt>
      <trkpt lat="42.679200" lon="0.917190"><ele>1475.0</ele></trkpt>
      <trkpt lat="42.677625" lon="0.916354"><ele>1480.0</ele></trkpt>
      <trkpt lat="42.676826" lon="0.916234"><ele>1484.0</ele></trkpt>
      <trkpt lat="42.675789" lon="0.916329"><ele>1497.0</ele></trkpt>
      <trkpt lat="42.675550" lon="0.916490"><ele>1500.0</ele></trkpt>
      <trkpt lat="42.675170" lon="0.916470"><ele>1501.0</ele></trkpt>
      <trkpt lat="42.674980" lon="0.916410"><ele>1505.0</ele></trkpt>
      <trkpt lat="42.674688" lon="0.916106"><ele>1504.0</ele></trkpt>
      <trkpt lat="42.673846" lon="0.915849"><ele>1506.0</ele></trkpt>
      <trkpt lat="42.672777" lon="0.915823"><ele>1517.0</ele></trkpt>
      <trkpt lat="42.672450" lon="0.916100"><ele>1520.0</ele></trkpt>
      <trkpt lat="42.671510" lon="0.916500"><ele>1535.0</ele></trkpt>
      <trkpt lat="42.671320" lon="0.916780"><ele>1540.0</ele></trkpt>
      <trkpt lat="42.671040" lon="0.916830"><ele>1540.0</ele></trkpt>
      <trkpt lat="42.670810" lon="0.917080"><ele>1541.0</ele></trkpt>
      <trkpt lat="42.670620" lon="0.917150"><ele>1542.0</ele></trkpt>
      <trkpt lat="42.670380" lon="0.917380"><ele>1546.0</ele></trkpt>
      <trkpt lat="42.670140" lon="0.918010"><ele>1557.0</ele></trkpt>
      <trkpt lat="42.669680" lon="0.918430"><ele>1561.0</ele></trkpt>
      <trkpt lat="42.669150" lon="0.919280"><ele>1575.0</ele></trkpt>
      <trkpt lat="42.668880" lon="0.919390"><ele>1578.0</ele></trkpt>
      <trkpt lat="42.668440" lon="0.919090"><ele>1574.0</ele></trkpt>
      <trkpt lat="42.667890" lon="0.919270"><ele>1581.0</ele></trkpt>
      <trkpt lat="42.667740" lon="0.919610"><ele>1587.0</ele></trkpt>
      <trkpt lat="42.667510" lon="0.919870"><ele>1593.0</ele></trkpt>
      <trkpt lat="42.667270" lon="0.920470"><ele>1600.0</ele></trkpt>
      <trkpt lat="42.666600" lon="0.920660"><ele>1609.0</ele></trkpt>
      <trkpt lat="42.666180" lon="0.920560"><ele>1616.0</ele></trkpt>
      <trkpt lat="42.665620" lon="0.921130"><ele>1629.0</ele></trkpt>
      <trkpt lat="42.665190" lon="0.921200"><ele>1635.0</ele></trkpt>
      <trkpt lat="42.664780" lon="0.921860"><ele>1648.0</ele></trkpt>
      <trkpt lat="42.664110" lon="0.922420"><ele>1664.0</ele></trkpt>
      <trkpt lat="42.664120" lon="0.922570"><ele>1670.0</ele></trkpt>
      <trkpt lat="42.664280" lon="0.922560"><ele>1671.0</ele></trkpt>
      <trkpt lat="42.664780" lon="0.922900"><ele>1678.0</ele></trkpt>
      <trkpt lat="42.665200" lon="0.922870"><ele>1678.0</ele></trkpt>
      <trkpt lat="42.665420" lon="0.923140"><ele>1687.0</ele></trkpt>
      <trkpt lat="42.665430" lon="0.923310"><ele>1689.0</ele></trkpt>
      <trkpt lat="42.665650" lon="0.923430"><ele>1694.0</ele></trkpt>
      <trkpt lat="42.665730" lon="0.923590"><ele>1698.0</ele></trkpt>
      <trkpt lat="42.665620" lon="0.924060"><ele>1703.0</ele></trkpt>
      <trkpt lat="42.665090" lon="0.924730"><ele>1719.0</ele></trkpt>
      <trkpt lat="42.664870" lon="0.925290"><ele>1726.0</ele></trkpt>
      <trkpt lat="42.664720" lon="0.926100"><ele>1740.0</ele></trkpt>
      <trkpt lat="42.664820" lon="0.926700"><ele>1740.0</ele></trkpt>
      <trkpt lat="42.664450" lon="0.927040"><ele>1740.0</ele></trkpt>
      <trkpt lat="42.664200" lon="0.927660"><ele>1739.0</ele></trkpt>
      <trkpt lat="42.663810" lon="0.928090"><ele>1742.0</ele></trkpt>
      <trkpt lat="42.663190" lon="0.928300"><ele>1741.0</ele></trkpt>
      <trkpt lat="42.662740" lon="0.928700"><ele>1747.0</ele></trkpt>
      <trkpt lat="42.661840" lon="0.929020"><ele>1760.0</ele></trkpt>
      <trkpt lat="42.661490" lon="0.928660"><ele>1760.0</ele></trkpt>
      <trkpt lat="42.661090" lon="0.928910"><ele>1760.0</ele></trkpt>
      <trkpt lat="42.660490" lon="0.929040"><ele>1759.0</ele></trkpt>
      <trkpt lat="42.660350" lon="0.928970"><ele>1758.0</ele></trkpt>
      <trkpt lat="42.660070" lon="0.928540"><ele>1755.0</ele></trkpt>
      <trkpt lat="42.659450" lon="0.927920"><ele>1757.0</ele></trkpt>
      <trkpt lat="42.658830" lon="0.927760"><ele>1760.0</ele></trkpt>
      <trkpt lat="42.658660" lon="0.927590"><ele>1760.0</ele></trkpt>
      <trkpt lat="42.658220" lon="0.927440"><ele>1760.0</ele></trkpt>
      <trkpt lat="42.657480" lon="0.926980"><ele>1760.0</ele></trkpt>
      <trkpt lat="42.657170" lon="0.926930"><ele>1760.0</ele></trkpt>
      <trkpt lat="42.657090" lon="0.927030"><ele>1760.0</ele></trkpt>
      <trkpt lat="42.657100" lon="0.927470"><ele>1760.0</ele></trkpt>
      <trkpt lat="42.655770" lon="0.927930"><ele>1760.0</ele></trkpt>
      <trkpt lat="42.653300" lon="0.928100"><ele>1763.0</ele></trkpt>
      <trkpt lat="42.652980" lon="0.928300"><ele>1767.0</ele></trkpt>
      <trkpt lat="42.652860" lon="0.929160"><ele>1778.0</ele></trkpt>
      <trkpt lat="42.652590" lon="0.929340"><ele>1779.0</ele></trkpt>
      <trkpt lat="42.652320" lon="0.929350"><ele>1778.0</ele></trkpt>
      <trkpt lat="42.652000" lon="0.929680"><ele>1779.0</ele></trkpt>
      <trkpt lat="42.651760" lon="0.929800"><ele>1780.0</ele></trkpt>
      <trkpt lat="42.651550" lon="0.929800"><ele>1780.0</ele></trkpt>
      <trkpt lat="42.651140" lon="0.930210"><ele>1780.0</ele></trkpt>
      <trkpt lat="42.651169" lon="0.930639"><ele>1780.0</ele></trkpt>
      <trkpt lat="42.651470" lon="0.931400"><ele>1787.0</ele></trkpt>
      <trkpt lat="42.651340" lon="0.931800"><ele>1793.0</ele></trkpt>
      <trkpt lat="42.651050" lon="0.932310"><ele>1800.0</ele></trkpt>
      <trkpt lat="42.650970" lon="0.933180"><ele>1801.0</ele></trkpt>
      <trkpt lat="42.650730" lon="0.933350"><ele>1804.0</ele></trkpt>
      <trkpt lat="42.650780" lon="0.933560"><ele>1807.0</ele></trkpt>
      <trkpt lat="42.650683" lon="0.933677"><ele>1810.0</ele></trkpt>
      <trkpt lat="42.650234" lon="0.933572"><ele>1817.0</ele></trkpt>
      <trkpt lat="42.649227" lon="0.933619"><ele>1823.0</ele></trkpt>
      <trkpt lat="42.648563" lon="0.934071"><ele>1833.0</ele></trkpt>
      <trkpt lat="42.648303" lon="0.934546"><ele>1840.0</ele></trkpt>
      <trkpt lat="42.648218" lon="0.934546"><ele>1840.0</ele></trkpt>
      <trkpt lat="42.648002" lon="0.934529"><ele>1843.0</ele></trkpt>
      <trkpt lat="42.647247" lon="0.933756"><ele>1845.0</ele></trkpt>
      <trkpt lat="42.645919" lon="0.933285"><ele>1847.0</ele></trkpt>
      <trkpt lat="42.642814" lon="0.933305"><ele>1857.0</ele></trkpt>
      <trkpt lat="42.642103" lon="0.932572"><ele>1860.0</ele></trkpt>
      <trkpt lat="42.641844" lon="0.931737"><ele>1862.0</ele></trkpt>
      <trkpt lat="42.640046" lon="0.930000"><ele>1860.0</ele></trkpt>
      <trkpt lat="42.639808" lon="0.929912"><ele>1860.0</ele></trkpt>
      <trkpt lat="42.638938" lon="0.930101"><ele>1860.0</ele></trkpt>
      <trkpt lat="42.638379" lon="0.930361"><ele>1860.0</ele></trkpt>
      <trkpt lat="42.637892" lon="0.929599"><ele>1860.0</ele></trkpt>
      <trkpt lat="42.637289" lon="0.929395"><ele>1860.0</ele></trkpt>
      <trkpt lat="42.637158" lon="0.929420"><ele>1860.0</ele></trkpt>
      <trkpt lat="42.636976" lon="0.929697"><ele>1864.0</ele></trkpt>
      <trkpt lat="42.636755" lon="0.929714"><ele>1867.0</ele></trkpt>
      <trkpt lat="42.636424" lon="0.930028"><ele>1875.0</ele></trkpt>
      <trkpt lat="42.635920" lon="0.930110"><ele>1889.0</ele></trkpt>
      <trkpt lat="42.635808" lon="0.930218"><ele>1893.0</ele></trkpt>
      <trkpt lat="42.635571" lon="0.930215"><ele>1902.0</ele></trkpt>
      <trkpt lat="42.635176" lon="0.929796"><ele>1914.0</ele></trkpt>
      <trkpt lat="42.634837" lon="0.929862"><ele>1920.0</ele></trkpt>
      <trkpt lat="42.634571" lon="0.930112"><ele>1923.0</ele></trkpt>
      <trkpt lat="42.634074" lon="0.930726"><ele>1939.0</ele></trkpt>
      <trkpt lat="42.633926" lon="0.931123"><ele>1943.0</ele></trkpt>
      <trkpt lat="42.634156" lon="0.931747"><ele>1952.0</ele></trkpt>
      <trkpt lat="42.634168" lon="0.932011"><ele>1957.0</ele></trkpt>
      <trkpt lat="42.633652" lon="0.932297"><ele>1964.0</ele></trkpt>
      <trkpt lat="42.632881" lon="0.933227"><ele>1991.0</ele></trkpt>
      <trkpt lat="42.632797" lon="0.933443"><ele>1997.0</ele></trkpt>
      <trkpt lat="42.632627" lon="0.933458"><ele>2001.0</ele></trkpt>
      <trkpt lat="42.632439" lon="0.933625"><ele>2008.0</ele></trkpt>
      <trkpt lat="42.632322" lon="0.934029"><ele>2018.0</ele></trkpt>
      <trkpt lat="42.632235" lon="0.934065"><ele>2022.0</ele></trkpt>
      <trkpt lat="42.631856" lon="0.933827"><ele>2027.0</ele></trkpt>
      <trkpt lat="42.631695" lon="0.933896"><ele>2032.0</ele></trkpt>
      <trkpt lat="42.631408" lon="0.934236"><ele>2049.0</ele></trkpt>
      <trkpt lat="42.631404" lon="0.934456"><ele>2058.0</ele></trkpt>
      <trkpt lat="42.631662" lon="0.934800"><ele>2069.0</ele></trkpt>
      <trkpt lat="42.631879" lon="0.935817"><ele>2098.0</ele></trkpt>
      <trkpt lat="42.631879" lon="0.936036"><ele>2102.0</ele></trkpt>
      <trkpt lat="42.631704" lon="0.936104"><ele>2108.0</ele></trkpt>
      <trkpt lat="42.631617" lon="0.936246"><ele>2109.0</ele></trkpt>
      <trkpt lat="42.631586" lon="0.936566"><ele>2110.0</ele></trkpt>
      <trkpt lat="42.631021" lon="0.937118"><ele>2121.0</ele></trkpt>
      <trkpt lat="42.630784" lon="0.937027"><ele>2121.0</ele></trkpt>
      <trkpt lat="42.630416" lon="0.937121"><ele>2127.0</ele></trkpt>
      <trkpt lat="42.630160" lon="0.936983"><ele>2130.0</ele></trkpt>
      <trkpt lat="42.629632" lon="0.937186"><ele>2137.0</ele></trkpt>
      <trkpt lat="42.629271" lon="0.936785"><ele>2139.0</ele></trkpt>
      <trkpt lat="42.628671" lon="0.935558"><ele>2167.0</ele></trkpt>
      <trkpt lat="42.628654" lon="0.935317"><ele>2171.0</ele></trkpt>
      <trkpt lat="42.627789" lon="0.933995"><ele>2180.0</ele></trkpt>
      <trkpt lat="42.627543" lon="0.933383"><ele>2181.0</ele></trkpt>
      <trkpt lat="42.627084" lon="0.932750"><ele>2161.0</ele></trkpt>
      <trkpt lat="42.626868" lon="0.932713"><ele>2160.0</ele></trkpt>
      <trkpt lat="42.626687" lon="0.932430"><ele>2158.0</ele></trkpt>
      <trkpt lat="42.626679" lon="0.932266"><ele>2158.0</ele></trkpt>
      <trkpt lat="42.626960" lon="0.931819"><ele>2159.0</ele></trkpt>
      <trkpt lat="42.626950" lon="0.931408"><ele>2160.0</ele></trkpt>
      <trkpt lat="42.627047" lon="0.930979"><ele>2160.0</ele></trkpt>
      <trkpt lat="42.626560" lon="0.930330"><ele>2157.0</ele></trkpt>
      <trkpt lat="42.626480" lon="0.930000"><ele>2153.0</ele></trkpt>
      <trkpt lat="42.626120" lon="0.929760"><ele>2162.0</ele></trkpt>
      <trkpt lat="42.625960" lon="0.929800"><ele>2167.0</ele></trkpt>
      <trkpt lat="42.625488" lon="0.929613"><ele>2179.0</ele></trkpt>
      <trkpt lat="42.625312" lon="0.929757"><ele>2180.0</ele></trkpt>
      <trkpt lat="42.624870" lon="0.929490"><ele>2182.0</ele></trkpt>
      <trkpt lat="42.624189" lon="0.929907"><ele>2181.0</ele></trkpt>
      <trkpt lat="42.623616" lon="0.930037"><ele>2182.0</ele></trkpt>
      <trkpt lat="42.623190" lon="0.930400"><ele>2181.0</ele></trkpt>
      <trkpt lat="42.622938" lon="0.930997"><ele>2180.0</ele></trkpt>
      <trkpt lat="42.622883" lon="0.931497"><ele>2182.0</ele></trkpt>
      <trkpt lat="42.622630" lon="0.931900"><ele>2182.0</ele></trkpt>
      <trkpt lat="42.622054" lon="0.932250"><ele>2181.0</ele></trkpt>
      <trkpt lat="42.621885" lon="0.932837"><ele>2180.0</ele></trkpt>
      <trkpt lat="42.621619" lon="0.933133"><ele>2182.0</ele></trkpt>
      <trkpt lat="42.621040" lon="0.934188"><ele>2180.0</ele></trkpt>
      <trkpt lat="42.620739" lon="0.934422"><ele>2181.0</ele></trkpt>
      <trkpt lat="42.620307" lon="0.935055"><ele>2181.0</ele></trkpt>
      <trkpt lat="42.620077" lon="0.935322"><ele>2180.0</ele></trkpt>
      <trkpt lat="42.619542" lon="0.935550"><ele>2181.0</ele></trkpt>
      <trkpt lat="42.619104" lon="0.936230"><ele>2180.0</ele></trkpt>
      <trkpt lat="42.618909" lon="0.936882"><ele>2180.0</ele></trkpt>
      <trkpt lat="42.618237" lon="0.937730"><ele>2194.0</ele></trkpt>
      <trkpt lat="42.617994" lon="0.937925"><ele>2201.0</ele></trkpt>
      <trkpt lat="42.617834" lon="0.938373"><ele>2210.0</ele></trkpt>
      <trkpt lat="42.617510" lon="0.938223"><ele>2218.0</ele></trkpt>
      <trkpt lat="42.617510" lon="0.938437"><ele>2220.0</ele></trkpt>
      <trkpt lat="42.617059" lon="0.938697"><ele>2228.0</ele></trkpt>
      <trkpt lat="42.616502" lon="0.938708"><ele>2239.0</ele></trkpt>
      <trkpt lat="42.616128" lon="0.938932"><ele>2240.0</ele></trkpt>
      <trkpt lat="42.615318" lon="0.939123"><ele>2240.0</ele></trkpt>
      <trkpt lat="42.614384" lon="0.940088"><ele>2240.0</ele></trkpt>
      <trkpt lat="42.613955" lon="0.940227"><ele>2240.0</ele></trkpt>
      <trkpt lat="42.613341" lon="0.940220"><ele>2240.0</ele></trkpt>
      <trkpt lat="42.613467" lon="0.939561"><ele>2241.0</ele></trkpt>
      <trkpt lat="42.613690" lon="0.939215"><ele>2247.0</ele></trkpt>
      <trkpt lat="42.613779" lon="0.938874"><ele>2255.0</ele></trkpt>
      <trkpt lat="42.614358" lon="0.937973"><ele>2260.0</ele></trkpt>
      <trkpt lat="42.614494" lon="0.937574"><ele>2261.0</ele></trkpt>
      <trkpt lat="42.614680" lon="0.937343"><ele>2268.0</ele></trkpt>
      <trkpt lat="42.614943" lon="0.937195"><ele>2273.0</ele></trkpt>
      <trkpt lat="42.615144" lon="0.936834"><ele>2280.0</ele></trkpt>
      <trkpt lat="42.615534" lon="0.936525"><ele>2293.0</ele></trkpt>
      <trkpt lat="42.616045" lon="0.935676"><ele>2301.0</ele></trkpt>
      <trkpt lat="42.615897" lon="0.935111"><ele>2302.0</ele></trkpt>
      <trkpt lat="42.616025" lon="0.934072"><ele>2301.0</ele></trkpt>
      <trkpt lat="42.615965" lon="0.933877"><ele>2301.0</ele></trkpt>
      <trkpt lat="42.615807" lon="0.933787"><ele>2302.0</ele></trkpt>
      <trkpt lat="42.615766" lon="0.933614"><ele>2303.0</ele></trkpt>
      <trkpt lat="42.615618" lon="0.933506"><ele>2305.0</ele></trkpt>
      <trkpt lat="42.615571" lon="0.933288"><ele>2305.0</ele></trkpt>
      <trkpt lat="42.615693" lon="0.932858"><ele>2306.0</ele></trkpt>
      <trkpt lat="42.615486" lon="0.932264"><ele>2314.0</ele></trkpt>
      <trkpt lat="42.615264" lon="0.931920"><ele>2311.0</ele></trkpt>
      <trkpt lat="42.615330" lon="0.931640"><ele>2305.0</ele></trkpt>
      <trkpt lat="42.615475" lon="0.931457"><ele>2303.0</ele></trkpt>
      <trkpt lat="42.615557" lon="0.930932"><ele>2296.0</ele></trkpt>
      <trkpt lat="42.615505" lon="0.930431"><ele>2290.0</ele></trkpt>
      <trkpt lat="42.615560" lon="0.930003"><ele>2288.0</ele></trkpt>
      <trkpt lat="42.615834" lon="0.929438"><ele>2289.0</ele></trkpt>
      <trkpt lat="42.615870" lon="0.929085"><ele>2284.0</ele></trkpt>
      <trkpt lat="42.616121" lon="0.928525"><ele>2280.0</ele></trkpt>
      <trkpt lat="42.616153" lon="0.928242"><ele>2279.0</ele></trkpt>
      <trkpt lat="42.616354" lon="0.928027"><ele>2273.0</ele></trkpt>
      <trkpt lat="42.616589" lon="0.927957"><ele>2268.0</ele></trkpt>
      <trkpt lat="42.616952" lon="0.927262"><ele>2257.0</ele></trkpt>
      <trkpt lat="42.617315" lon="0.927024"><ele>2246.0</ele></trkpt>
      <trkpt lat="42.617282" lon="0.926098"><ele>2240.0</ele></trkpt>
      <trkpt lat="42.617435" lon="0.925362"><ele>2226.0</ele></trkpt>
      <trkpt lat="42.617397" lon="0.925078"><ele>2221.0</ele></trkpt>
      <trkpt lat="42.617494" lon="0.924956"><ele>2217.0</ele></trkpt>
      <trkpt lat="42.617873" lon="0.924821"><ele>2207.0</ele></trkpt>
      <trkpt lat="42.618110" lon="0.924350"><ele>2200.0</ele></trkpt>
      <trkpt lat="42.617830" lon="0.924030"><ele>2201.0</ele></trkpt>
      <trkpt lat="42.617880" lon="0.922530"><ele>2219.0</ele></trkpt>
      <trkpt lat="42.618070" lon="0.922380"><ele>2217.0</ele></trkpt>
      <trkpt lat="42.618350" lon="0.921890"><ele>2209.0</ele></trkpt>
      <trkpt lat="42.618580" lon="0.921840"><ele>2205.0</ele></trkpt>
      <trkpt lat="42.618730" lon="0.921260"><ele>2207.0</ele></trkpt>
      <trkpt lat="42.618610" lon="0.920450"><ele>2220.0</ele></trkpt>
      <trkpt lat="42.618710" lon="0.919480"><ele>2220.0</ele></trkpt>
      <trkpt lat="42.618650" lon="0.919250"><ele>2220.0</ele></trkpt>
      <trkpt lat="42.618260" lon="0.918650"><ele>2228.0</ele></trkpt>
      <trkpt lat="42.618160" lon="0.918150"><ele>2240.0</ele></trkpt>
      <trkpt lat="42.618388" lon="0.917928"><ele>2240.0</ele></trkpt>
      <trkpt lat="42.618826" lon="0.918145"><ele>2240.0</ele></trkpt>
      <trkpt lat="42.619350" lon="0.917688"><ele>2233.0</ele></trkpt>
      <trkpt lat="42.619562" lon="0.917625"><ele>2232.0</ele></trkpt>
      <trkpt lat="42.620102" lon="0.917983"><ele>2224.0</ele></trkpt>
      <trkpt lat="42.620269" lon="0.918252"><ele>2221.0</ele></trkpt>
      <trkpt lat="42.620912" lon="0.918665"><ele>2214.0</ele></trkpt>
      <trkpt lat="42.621475" lon="0.918457"><ele>2208.0</ele></trkpt>
      <trkpt lat="42.621774" lon="0.918019"><ele>2210.0</ele></trkpt>
      <trkpt lat="42.622143" lon="0.918178"><ele>2201.0</ele></trkpt>
      <trkpt lat="42.622441" lon="0.917762"><ele>2201.0</ele></trkpt>
      <trkpt lat="42.622636" lon="0.917845"><ele>2200.0</ele></trkpt>
      <trkpt lat="42.622780" lon="0.917496"><ele>2200.0</ele></trkpt>
      <trkpt lat="42.622906" lon="0.917378"><ele>2200.0</ele></trkpt>
      <trkpt lat="42.623398" lon="0.917344"><ele>2197.0</ele></trkpt>
      <trkpt lat="42.623680" lon="0.917675"><ele>2193.0</ele></trkpt>
      <trkpt lat="42.624219" lon="0.918013"><ele>2184.0</ele></trkpt>
      <trkpt lat="42.624405" lon="0.918037"><ele>2182.0</ele></trkpt>
      <trkpt lat="42.624970" lon="0.918564"><ele>2164.0</ele></trkpt>
      <trkpt lat="42.625468" lon="0.918893"><ele>2151.0</ele></trkpt>
      <trkpt lat="42.625872" lon="0.919519"><ele>2140.0</ele></trkpt>
      <trkpt lat="42.626001" lon="0.919910"><ele>2138.0</ele></trkpt>
      <trkpt lat="42.626441" lon="0.920451"><ele>2126.0</ele></trkpt>
      <trkpt lat="42.626658" lon="0.920887"><ele>2125.0</ele></trkpt>
      <trkpt lat="42.626738" lon="0.921469"><ele>2121.0</ele></trkpt>
      <trkpt lat="42.626522" lon="0.921791"><ele>2119.0</ele></trkpt>
      <trkpt lat="42.626704" lon="0.921941"><ele>2116.0</ele></trkpt>
      <trkpt lat="42.626604" lon="0.921975"><ele>2116.0</ele></trkpt>
      <trkpt lat="42.626468" lon="0.921866"><ele>2119.0</ele></trkpt>
      <trkpt lat="42.626042" lon="0.923442"><ele>2119.0</ele></trkpt>
      <trkpt lat="42.625885" lon="0.923648"><ele>2122.0</ele></trkpt>
      <trkpt lat="42.626223" lon="0.923729"><ele>2117.0</ele></trkpt>
      <trkpt lat="42.626435" lon="0.923628"><ele>2110.0</ele></trkpt>
      <trkpt lat="42.626621" lon="0.923756"><ele>2105.0</ele></trkpt>
      <trkpt lat="42.626693" lon="0.924472"><ele>2098.0</ele></trkpt>
      <trkpt lat="42.626886" lon="0.924638"><ele>2093.0</ele></trkpt>
      <trkpt lat="42.627680" lon="0.924132"><ele>2073.0</ele></trkpt>
      <trkpt lat="42.628008" lon="0.924132"><ele>2066.0</ele></trkpt>
      <trkpt lat="42.628491" lon="0.924342"><ele>2061.0</ele></trkpt>
      <trkpt lat="42.628709" lon="0.924334"><ele>2060.0</ele></trkpt>
      <trkpt lat="42.629000" lon="0.924606"><ele>2060.0</ele></trkpt>
      <trkpt lat="42.629275" lon="0.925175"><ele>2058.0</ele></trkpt>
      <trkpt lat="42.629519" lon="0.925370"><ele>2050.0</ele></trkpt>
      <trkpt lat="42.629921" lon="0.924979"><ele>2042.0</ele></trkpt>
      <trkpt lat="42.630002" lon="0.924795"><ele>2042.0</ele></trkpt>
      <trkpt lat="42.630185" lon="0.924140"><ele>2047.0</ele></trkpt>
      <trkpt lat="42.630256" lon="0.924094"><ele>2045.0</ele></trkpt>
      <trkpt lat="42.630290" lon="0.923797"><ele>2053.0</ele></trkpt>
      <trkpt lat="42.630429" lon="0.923557"><ele>2051.0</ele></trkpt>
      <trkpt lat="42.630434" lon="0.923185"><ele>2046.0</ele></trkpt>
      <trkpt lat="42.630654" lon="0.922953"><ele>2040.0</ele></trkpt>
      <trkpt lat="42.630534" lon="0.922942"><ele>2040.0</ele></trkpt>
      <trkpt lat="42.630614" lon="0.922662"><ele>2038.0</ele></trkpt>
      <trkpt lat="42.630775" lon="0.922594"><ele>2031.0</ele></trkpt>
      <trkpt lat="42.630986" lon="0.922161"><ele>2020.0</ele></trkpt>
      <trkpt lat="42.631434" lon="0.921950"><ele>2003.0</ele></trkpt>
      <trkpt lat="42.631488" lon="0.921716"><ele>1996.0</ele></trkpt>
      <trkpt lat="42.631734" lon="0.921502"><ele>1986.0</ele></trkpt>
      <trkpt lat="42.631666" lon="0.921340"><ele>1983.0</ele></trkpt>
      <trkpt lat="42.631727" lon="0.921211"><ele>1981.0</ele></trkpt>
      <trkpt lat="42.631744" lon="0.920461"><ele>1981.0</ele></trkpt>
      <trkpt lat="42.631615" lon="0.920078"><ele>1988.0</ele></trkpt>
      <trkpt lat="42.631777" lon="0.919265"><ele>1990.0</ele></trkpt>
      <trkpt lat="42.632079" lon="0.918813"><ele>1996.0</ele></trkpt>
      <trkpt lat="42.633149" lon="0.918127"><ele>2015.0</ele></trkpt>
      <trkpt lat="42.633682" lon="0.918024"><ele>2022.0</ele></trkpt>
      <trkpt lat="42.634407" lon="0.918036"><ele>2026.0</ele></trkpt>
      <trkpt lat="42.634842" lon="0.918158"><ele>2025.0</ele></trkpt>
      <trkpt lat="42.635585" lon="0.918121"><ele>2037.0</ele></trkpt>
      <trkpt lat="42.636426" lon="0.918578"><ele>2043.0</ele></trkpt>
      <trkpt lat="42.636698" lon="0.918649"><ele>2049.0</ele></trkpt>
      <trkpt lat="42.637149" lon="0.918593"><ele>2060.0</ele></trkpt>
      <trkpt lat="42.637751" lon="0.918909"><ele>2060.0</ele></trkpt>
      <trkpt lat="42.638249" lon="0.918934"><ele>2070.0</ele></trkpt>
      <trkpt lat="42.638566" lon="0.919160"><ele>2070.0</ele></trkpt>
      <trkpt lat="42.638957" lon="0.918705"><ele>2084.0</ele></trkpt>
      <trkpt lat="42.639702" lon="0.919095"><ele>2084.0</ele></trkpt>
      <trkpt lat="42.640526" lon="0.918997"><ele>2097.0</ele></trkpt>
      <trkpt lat="42.641009" lon="0.919142"><ele>2097.0</ele></trkpt>
      <trkpt lat="42.641455" lon="0.918867"><ele>2108.0</ele></trkpt>
      <trkpt lat="42.641581" lon="0.918977"><ele>2104.0</ele></trkpt>
      <trkpt lat="42.641986" lon="0.919060"><ele>2109.0</ele></trkpt>
      <trkpt lat="42.642174" lon="0.919235"><ele>2106.0</ele></trkpt>
      <trkpt lat="42.642362" lon="0.919243"><ele>2113.0</ele></trkpt>
      <trkpt lat="42.642825" lon="0.919187"><ele>2116.0</ele></trkpt>
      <trkpt lat="42.643419" lon="0.918701"><ele>2127.0</ele></trkpt>
      <trkpt lat="42.644069" lon="0.918830"><ele>2121.0</ele></trkpt>
      <trkpt lat="42.644908" lon="0.918536"><ele>2127.0</ele></trkpt>
      <trkpt lat="42.645365" lon="0.918165"><ele>2133.0</ele></trkpt>
      <trkpt lat="42.645924" lon="0.918099"><ele>2134.0</ele></trkpt>
      <trkpt lat="42.646374" lon="0.918355"><ele>2128.0</ele></trkpt>
      <trkpt lat="42.647013" lon="0.917986"><ele>2139.0</ele></trkpt>
      <trkpt lat="42.647394" lon="0.917603"><ele>2140.0</ele></trkpt>
      <trkpt lat="42.648225" lon="0.917839"><ele>2133.0</ele></trkpt>
      <trkpt lat="42.649050" lon="0.918299"><ele>2132.0</ele></trkpt>
      <trkpt lat="42.649398" lon="0.918311"><ele>2131.0</ele></trkpt>
      <trkpt lat="42.650683" lon="0.917693"><ele>2125.0</ele></trkpt>
      <trkpt lat="42.651186" lon="0.917693"><ele>2121.0</ele></trkpt>
      <trkpt lat="42.651571" lon="0.917470"><ele>2121.0</ele></trkpt>
      <trkpt lat="42.652534" lon="0.917240"><ele>2111.0</ele></trkpt>
      <trkpt lat="42.653260" lon="0.916788"><ele>2108.0</ele></trkpt>
      <trkpt lat="42.653368" lon="0.916530"><ele>2110.0</ele></trkpt>
      <trkpt lat="42.654109" lon="0.915587"><ele>2103.0</ele></trkpt>
      <trkpt lat="42.654539" lon="0.914337"><ele>2098.0</ele></trkpt>
      <trkpt lat="42.654441" lon="0.913270"><ele>2087.0</ele></trkpt>
      <trkpt lat="42.654852" lon="0.912620"><ele>2076.0</ele></trkpt>
      <trkpt lat="42.654903" lon="0.912294"><ele>2079.0</ele></trkpt>
      <trkpt lat="42.654768" lon="0.910817"><ele>2078.0</ele></trkpt>
      <trkpt lat="42.654789" lon="0.910065"><ele>2072.0</ele></trkpt>
      <trkpt lat="42.655163" lon="0.909126"><ele>2065.0</ele></trkpt>
      <trkpt lat="42.655329" lon="0.908239"><ele>2065.0</ele></trkpt>
      <trkpt lat="42.655745" lon="0.907851"><ele>2055.0</ele></trkpt>
      <trkpt lat="42.656128" lon="0.907941"><ele>2047.0</ele></trkpt>
      <trkpt lat="42.656496" lon="0.907708"><ele>2048.0</ele></trkpt>
      <trkpt lat="42.656741" lon="0.906870"><ele>2049.0</ele></trkpt>
      <trkpt lat="42.657161" lon="0.906376"><ele>2040.0</ele></trkpt>
      <trkpt lat="42.657148" lon="0.906177"><ele>2041.0</ele></trkpt>
      <trkpt lat="42.656875" lon="0.905874"><ele>2042.0</ele></trkpt>
      <trkpt lat="42.656927" lon="0.905700"><ele>2039.0</ele></trkpt>
      <trkpt lat="42.657140" lon="0.905695"><ele>2037.0</ele></trkpt>
      <trkpt lat="42.657964" lon="0.905235"><ele>2022.0</ele></trkpt>
      <trkpt lat="42.658925" lon="0.904988"><ele>2015.0</ele></trkpt>
      <trkpt lat="42.659406" lon="0.904505"><ele>2008.0</ele></trkpt>
      <trkpt lat="42.659598" lon="0.904152"><ele>2003.0</ele></trkpt>
      <trkpt lat="42.659641" lon="0.903852"><ele>2000.0</ele></trkpt>
      <trkpt lat="42.659482" lon="0.903624"><ele>2000.0</ele></trkpt>
      <trkpt lat="42.659210" lon="0.903592"><ele>2000.0</ele></trkpt>
      <trkpt lat="42.659136" lon="0.903214"><ele>2000.0</ele></trkpt>
      <trkpt lat="42.659689" lon="0.902491"><ele>1990.0</ele></trkpt>
      <trkpt lat="42.660240" lon="0.901122"><ele>1979.0</ele></trkpt>
      <trkpt lat="42.660470" lon="0.901080"><ele>1978.0</ele></trkpt>
      <trkpt lat="42.661172" lon="0.900228"><ele>1974.0</ele></trkpt>
      <trkpt lat="42.661963" lon="0.899955"><ele>1977.0</ele></trkpt>
      <trkpt lat="42.662818" lon="0.899457"><ele>1979.0</ele></trkpt>
      <trkpt lat="42.662828" lon="0.899257"><ele>1978.0</ele></trkpt>
      <trkpt lat="42.662672" lon="0.898760"><ele>1974.0</ele></trkpt>
      <trkpt lat="42.662617" lon="0.898017"><ele>1972.0</ele></trkpt>
      <trkpt lat="42.662873" lon="0.896588"><ele>1970.0</ele></trkpt>
      <trkpt lat="42.662780" lon="0.895245"><ele>1969.0</ele></trkpt>
      <trkpt lat="42.662942" lon="0.894425"><ele>1970.0</ele></trkpt>
      <trkpt lat="42.663213" lon="0.893693"><ele>1971.0</ele></trkpt>
      <trkpt lat="42.663088" lon="0.892925"><ele>1968.0</ele></trkpt>
      <trkpt lat="42.663118" lon="0.892648"><ele>1969.0</ele></trkpt>
      <trkpt lat="42.663540" lon="0.891748"><ele>1973.0</ele></trkpt>
      <trkpt lat="42.663277" lon="0.890112"><ele>1968.0</ele></trkpt>
      <trkpt lat="42.663625" lon="0.888762"><ele>1972.0</ele></trkpt>
      <trkpt lat="42.663718" lon="0.888070"><ele>1967.0</ele></trkpt>
      <trkpt lat="42.663847" lon="0.887828"><ele>1969.0</ele></trkpt>
      <trkpt lat="42.664472" lon="0.887278"><ele>1976.0</ele></trkpt>
      <trkpt lat="42.665322" lon="0.887085"><ele>1979.0</ele></trkpt>
      <trkpt lat="42.665350" lon="0.886967"><ele>1977.0</ele></trkpt>
      <trkpt lat="42.665233" lon="0.886507"><ele>1966.0</ele></trkpt>
      <trkpt lat="42.665360" lon="0.885943"><ele>1968.0</ele></trkpt>
      <trkpt lat="42.665792" lon="0.885292"><ele>1973.0</ele></trkpt>
      <trkpt lat="42.666288" lon="0.885053"><ele>1976.0</ele></trkpt>
      <trkpt lat="42.666640" lon="0.884725"><ele>1972.0</ele></trkpt>
      <trkpt lat="42.667138" lon="0.884622"><ele>1979.0</ele></trkpt>
      <trkpt lat="42.667473" lon="0.884413"><ele>1975.0</ele></trkpt>
      <trkpt lat="42.667713" lon="0.884540"><ele>1980.0</ele></trkpt>
      <trkpt lat="42.668255" lon="0.884477"><ele>1976.0</ele></trkpt>
      <trkpt lat="42.668605" lon="0.884802"><ele>1979.0</ele></trkpt>
      <trkpt lat="42.669057" lon="0.884915"><ele>1976.0</ele></trkpt>
      <trkpt lat="42.669773" lon="0.885505"><ele>1985.0</ele></trkpt>
      <trkpt lat="42.670643" lon="0.885532"><ele>1983.0</ele></trkpt>
      <trkpt lat="42.671008" lon="0.885298"><ele>1973.0</ele></trkpt>
      <trkpt lat="42.671352" lon="0.885302"><ele>1979.0</ele></trkpt>
      <trkpt lat="42.671625" lon="0.885518"><ele>1985.0</ele></trkpt>
      <trkpt lat="42.672712" lon="0.885888"><ele>1982.0</ele></trkpt>
      <trkpt lat="42.672965" lon="0.886102"><ele>1990.0</ele></trkpt>
      <trkpt lat="42.673332" lon="0.886237"><ele>1986.0</ele></trkpt>
      <trkpt lat="42.673888" lon="0.886295"><ele>1985.0</ele></trkpt>
      <trkpt lat="42.674513" lon="0.886220"><ele>1983.0</ele></trkpt>
      <trkpt lat="42.674722" lon="0.886308"><ele>1983.0</ele></trkpt>
      <trkpt lat="42.674925" lon="0.886582"><ele>1987.0</ele></trkpt>
      <trkpt lat="42.675613" lon="0.886890"><ele>1982.0</ele></trkpt>
      <trkpt lat="42.676152" lon="0.886868"><ele>1976.0</ele></trkpt>
      <trkpt lat="42.676903" lon="0.887660"><ele>1985.0</ele></trkpt>
      <trkpt lat="42.678133" lon="0.887445"><ele>1978.0</ele></trkpt>
      <trkpt lat="42.678383" lon="0.887563"><ele>1985.0</ele></trkpt>
      <trkpt lat="42.678613" lon="0.887550"><ele>1985.0</ele></trkpt>
      <trkpt lat="42.678818" lon="0.887413"><ele>1975.0</ele></trkpt>
      <trkpt lat="42.679155" lon="0.887757"><ele>1989.0</ele></trkpt>
      <trkpt lat="42.679875" lon="0.887056"><ele>1981.0</ele></trkpt>
      <trkpt lat="42.680248" lon="0.886970"><ele>1977.0</ele></trkpt>
      <trkpt lat="42.680418" lon="0.887100"><ele>1986.0</ele></trkpt>
      <trkpt lat="42.680947" lon="0.887242"><ele>1979.0</ele></trkpt>
      <trkpt lat="42.681060" lon="0.887393"><ele>1983.0</ele></trkpt>
      <trkpt lat="42.681412" lon="0.887572"><ele>1986.0</ele></trkpt>
      <trkpt lat="42.682292" lon="0.887775"><ele>1983.0</ele></trkpt>
      <trkpt lat="42.683338" lon="0.887342"><ele>1977.0</ele></trkpt>
      <trkpt lat="42.683758" lon="0.887315"><ele>1983.0</ele></trkpt>
      <trkpt lat="42.684197" lon="0.886973"><ele>1977.0</ele></trkpt>
      <trkpt lat="42.684458" lon="0.886965"><ele>1980.0</ele></trkpt>
      <trkpt lat="42.684948" lon="0.887942"><ele>1988.0</ele></trkpt>
      <trkpt lat="42.685667" lon="0.888512"><ele>1981.0</ele></trkpt>
      <trkpt lat="42.685745" lon="0.888858"><ele>1984.0</ele></trkpt>
      <trkpt lat="42.685635" lon="0.888953"><ele>1989.0</ele></trkpt>
      <trkpt lat="42.685263" lon="0.890017"><ele>1976.0</ele></trkpt>
      <trkpt lat="42.684447" lon="0.891112"><ele>1980.0</ele></trkpt>
      <trkpt lat="42.684597" lon="0.891870"><ele>1976.0</ele></trkpt>
      <trkpt lat="42.684868" lon="0.891912"><ele>1972.0</ele></trkpt>
      <trkpt lat="42.685108" lon="0.891700"><ele>1963.0</ele></trkpt>
      <trkpt lat="42.685518" lon="0.891680"><ele>1954.0</ele></trkpt>
      <trkpt lat="42.685752" lon="0.891538"><ele>1943.0</ele></trkpt>
      <trkpt lat="42.685927" lon="0.891730"><ele>1939.0</ele></trkpt>
      <trkpt lat="42.686147" lon="0.891797"><ele>1933.0</ele></trkpt>
      <trkpt lat="42.686412" lon="0.891453"><ele>1917.0</ele></trkpt>
      <trkpt lat="42.686525" lon="0.891498"><ele>1915.0</ele></trkpt>
      <trkpt lat="42.686765" lon="0.891297"><ele>1903.0</ele></trkpt>
      <trkpt lat="42.687897" lon="0.891275"><ele>1887.0</ele></trkpt>
      <trkpt lat="42.688152" lon="0.891148"><ele>1875.0</ele></trkpt>
      <trkpt lat="42.688482" lon="0.891778"><ele>1877.0</ele></trkpt>
      <trkpt lat="42.688822" lon="0.892085"><ele>1869.0</ele></trkpt>
      <trkpt lat="42.689615" lon="0.892223"><ele>1856.0</ele></trkpt>
      <trkpt lat="42.690900" lon="0.892877"><ele>1839.0</ele></trkpt>
      <trkpt lat="42.691377" lon="0.893235"><ele>1830.0</ele></trkpt>
      <trkpt lat="42.691888" lon="0.893162"><ele>1821.0</ele></trkpt>
      <trkpt lat="42.692405" lon="0.893240"><ele>1812.0</ele></trkpt>
      <trkpt lat="42.693532" lon="0.894167"><ele>1772.0</ele></trkpt>
      <trkpt lat="42.693629" lon="0.894444"><ele>1771.0</ele></trkpt>
      <trkpt lat="42.693809" lon="0.896523"><ele>1758.0</ele></trkpt>
      <trkpt lat="42.693881" lon="0.896688"><ele>1755.0</ele></trkpt>
      <trkpt lat="42.694044" lon="0.896767"><ele>1751.0</ele></trkpt>
      <trkpt lat="42.694172" lon="0.897521"><ele>1747.0</ele></trkpt>
      <trkpt lat="42.694298" lon="0.899061"><ele>1746.0</ele></trkpt>
      <trkpt lat="42.694695" lon="0.899944"><ele>1742.0</ele></trkpt>
      <trkpt lat="42.694983" lon="0.901072"><ele>1739.0</ele></trkpt>
      <trkpt lat="42.695187" lon="0.900986"><ele>1735.0</ele></trkpt>
      <trkpt lat="42.695145" lon="0.900948"><ele>1735.0</ele></trkpt>
      <trkpt lat="42.695608" lon="0.900225"><ele>1719.0</ele></trkpt>
      <trkpt lat="42.695693" lon="0.899569"><ele>1711.0</ele></trkpt>
      <trkpt lat="42.695817" lon="0.899370"><ele>1705.0</ele></trkpt>
      <trkpt lat="42.695689" lon="0.899095"><ele>1702.0</ele></trkpt>
      <trkpt lat="42.696259" lon="0.898319"><ele>1680.0</ele></trkpt>
      <trkpt lat="42.696364" lon="0.898050"><ele>1674.0</ele></trkpt>
      <trkpt lat="42.696608" lon="0.898110"><ele>1669.0</ele></trkpt>
      <trkpt lat="42.696715" lon="0.897925"><ele>1665.0</ele></trkpt>
      <trkpt lat="42.696907" lon="0.897131"><ele>1654.0</ele></trkpt>
      <trkpt lat="42.696894" lon="0.896794"><ele>1645.0</ele></trkpt>
      <trkpt lat="42.696783" lon="0.896586"><ele>1640.0</ele></trkpt>
      <trkpt lat="42.696950" lon="0.896280"><ele>1631.0</ele></trkpt>
      <trkpt lat="42.696792" lon="0.896360"><ele>1636.0</ele></trkpt>
      <trkpt lat="42.696962" lon="0.895714"><ele>1618.0</ele></trkpt>
      <trkpt lat="42.697227" lon="0.895254"><ele>1599.0</ele></trkpt>
      <trkpt lat="42.697293" lon="0.895218"><ele>1596.0</ele></trkpt>
      <trkpt lat="42.697747" lon="0.895625"><ele>1589.0</ele></trkpt>
      <trkpt lat="42.697745" lon="0.895745"><ele>1590.0</ele></trkpt>
      <trkpt lat="42.698061" lon="0.896301"><ele>1576.0</ele></trkpt>
      <trkpt lat="42.698047" lon="0.896565"><ele>1579.0</ele></trkpt>
      <trkpt lat="42.698459" lon="0.897152"><ele>1557.0</ele></trkpt>
      <trkpt lat="42.698395" lon="0.897288"><ele>1562.0</ele></trkpt>
      <trkpt lat="42.698539" lon="0.898012"><ele>1553.0</ele></trkpt>
      <trkpt lat="42.698535" lon="0.899137"><ele>1559.0</ele></trkpt>
      <trkpt lat="42.698873" lon="0.899031"><ele>1548.0</ele></trkpt>
      <trkpt lat="42.698782" lon="0.898914"><ele>1547.0</ele></trkpt>
      <trkpt lat="42.698905" lon="0.898704"><ele>1539.0</ele></trkpt>
      <trkpt lat="42.698760" lon="0.898460"><ele>1539.0</ele></trkpt>
      <trkpt lat="42.698876" lon="0.898118"><ele>1532.0</ele></trkpt>
      <trkpt lat="42.699204" lon="0.897692"><ele>1513.0</ele></trkpt>
      <trkpt lat="42.699430" lon="0.897654"><ele>1501.0</ele></trkpt>
      <trkpt lat="42.699602" lon="0.897403"><ele>1491.0</ele></trkpt>
      <trkpt lat="42.699561" lon="0.896887"><ele>1488.0</ele></trkpt>
      <trkpt lat="42.699365" lon="0.896318"><ele>1492.0</ele></trkpt>
      <trkpt lat="42.699549" lon="0.894537"><ele>1453.0</ele></trkpt>
      <trkpt lat="42.700210" lon="0.895426"><ele>1424.0</ele></trkpt>
      <trkpt lat="42.700832" lon="0.896548"><ele>1394.0</ele></trkpt>
      <trkpt lat="42.700959" lon="0.896552"><ele>1386.0</ele></trkpt>
      <trkpt lat="42.701189" lon="0.897097"><ele>1371.0</ele></trkpt>
      <trkpt lat="42.701211" lon="0.896515"><ele>1370.0</ele></trkpt>
      <trkpt lat="42.700978" lon="0.895570"><ele>1377.0</ele></trkpt>
      <trkpt lat="42.701001" lon="0.895324"><ele>1374.0</ele></trkpt>
      <trkpt lat="42.700703" lon="0.894806"><ele>1387.0</ele></trkpt>
      <trkpt lat="42.700710" lon="0.894002"><ele>1378.0</ele></trkpt>
      <trkpt lat="42.700576" lon="0.893225"><ele>1376.0</ele></trkpt>
      <trkpt lat="42.700579" lon="0.892654"><ele>1365.0</ele></trkpt>
      <trkpt lat="42.700379" lon="0.892489"><ele>1366.0</ele></trkpt>
      <trkpt lat="42.700276" lon="0.892263"><ele>1368.0</ele></trkpt>
      <trkpt lat="42.700576" lon="0.891766"><ele>1351.0</ele></trkpt>
      <trkpt lat="42.700497" lon="0.891361"><ele>1351.0</ele></trkpt>
      <trkpt lat="42.700739" lon="0.890426"><ele>1333.0</ele></trkpt>
      <trkpt lat="42.700660" lon="0.890123"><ele>1332.0</ele></trkpt>
      <trkpt lat="42.700770" lon="0.889961"><ele>1324.0</ele></trkpt>
      <trkpt lat="42.701271" lon="0.890982"><ele>1311.0</ele></trkpt>
      <trkpt lat="42.701348" lon="0.890995"><ele>1308.0</ele></trkpt>
      <trkpt lat="42.701333" lon="0.890830"><ele>1306.0</ele></trkpt>
      <trkpt lat="42.701464" lon="0.890660"><ele>1299.0</ele></trkpt>
      <trkpt lat="42.701797" lon="0.890799"><ele>1288.0</ele></trkpt>
      <trkpt lat="42.701540" lon="0.889978"><ele>1288.0</ele></trkpt>
      <trkpt lat="42.701462" lon="0.889078"><ele>1279.0</ele></trkpt>
      <trkpt lat="42.701315" lon="0.888725"><ele>1282.0</ele></trkpt>
      <trkpt lat="42.701410" lon="0.888264"><ele>1271.0</ele></trkpt>
      <trkpt lat="42.701918" lon="0.888750"><ele>1258.0</ele></trkpt>
      <trkpt lat="42.702498" lon="0.889144"><ele>1241.0</ele></trkpt>
      <trkpt lat="42.702801" lon="0.889149"><ele>1232.0</ele></trkpt>
      <trkpt lat="42.703574" lon="0.889597"><ele>1215.0</ele></trkpt>
      <trkpt lat="42.702870" lon="0.888295"><ele>1220.0</ele></trkpt>
      <trkpt lat="42.702445" lon="0.886981"><ele>1214.0</ele></trkpt>
      <trkpt lat="42.702449" lon="0.886635"><ele>1209.0</ele></trkpt>
      <trkpt lat="42.702163" lon="0.885791"><ele>1215.0</ele></trkpt>
      <trkpt lat="42.702240" lon="0.884980"><ele>1208.0</ele></trkpt>
      <trkpt lat="42.702715" lon="0.883288"><ele>1197.0</ele></trkpt>
      <trkpt lat="42.702767" lon="0.882523"><ele>1192.0</ele></trkpt>
      <trkpt lat="42.702729" lon="0.881934"><ele>1188.0</ele></trkpt>
      <trkpt lat="42.702089" lon="0.880825"><ele>1187.0</ele></trkpt>
      <trkpt lat="42.701933" lon="0.880319"><ele>1184.0</ele></trkpt>
      <trkpt lat="42.701781" lon="0.880179"><ele>1186.0</ele></trkpt>
      <trkpt lat="42.701608" lon="0.879820"><ele>1186.0</ele></trkpt>
      <trkpt lat="42.701562" lon="0.878723"><ele>1176.0</ele></trkpt>
      <trkpt lat="42.701755" lon="0.878143"><ele>1169.0</ele></trkpt>
      <trkpt lat="42.702019" lon="0.877792"><ele>1162.0</ele></trkpt>
      <trkpt lat="42.702067" lon="0.877603"><ele>1159.0</ele></trkpt>
      <trkpt lat="42.701800" lon="0.877049"><ele>1160.0</ele></trkpt>
      <trkpt lat="42.700540" lon="0.875546"><ele>1160.0</ele></trkpt>
      <trkpt lat="42.700402" lon="0.875218"><ele>1156.0</ele></trkpt>
      <trkpt lat="42.700240" lon="0.873959"><ele>1146.0</ele></trkpt>
      <trkpt lat="42.699521" lon="0.872311"><ele>1140.0</ele></trkpt>
      <trkpt lat="42.699147" lon="0.871747"><ele>1139.0</ele></trkpt>
      <trkpt lat="42.698644" lon="0.871647"><ele>1140.0</ele></trkpt>
      <trkpt lat="42.698478" lon="0.871162"><ele>1140.0</ele></trkpt>
      <trkpt lat="42.698182" lon="0.870774"><ele>1141.0</ele></trkpt>
      <trkpt lat="42.698010" lon="0.870341"><ele>1144.0</ele></trkpt>
      <trkpt lat="42.698137" lon="0.869911"><ele>1144.0</ele></trkpt>
      <trkpt lat="42.698141" lon="0.869610"><ele>1143.0</ele></trkpt>
      <trkpt lat="42.697943" lon="0.868668"><ele>1146.0</ele></trkpt>
      <trkpt lat="42.697959" lon="0.868195"><ele>1146.0</ele></trkpt>
      <trkpt lat="42.698256" lon="0.866754"><ele>1140.0</ele></trkpt>
      <trkpt lat="42.698350" lon="0.864556"><ele>1145.0</ele></trkpt>
      <trkpt lat="42.698954" lon="0.860939"><ele>1125.0</ele></trkpt>
      <trkpt lat="42.698527" lon="0.859674"><ele>1134.0</ele></trkpt>
      <trkpt lat="42.698627" lon="0.859263"><ele>1127.0</ele></trkpt>
      <trkpt lat="42.698641" lon="0.858571"><ele>1126.0</ele></trkpt>
      <trkpt lat="42.698744" lon="0.858030"><ele>1122.0</ele></trkpt>
      <trkpt lat="42.698708" lon="0.857587"><ele>1123.0</ele></trkpt>
      <trkpt lat="42.699016" lon="0.856590"><ele>1120.0</ele></trkpt>
      <trkpt lat="42.698576" lon="0.855232"><ele>1119.0</ele></trkpt>
      <trkpt lat="42.698439" lon="0.854050"><ele>1119.0</ele></trkpt>
      <trkpt lat="42.698511" lon="0.853598"><ele>1119.0</ele></trkpt>
      <trkpt lat="42.698480" lon="0.853297"><ele>1120.0</ele></trkpt>
      <trkpt lat="42.698223" lon="0.852669"><ele>1120.0</ele></trkpt>
      <trkpt lat="42.698342" lon="0.850845"><ele>1120.0</ele></trkpt>
      <trkpt lat="42.698517" lon="0.850239"><ele>1114.0</ele></trkpt>
      <trkpt lat="42.698319" lon="0.850316"><ele>1121.0</ele></trkpt>
      <trkpt lat="42.698268" lon="0.850209"><ele>1124.0</ele></trkpt>
      <trkpt lat="42.697966" lon="0.848446"><ele>1141.0</ele></trkpt>
      <trkpt lat="42.697845" lon="0.848050"><ele>1144.0</ele></trkpt>
      <trkpt lat="42.697708" lon="0.847858"><ele>1151.0</ele></trkpt>
      <trkpt lat="42.697470" lon="0.846823"><ele>1160.0</ele></trkpt>
      <trkpt lat="42.697067" lon="0.845638"><ele>1172.0</ele></trkpt>
      <trkpt lat="42.696629" lon="0.845070"><ele>1178.0</ele></trkpt>
      <trkpt lat="42.696471" lon="0.844654"><ele>1178.0</ele></trkpt>
      <trkpt lat="42.695459" lon="0.843302"><ele>1204.0</ele></trkpt>
      <trkpt lat="42.694152" lon="0.842467"><ele>1243.0</ele></trkpt>
      <trkpt lat="42.693960" lon="0.842422"><ele>1252.0</ele></trkpt>
      <trkpt lat="42.693814" lon="0.842687"><ele>1270.0</ele></trkpt>
      <trkpt lat="42.693713" lon="0.842664"><ele>1275.0</ele></trkpt>
      <trkpt lat="42.693506" lon="0.842366"><ele>1279.0</ele></trkpt>
      <trkpt lat="42.693334" lon="0.842271"><ele>1287.0</ele></trkpt>
      <trkpt lat="42.693118" lon="0.841861"><ele>1295.0</ele></trkpt>
      <trkpt lat="42.693041" lon="0.841929"><ele>1300.0</ele></trkpt>
      <trkpt lat="42.692864" lon="0.841825"><ele>1308.0</ele></trkpt>
      <trkpt lat="42.692744" lon="0.841485"><ele>1312.0</ele></trkpt>
      <trkpt lat="42.692364" lon="0.841507"><ele>1329.0</ele></trkpt>
      <trkpt lat="42.692027" lon="0.841275"><ele>1338.0</ele></trkpt>
      <trkpt lat="42.691128" lon="0.840245"><ele>1361.0</ele></trkpt>
      <trkpt lat="42.690435" lon="0.840092"><ele>1390.0</ele></trkpt>
      <trkpt lat="42.690523" lon="0.840162"><ele>1387.0</ele></trkpt>
      <trkpt lat="42.690589" lon="0.840420"><ele>1393.0</ele></trkpt>
      <trkpt lat="42.690240" lon="0.840581"><ele>1416.0</ele></trkpt>
      <trkpt lat="42.689888" lon="0.840365"><ele>1430.0</ele></trkpt>
      <trkpt lat="42.689678" lon="0.840097"><ele>1436.0</ele></trkpt>
      <trkpt lat="42.689597" lon="0.840156"><ele>1443.0</ele></trkpt>
      <trkpt lat="42.689467" lon="0.839968"><ele>1448.0</ele></trkpt>
      <trkpt lat="42.689209" lon="0.840039"><ele>1465.0</ele></trkpt>
      <trkpt lat="42.688980" lon="0.839844"><ele>1472.0</ele></trkpt>
      <trkpt lat="42.688927" lon="0.840050"><ele>1481.0</ele></trkpt>
      <trkpt lat="42.688574" lon="0.840028"><ele>1498.0</ele></trkpt>
      <trkpt lat="42.688336" lon="0.839822"><ele>1507.0</ele></trkpt>
      <trkpt lat="42.688305" lon="0.839446"><ele>1512.0</ele></trkpt>
      <trkpt lat="42.688050" lon="0.839528"><ele>1526.0</ele></trkpt>
      <trkpt lat="42.688019" lon="0.839299"><ele>1531.0</ele></trkpt>
      <trkpt lat="42.687718" lon="0.839258"><ele>1548.0</ele></trkpt>
      <trkpt lat="42.687703" lon="0.839138"><ele>1550.0</ele></trkpt>
      <trkpt lat="42.687612" lon="0.839099"><ele>1555.0</ele></trkpt>
      <trkpt lat="42.687520" lon="0.839095"><ele>1559.0</ele></trkpt>
      <trkpt lat="42.687289" lon="0.839335"><ele>1573.0</ele></trkpt>
      <trkpt lat="42.687183" lon="0.839142"><ele>1578.0</ele></trkpt>
      <trkpt lat="42.686868" lon="0.839101"><ele>1596.0</ele></trkpt>
      <trkpt lat="42.686438" lon="0.838560"><ele>1615.0</ele></trkpt>
      <trkpt lat="42.686229" lon="0.838488"><ele>1623.0</ele></trkpt>
      <trkpt lat="42.685628" lon="0.838695"><ele>1648.0</ele></trkpt>
      <trkpt lat="42.685062" lon="0.838573"><ele>1656.0</ele></trkpt>
      <trkpt lat="42.684279" lon="0.838956"><ele>1669.0</ele></trkpt>
      <trkpt lat="42.684006" lon="0.839012"><ele>1670.0</ele></trkpt>
      <trkpt lat="42.684025" lon="0.838904"><ele>1668.0</ele></trkpt>
      <trkpt lat="42.683367" lon="0.839178"><ele>1671.0</ele></trkpt>
      <trkpt lat="42.682677" lon="0.839319"><ele>1670.0</ele></trkpt>
      <trkpt lat="42.682183" lon="0.839096"><ele>1666.0</ele></trkpt>
      <trkpt lat="42.681571" lon="0.839481"><ele>1672.0</ele></trkpt>
      <trkpt lat="42.680513" lon="0.839777"><ele>1685.0</ele></trkpt>
      <trkpt lat="42.680135" lon="0.839496"><ele>1685.0</ele></trkpt>
      <trkpt lat="42.679504" lon="0.839244"><ele>1685.0</ele></trkpt>
      <trkpt lat="42.679386" lon="0.839000"><ele>1685.0</ele></trkpt>
      <trkpt lat="42.679398" lon="0.838824"><ele>1685.0</ele></trkpt>
      <trkpt lat="42.679004" lon="0.838573"><ele>1694.0</ele></trkpt>
      <trkpt lat="42.677426" lon="0.838919"><ele>1700.0</ele></trkpt>
      <trkpt lat="42.675923" lon="0.838924"><ele>1720.0</ele></trkpt>
      <trkpt lat="42.675377" lon="0.839078"><ele>1720.0</ele></trkpt>
      <trkpt lat="42.675217" lon="0.839001"><ele>1720.0</ele></trkpt>
      <trkpt lat="42.675103" lon="0.838816"><ele>1720.0</ele></trkpt>
      <trkpt lat="42.674231" lon="0.838504"><ele>1733.0</ele></trkpt>
      <trkpt lat="42.673826" lon="0.837951"><ele>1740.0</ele></trkpt>
      <trkpt lat="42.673448" lon="0.837591"><ele>1740.0</ele></trkpt>
      <trkpt lat="42.672054" lon="0.836762"><ele>1760.0</ele></trkpt>
      <trkpt lat="42.671806" lon="0.836442"><ele>1760.0</ele></trkpt>
      <trkpt lat="42.671367" lon="0.836185"><ele>1768.0</ele></trkpt>
      <trkpt lat="42.671223" lon="0.835951"><ele>1775.0</ele></trkpt>
      <trkpt lat="42.670335" lon="0.835635"><ele>1780.0</ele></trkpt>
      <trkpt lat="42.670271" lon="0.835441"><ele>1780.0</ele></trkpt>
      <trkpt lat="42.670357" lon="0.835185"><ele>1784.0</ele></trkpt>
      <trkpt lat="42.670274" lon="0.834996"><ele>1787.0</ele></trkpt>
      <trkpt lat="42.669570" lon="0.834390"><ele>1796.0</ele></trkpt>
      <trkpt lat="42.669189" lon="0.833928"><ele>1801.0</ele></trkpt>
      <trkpt lat="42.668955" lon="0.833995"><ele>1800.0</ele></trkpt>
      <trkpt lat="42.668332" lon="0.833678"><ele>1815.0</ele></trkpt>
      <trkpt lat="42.668121" lon="0.833451"><ele>1823.0</ele></trkpt>
      <trkpt lat="42.668084" lon="0.832679"><ele>1840.0</ele></trkpt>
      <trkpt lat="42.667852" lon="0.831916"><ele>1852.0</ele></trkpt>
      <trkpt lat="42.667791" lon="0.831344"><ele>1861.0</ele></trkpt>
      <trkpt lat="42.668091" lon="0.830706"><ele>1875.0</ele></trkpt>
      <trkpt lat="42.667923" lon="0.830338"><ele>1878.0</ele></trkpt>
      <trkpt lat="42.668321" lon="0.829339"><ele>1914.0</ele></trkpt>
      <trkpt lat="42.668373" lon="0.829404"><ele>1913.0</ele></trkpt>
      <trkpt lat="42.668813" lon="0.829222"><ele>1932.0</ele></trkpt>
      <trkpt lat="42.669137" lon="0.829251"><ele>1943.0</ele></trkpt>
      <trkpt lat="42.670681" lon="0.830121"><ele>2003.0</ele></trkpt>
      <trkpt lat="42.671142" lon="0.830140"><ele>2017.0</ele></trkpt>
      <trkpt lat="42.671327" lon="0.829995"><ele>2026.0</ele></trkpt>
      <trkpt lat="42.671538" lon="0.829329"><ele>2047.0</ele></trkpt>
      <trkpt lat="42.671540" lon="0.827960"><ele>2080.0</ele></trkpt>
      <trkpt lat="42.671192" lon="0.826727"><ele>2108.0</ele></trkpt>
      <trkpt lat="42.670808" lon="0.825739"><ele>2129.0</ele></trkpt>
      <trkpt lat="42.670850" lon="0.825132"><ele>2141.0</ele></trkpt>
      <trkpt lat="42.671182" lon="0.825348"><ele>2142.0</ele></trkpt>
      <trkpt lat="42.671480" lon="0.825203"><ele>2152.0</ele></trkpt>
      <trkpt lat="42.671423" lon="0.824767"><ele>2161.0</ele></trkpt>
      <trkpt lat="42.671487" lon="0.824720"><ele>2165.0</ele></trkpt>
      <trkpt lat="42.671470" lon="0.824568"><ele>2170.0</ele></trkpt>
      <trkpt lat="42.671237" lon="0.823938"><ele>2189.0</ele></trkpt>
      <trkpt lat="42.671268" lon="0.823633"><ele>2200.0</ele></trkpt>
      <trkpt lat="42.671020" lon="0.823342"><ele>2201.0</ele></trkpt>
      <trkpt lat="42.671002" lon="0.823123"><ele>2204.0</ele></trkpt>
      <trkpt lat="42.670688" lon="0.822423"><ele>2214.0</ele></trkpt>
      <trkpt lat="42.670737" lon="0.822277"><ele>2221.0</ele></trkpt>
      <trkpt lat="42.670638" lon="0.822053"><ele>2216.0</ele></trkpt>
      <trkpt lat="42.670422" lon="0.822380"><ele>2208.0</ele></trkpt>
      <trkpt lat="42.669708" lon="0.822540"><ele>2188.0</ele></trkpt>
      <trkpt lat="42.668858" lon="0.822432"><ele>2162.0</ele></trkpt>
      <trkpt lat="42.668792" lon="0.822557"><ele>2156.0</ele></trkpt>
      <trkpt lat="42.668080" lon="0.822532"><ele>2139.0</ele></trkpt>
      <trkpt lat="42.667980" lon="0.822260"><ele>2140.0</ele></trkpt>
      <trkpt lat="42.667600" lon="0.821870"><ele>2138.0</ele></trkpt>
      <trkpt lat="42.667570" lon="0.820320"><ele>2097.0</ele></trkpt>
      <trkpt lat="42.667500" lon="0.819880"><ele>2090.0</ele></trkpt>
      <trkpt lat="42.667520" lon="0.819760"><ele>2086.0</ele></trkpt>
      <trkpt lat="42.667690" lon="0.819740"><ele>2077.0</ele></trkpt>
      <trkpt lat="42.667840" lon="0.819950"><ele>2076.0</ele></trkpt>
      <trkpt lat="42.668100" lon="0.819680"><ele>2064.0</ele></trkpt>
      <trkpt lat="42.668190" lon="0.819150"><ele>2050.0</ele></trkpt>
      <trkpt lat="42.668850" lon="0.817920"><ele>2017.0</ele></trkpt>
      <trkpt lat="42.669640" lon="0.816890"><ele>1985.0</ele></trkpt>
      <trkpt lat="42.669940" lon="0.816340"><ele>1972.0</ele></trkpt>
      <trkpt lat="42.670305" lon="0.815947"><ele>1964.0</ele></trkpt>
      <trkpt lat="42.670456" lon="0.815499"><ele>1953.0</ele></trkpt>
      <trkpt lat="42.670683" lon="0.815132"><ele>1945.0</ele></trkpt>
      <trkpt lat="42.670821" lon="0.814982"><ele>1941.0</ele></trkpt>
      <trkpt lat="42.671099" lon="0.814924"><ele>1939.0</ele></trkpt>
      <trkpt lat="42.671181" lon="0.814723"><ele>1934.0</ele></trkpt>
      <trkpt lat="42.671460" lon="0.814615"><ele>1931.0</ele></trkpt>
      <trkpt lat="42.671428" lon="0.814500"><ele>1928.0</ele></trkpt>
      <trkpt lat="42.671890" lon="0.814440"><ele>1924.0</ele></trkpt>
      <trkpt lat="42.672540" lon="0.813710"><ele>1905.0</ele></trkpt>
      <trkpt lat="42.672780" lon="0.813560"><ele>1903.0</ele></trkpt>
      <trkpt lat="42.675880" lon="0.812800"><ele>1867.0</ele></trkpt>
      <trkpt lat="42.677680" lon="0.811550"><ele>1841.0</ele></trkpt>
      <trkpt lat="42.679420" lon="0.810830"><ele>1829.0</ele></trkpt>
      <trkpt lat="42.680310" lon="0.810620"><ele>1817.0</ele></trkpt>
      <trkpt lat="42.680710" lon="0.810260"><ele>1803.0</ele></trkpt>
      <trkpt lat="42.681900" lon="0.808490"><ele>1754.0</ele></trkpt>
      <trkpt lat="42.682500" lon="0.807740"><ele>1733.0</ele></trkpt>
      <trkpt lat="42.683090" lon="0.806580"><ele>1705.0</ele></trkpt>
      <trkpt lat="42.683710" lon="0.804730"><ele>1661.0</ele></trkpt>
      <trkpt lat="42.684110" lon="0.804220"><ele>1645.0</ele></trkpt>
      <trkpt lat="42.684350" lon="0.803050"><ele>1617.0</ele></trkpt>
      <trkpt lat="42.684720" lon="0.802160"><ele>1598.0</ele></trkpt>
      <trkpt lat="42.685830" lon="0.800940"><ele>1574.0</ele></trkpt>
      <trkpt lat="42.685930" lon="0.800600"><ele>1567.0</ele></trkpt>
      <trkpt lat="42.686260" lon="0.800170"><ele>1557.0</ele></trkpt>
      <trkpt lat="42.686940" lon="0.799630"><ele>1532.0</ele></trkpt>
      <trkpt lat="42.687270" lon="0.799520"><ele>1520.0</ele></trkpt>
      <trkpt lat="42.688300" lon="0.798350"><ele>1467.0</ele></trkpt>
      <trkpt lat="42.689360" lon="0.797640"><ele>1431.0</ele></trkpt>
      <trkpt lat="42.689620" lon="0.797560"><ele>1426.0</ele></trkpt>
      <trkpt lat="42.690180" lon="0.797030"><ele>1419.0</ele></trkpt>
      <trkpt lat="42.689880" lon="0.798300"><ele>1402.0</ele></trkpt>
      <trkpt lat="42.689850" lon="0.798820"><ele>1388.0</ele></trkpt>
      <trkpt lat="42.690040" lon="0.798810"><ele>1380.0</ele></trkpt>
      <trkpt lat="42.689920" lon="0.799590"><ele>1362.0</ele></trkpt>
      <trkpt lat="42.690140" lon="0.799490"><ele>1353.0</ele></trkpt>
      <trkpt lat="42.690230" lon="0.799550"><ele>1346.0</ele></trkpt>
      <trkpt lat="42.690130" lon="0.800060"><ele>1338.0</ele></trkpt>
      <trkpt lat="42.690160" lon="0.800530"><ele>1326.0</ele></trkpt>
      <trkpt lat="42.690780" lon="0.799940"><ele>1306.0</ele></trkpt>
      <trkpt lat="42.691840" lon="0.799320"><ele>1268.0</ele></trkpt>
      <trkpt lat="42.692810" lon="0.798240"><ele>1251.0</ele></trkpt>
      <trkpt lat="42.693890" lon="0.797600"><ele>1212.0</ele></trkpt>
      <trkpt lat="42.695590" lon="0.795830"><ele>1166.0</ele></trkpt>
      <trkpt lat="42.695640" lon="0.795650"><ele>1166.0</ele></trkpt>
      <trkpt lat="42.695570" lon="0.795120"><ele>1165.0</ele></trkpt>
      <trkpt lat="42.696050" lon="0.795360"><ele>1145.0</ele></trkpt>
      <trkpt lat="42.696390" lon="0.795870"><ele>1127.0</ele></trkpt>
      <trkpt lat="42.696590" lon="0.795810"><ele>1119.0</ele></trkpt>
      <trkpt lat="42.696770" lon="0.795290"><ele>1116.0</ele></trkpt>
      <trkpt lat="42.697000" lon="0.795100"><ele>1106.0</ele></trkpt>
      <trkpt lat="42.696660" lon="0.794600"><ele>1101.0</ele></trkpt>
      <trkpt lat="42.696760" lon="0.794220"><ele>1084.0</ele></trkpt>
      <trkpt lat="42.696390" lon="0.793320"><ele>1067.0</ele></trkpt>
      <trkpt lat="42.696400" lon="0.792610"><ele>1046.0</ele></trkpt>
      <trkpt lat="42.696870" lon="0.793170"><ele>1041.0</ele></trkpt>
      <trkpt lat="42.698250" lon="0.794090"><ele>1022.0</ele></trkpt>
      <trkpt lat="42.699171" lon="0.794233"><ele>1003.0</ele></trkpt>
      <trkpt lat="42.699670" lon="0.794165"><ele>999.0</ele></trkpt>
      <trkpt lat="42.700070" lon="0.794294"><ele>993.0</ele></trkpt>
      <trkpt lat="42.700537" lon="0.794606"><ele>986.0</ele></trkpt>
      <trkpt lat="42.700200" lon="0.795445"><ele>986.0</ele></trkpt>
      <trkpt lat="42.700425" lon="0.795923"><ele>980.0</ele></trkpt>
      <trkpt lat="42.700002" lon="0.796517"><ele>982.0</ele></trkpt>
      <trkpt lat="42.700730" lon="0.797497"><ele>975.0</ele></trkpt>
      <trkpt lat="42.700905" lon="0.797075"><ele>974.0</ele></trkpt>
      <trkpt lat="42.701804" lon="0.795807"><ele>973.0</ele></trkpt>
    </trkseg>
  </trk>
</gpx>
